cik,name
107136,&PARTNERS
1641761,1 NORTH WEALTH SERVICES LLC
2133991,"1015 Capital Partners, LLC"
1602119,"1060 Capital, LLC"
2056650,10Elms LLP
1801172,11 Capital Partners LP
2072160,"11.2 Capital Management, LLC"
2060412,111 Capital
1540531,12 West Capital Management LP
2011147,"1248 Management, LLC"
1633703,"12th Street Asset Management Company, LLC"
1600133,13D Management LLC
1820788,140 Summer Partners LP
1584087,1492 Capital Management LLC
1436866,"1607 Capital Partners, LLC"
1907281,"1620 INVESTMENT ADVISORS, INC."
1727407,"17 CAPITAL PARTNERS, LLC"
1803140,1776 Wealth LLC
2077902,180 GPS Investments IC Ltd
1730817,"180 WEALTH ADVISORS, LLC"
944388,1832 Asset Management L.P.
1138486,1834 INVESTMENT ADVISORS CO
1885092,"1888 Investments, LLC"
1791996,1900 WEALTH MANAGEMENT LLC
1584289,1922 Investment Co LLC
356264,1ST SOURCE BANK
2067541,21 West Wealth Management LLC
2075659,22C Capital LLC
1694297,"22NW, LP"
1968777,25 LLC
1950972,26North Partners LP
1843587,2Xideas AG
2135169,"3 FACTOR INDEXING, LLC"
1873893,325 CAPITAL LLC
1802324,"360 Financial, Inc."
1978521,"3Chopt Investment Partners, LLC"
1665605,"3EDGE Asset Management, LP"
1421669,3G Capital Partners LP
1831187,44 WEALTH MANAGEMENT LLC
2112665,46 Peaks LLC
2022291,"49 WEALTH MANAGEMENT, LLC"
1938268,"4D Advisors, LLC"
1840775,4J Wealth Management LLC
1840261,4Thought Financial Group Inc.
2056676,"4WEALTH ADVISORS, INC."
1636974,53 HOUSE LLP
2106457,"55 North Private Wealth, LLC"
1805589,"59 North Capital Management, LP"
1799883,"5AM Venture Management, LLC"
2039313,"5T Wealth, LLC"
1911026,"5th Street Advisors, LLC"
1911035,"626 Financial, LLC"
1404574,"683 Capital Management, LLC"
2102803,"6th Street Advisors, LLC"
2111530,71 West Capital Partners
1832749,"72 Investment Holdings, LLC"
1720350,"7G CAPITAL MANAGEMENT, LLC"
1667766,"8VC GP I, LLC"
2112320,"93 Financial Group, LLC"
1982920,"9823 Capital, L.P."
1728031,"A&I FINANCIAL SERVICES, LLC"
1569102,"A. D. Beadell Investment Counsel, Inc."
1540358,"a16z Capital Management, L.L.C."
2009275,"a16z Perennial Management, L.P."
2033987,A4 Wealth Advisors LLC
2016899,"AA Financial Advisors, LLC"
1726609,"AAF Wealth Management, LLC"
1846160,AAFMAA Wealth Management & Trust LLC
1812198,Aaron Wealth Advisors LLC
1604903,Abacus FCF Advisors LLC
1602730,"Abacus Planning Group, Inc."
1978011,"Abacus Wealth Partners, LLC"
2088867,ABBINGTON INVESTMENT GROUP
1714341,"Abbot Financial Management, Inc."
2049221,ABC ARBITRAGE SA
1578684,"Abdiel Capital Advisors, LP"
2013339,"Abel Hall, LLC"
1716774,Aberdeen Group plc
1802654,Aberdeen Wealth Management LLC
1845297,ABG Innovation Capital Partners III GP Ltd
1832108,ABG-WTT Global Life Science Capital Partners GP Ltd
1977500,"ABLE Financial Group, LLC"
2011908,Able Wealth Management LLC
2013713,"ABLES, IANNONE, MOORE & ASSOCIATES, INC."
1561082,ABN AMRO Bank N.V.
2080520,ABN AMRO INVESTMENT SOLUTIONS
1038661,ABNER HERRMAN & BROCK LLC
2024264,"ABOUND FINANCIAL, LLC"
1950323,Abound Wealth Management
1317588,"ABRAMS BISON INVESTMENTS, LLC"
1358706,"ABRAMS CAPITAL MANAGEMENT, L.P."
1729347,ABS Direct Equity Fund LLC
1802534,"ABSHER WEALTH MANAGEMENT, LLC"
1817648,"ABSOLUTE CAPITAL MANAGEMENT, LLC"
1622610,Absolute Gestao de Investimentos Ltda.
1316187,"ABSOLUTE INVESTMENT ADVISERS, LLC"
1847566,Absoluto Partners Gestao de Recursos Ltda
1814011,Abu Dhabi Investment Council Co P.J.S.C
1767080,Abundance Wealth Counselors
1031972,ACADEMY CAPITAL MANAGEMENT
916542,ACADIAN ASSET MANAGEMENT LLC
2090007,Acasta Partners UK LLP
1767987,Accel Growth Fund V Associates L.L.C.
1832690,Accel Leaders 3 Associates L.P.
1923783,Accel Leaders 4 Associates L.P.
1838226,Accel Wealth Management
1535603,Accel XI Associates L.L.C.
2035216,Accelerate Investment Advisors LLC
2014179,"Accent Capital Management, LLC"
1699622,"ACCESS FINANCIAL SERVICES, INC."
2010477,Access Investment Management LLC
2013499,Accordant Advisory Group Inc
769954,ACCOUNT MANAGEMENT LLC
2028621,"ACCREDITED INVESTOR SERVICES, LLC"
1518364,Accredited Investors Inc.
1844444,"Accretive Wealth Partners, LLC"
1877728,"Accurate Wealth Management, LLC"
1497637,Accuvest Global Advisors
1697765,Achmea Investment Management B.V.
1761961,"ACIMA PRIVATE WEALTH, LLC"
1510940,ACK Asset Management LLC
2067071,"Ackerman Asset Management, LLC"
1699506,"Ackerman Capital Advisors, LLC"
1803200,"ACME, LLC"
2054410,"ACORN CAPITAL ADVISORS, LLC"
1994827,ACORN CREEK CAPITAL LLC
1018561,ACORN FINANCIAL ADVISORY SERVICES INC /ADV
1730610,"Acorn Wealth Advisors, LLC"
1701879,"Acorns Advisers, LLC"
1508822,"ACR Alpine Capital Research, LLC"
1318601,"Acropolis Investment Management, LLC"
1842554,"ACT Advisors, LLC."
1442273,"ACT CAPITAL MANAGEMENT, LLC"
1766907,Act Two Investors LLC
1814191,"ACT WEALTH MANAGEMENT, LLC"
2116119,"ACTION POINT FINANCIAL PLANNING, LLC"
1883134,Activest Wealth Management
1524828,"Acuitas Investments, LLC"
1939202,"Acumen Wealth Advisors, LLC"
1582844,"ACUTA CAPITAL PARTNERS, LLC"
1944780,"ACUTE INVESTMENT ADVISORY, LLC"
1165408,"ADAGE CAPITAL PARTNERS GP, L.L.C."
1698926,Adalta Capital Management LLC
1386929,"Adams Asset Advisors, LLC"
2230,"ADAMS DIVERSIFIED EQUITY FUND, INC."
216851,"ADAMS NATURAL RESOURCES FUND, INC."
1193586,ADAMS STREET PARTNERS LLC
1803084,Adams Wealth Management
1911244,ADAMSBROWN WEALTH CONSULTANTS LLC
2029917,ADAPT Investment Managers SA
2013937,"ADAPT WEALTH ADVISORS, LLC"
1804717,"Adaptive Financial Consulting, LLC"
1940272,"ADAR1 Capital Management, LLC"
1569411,Addenda Capital Inc.
2016470,"Addis & Hill, Inc"
1843745,Addison Advisors LLC
1581465,Addison Capital Co
1845950,"ADE, LLC"
1067926,Adelante Capital Management LLC
1134152,ADELL HARRIMAN & CARPENTER INC
2106968,Adelphi Trust Co
2053824,"ADG Wealth Management Group, LLC"
2107623,"Adirondack Capital Advisors, LLC"
1054257,ADIRONDACK TRUST CO
1536029,"Advance Capital Management, Inc."
1075444,Advanced Asset Management Advisors Inc
2488,ADVANCED MICRO DEVICES INC
2009346,Advantage Trust Co
2056686,Advaya LLP
1097278,ADVENT CAPITAL MANAGEMENT /DE/
1034196,"Advent International, L.P."
1103139,ADVENTIST HEALTH SYSTEM SUNBELT HEALTHCARE CORP
1802516,Adventist Health System/ West
1998980,"AdviceOne Advisory Services, LLC"
1767580,"Advisor OS, LLC"
1820879,Advisor Resource Council
1409362,"AdvisorNet Financial, Inc"
1297376,"Advisors Asset Management, Inc."
1345576,"Advisors Capital Management, LLC"
842766,ADVISORS MANAGEMENT GROUP INC /ADV
1598841,"Advisors Preferred, LLC"
1425930,AdvisorShares Investments LLC
2115523,"ADVISORTRUST PARTNERS, LLC"
2111697,"Advisory Advocates, LLC"
1576762,"Advisory Alpha, LLC"
902584,ADVISORY RESEARCH INC
1764968,Advisory Resource Group
1573876,"Advisory Services Network, LLC"
1569452,"Advocacy Wealth Management, LLC"
1853401,ADVOCATE GROUP LLC
2110509,Advocate Investing Services LLC
2011872,"Advyzon Investment Management, LLC"
1745214,"ADW Capital Management, LLC"
1880785,"AE INDUSTRIAL PARTNERS, LP"
1697723,AE Wealth Management LLC
1140753,AEGIS FINANCIAL CORP
1628818,Aegis Wealth Management LLC
2096565,"Aegis Wealth Management, Inc."
1539994,AEGON ASSET MANAGEMENT UK Plc
1454937,"AEGON USA Investment Management, LLC"
1728201,Aequim Alternative Investments LP
1927705,"Aerodigm Wealth, LLC"
1046187,AEW CAPITAL MANAGEMENT L P
1818044,"AF Advisors, Inc."
1885432,AFBI LP
1723681,"Affiance Financial, LLC"
1773195,"Affinity Asset Advisors, LLC"
1810023,"Affinity Capital Advisors, LLC"
1520601,"AFFINITY INVESTMENT ADVISORS, LLC"
2059583,Affinity Partners GP LP
810672,AFFINITY WEALTH MANAGEMENT LLC
1907820,AFG FIDUCIARY SERVICES LIMITED PARTNERSHIP
4977,Aflac Inc
1512073,"AFT, FORSYTH & COMPANY, INC."
1566801,"Aft, Forsyth & Sober, LLC"
1625008,"AG Asset Advisory, LLC"
2110880,"AG Campbell Advisory, LLC"
2047606,AG2R LA MONDIALE GESTION D'ACTIFS
1900409,"Agate Pass Investment Management, LLC"
2099846,Agave Capital Management Ltd
1003518,AGF MANAGEMENT LTD
2061010,"AGH Wealth Advisors, LLC"
2107832,AGMAN CAPITAL LLC
2056566,"AGP FRANKLIN, LLC"
2116771,Ahara Advisors LLC
1933952,AI-Squared Management Ltd
1522877,AIA Group Ltd
1741224,"Aigen Investment Management, LP"
1835943,AIGH Capital Management LLC
2103725,AIHC Capital Management Ltd
2005403,Aikya Investment Management Ltd
1630365,"AIMZ Investment Advisors, LLC"
1714498,"AIP, LLC"
1908177,"AIRE ADVISORS, LLC"
1766721,Aisling Capital Management LP
1951167,"AJ Advisors, LLC"
1710065,"AJU IB Investment Co., Ltd."
2105908,"AK GLOBAL ASSET MANAGEMENT, LLC"
1376879,AKO CAPITAL LLP
1112520,AKRE CAPITAL MANAGEMENT LLC
1529090,AKUNA SECURITIES LLC
1859677,"Alaethes Wealth, LLC"
1846995,"Alamar Capital Management, LLC"
1727645,Alamea Verwaltungs GmbH
2088424,Alamut Investment Management LLP
1897835,"Alan B Lancz & Associates, Inc."
1426771,"Alaska Permanent Capital Management, LLC"
1582681,Alaska Permanent Fund Corp
1731601,"Alaska Wealth Advisors, LLC"
2034565,Albar Capital Partners LLP
1169318,ALBERT D MASON INC
1463559,Alberta Investment Management Corp
1054677,ALBION FINANCIAL GROUP /UT
2110606,"Alchemi Wealth, LLC"
1842509,"Alcosta Capital Management, Inc."
1448430,"Aldebaran Capital, LLC"
1353110,Aldebaran Financial Inc.
1616882,Alden Global Capital LLC
1484429,Alecta Tjanstepension Omsesidigt
919458,ALERUS FINANCIAL NA
1269978,"Alesco Advisors, LLC, An ESL Co"
2132506,"Alessandra Capital Management, LLC"
1549408,"ALETHEA CAPITAL MANAGEMENT, LLC"
1922281,Aletheian Wealth Advisors LLC
2024333,"ALEXANDER LABRUNERIE & CO., INC."
874816,"Alexander Randolph Advisory, Inc."
2054271,"Alexis Investment Partners, LLC"
1873435,Alfreton Capital LLP
1700286,ALGEBRIS (UK) LTD
1275218,ALGERT GLOBAL LLC
1806628,"Algorithmic Investment Models, LLC"
1802696,Alhambra Investment Management LLC
1577552,Alibaba Group Holding Ltd
1651473,Alight Capital Management LP
2089183,"Align Financial, LLC"
1731260,"Aljian Capital Management, LLC"
1629996,Alken Asset Management Ltd
1230239,ALKEON CAPITAL MANAGEMENT LLC
1731358,"All Terrain Financial Advisors, LLC"
1633603,All-Stars Investment Ltd
1844148,Allegheny Financial Group
1964068,Allegiance Financial Group Advisory Services LLC
1601384,"Allen Capital Group, LLC"
919489,ALLEN HOLDING INC /NY
1326234,"Allen Investment Management, LLC"
2001461,Allen Mooney & Barnes Investment Advisors LLC
1389544,ALLEN OPERATIONS LLC
2012003,"ALLEN WEALTH MANAGEMENT, LLC"
1917618,"Alley Investment Management Company, LLC"
2109849,"Alliance Private Wealth, LLC"
1849724,"Alliance Wealth Advisors, LLC"
1893261,"Alliance Wealth Advisors, LLC /UT"
1623707,Alliance Wealth Management Group
2106763,"Alliance Wealth Strategies, LLC d/b/a Brown Edwards Wealth Strategies"
1109448,ALLIANCEBERNSTEIN L.P.
1535323,Allianz Asset Management GmbH
1127508,Allianz SE
1908612,Allie Family Office LLC
1729869,"Allied Investment Advisors, LLC"
2067277,"ALLIUM FINANCIAL ADVISORS, LLC"
2052983,"Allodium Investment Consultants, LLC"
1765885,"Allred Capital Management, LLC"
1890906,"Allspring Global Investments Holdings, LLC"
899051,ALLSTATE CORP
1555170,Allworth Financial LP
1822947,Ally Bridge Group (NY) LLC
40729,Ally Financial Inc.
1706013,Ally Invest Advisors Inc.
1950054,"ALM First Financial Advisors, LLC"
1680613,"Almanack Investment Partners, LLC."
1596468,Almitas Capital LLC
2062492,AlpenGlobal Capital LLC
2095967,"Alpha Advisors, LLC/VA"
1027694,ALPHA CAPITAL ADVISORS INC /ADV
1568991,Alpha Family Trust
1972138,"Alpha Financial Advisors, LLC"
1966219,Alpha Financial Partners LLC
1665633,Alpha Omega Wealth Management LLC
1558858,"Alpha Wave Global, LP"
2059327,"Alpha Wealth Funds, LLC"
2079032,Alpha Zero LLC
1652044,Alphabet Inc.
1913464,AlphaCentric Advisors LLC
1713662,AlphaCore Capital LLC
1535943,Alphadyne Asset Management LP
1883897,AlphaQuest LLC
1633857,"AlphaStar Capital Management, LLC"
1731012,Alphinity Investment Management Pty Ltd
1396835,ALPINE ASSOCIATES MANAGEMENT INC.
1974910,Alpine Bank Wealth Management
2096493,Alpine Fox Capital LLC
1581655,"Alpine Global Management, LLC"
1964631,Alpine Investment Management Ltd
1906602,"Alpine Peaks Capital, LP"
1226886,"ALPINE WOODS CAPITAL INVESTORS, LLC"
1512910,AlpInvest Partners B.V.
1376113,ALPS ADVISORS INC
1536114,Alta Advisers Ltd
1093589,ALTA CAPITAL MANAGEMENT LLC/
1858353,"ALTA FOX CAPITAL MANAGEMENT, LLC"
1641604,Alta Fundamental Advisers LLC
1621855,"Alta Park Capital, LP"
2054419,"Alta Partners Management Company, L.P."
1843826,Alta Wealth Advisors LLC
1478982,"Altai Capital Management, L.P."
1631014,ALTAROCK PARTNERS LP
2054980,Alteri Wealth LLC
1767699,"ALTERNA WEALTH MANAGEMENT, INC"
2009486,"Alternative Investment Advisors, LLC."
712050,ALTFEST L J & CO INC
1838615,"AlTi Global, Inc."
1541617,"Altimeter Capital Management, LP"
1986156,"Altiora Financial Group, LLC"
1746382,Altium Capital Management LLC
2131949,Altium Investment Strategies LLC
1731671,"Altman Advisors, Inc."
1881755,"ALTOS VENTURES MANAGEMENT, INC."
2110313,Altrafin AG
1740837,"AltraVue Capital, LLC"
1167388,ALTRINSIC GLOBAL ADVISORS LLC
1940646,Altrius Capital Management Inc
1324290,Altshuler Shaham Ltd
1931465,Altura Wealth Advisors Inc.
1842572,Altus Wealth Group LLC
1802107,"Altus Wealth Management, LLC"
1827442,Alua Capital Management LP
2109121,"Alvarez & Marsal Private Wealth Partners, LLC"
1453072,"Alyeska Investment Group, L.P."
1818897,AM INVESTMENT STRATEGIES LLC
919192,AMALGAMATED BANK
2076121,Amanah Holdings Trust
1660773,AMANSA CAPITAL PTE. LTD.
1934965,"AMARA FINANCIAL, LLC."
1053013,AMARILLO NATIONAL BANK
1018724,AMAZON COM INC
1910168,Ameliora Wealth Management Ltd.
1772954,"Ameraudi Asset Management, Inc."
1308778,"America First Investment Advisors, LLC"
6201,American Airlines Group Inc.
2041441,"American Alpha Advisors, LLC"
1569454,AMERICAN ASSET MANAGEMENT INC.
885118,AMERICAN ASSETS INC
1389256,"American Assets Investment Management, LLC"
908758,"American Beacon Advisors, Inc."
2018007,"American Capital Advisory, LLC"
1320168,AMERICAN CAPITAL MANAGEMENT INC
748054,AMERICAN CENTURY COMPANIES INC
4962,AMERICAN EXPRESS CO
2029723,"American Family Investments, Inc."
911927,AMERICAN FINANCIAL & TAX STRATEGIES INC
1767898,"American Financial Advisors, LLC"
1042046,AMERICAN FINANCIAL GROUP INC
943719,AMERICAN FINANCIAL GROUP INC 401(K) RETIREMENT & SAVINGS PLAN
1805824,"American Institute for Advanced Investment Management, LLP"
5272,"AMERICAN INTERNATIONAL GROUP, INC."
1369913,"American Investment Services, Inc."
1600085,"American Money Management, LLC"
1272164,AMERICAN NATIONAL BANK & TRUST
2086953,American National Bank of Texas
1475483,AMERICAN SECURITIES LLC
2122473,American State Bank (Iowa)
1905128,American Trust
1291424,"American Trust Investment Advisors, LLC"
2095589,"American Wealth Advisors, LLC"
1797678,"Americana Partners, LLC"
2057637,"AMERIFLEX GROUP, INC."
820027,AMERIPRISE FINANCIAL INC
1102062,AmeriServ Wealth Advisors
1901275,"Ameritas Advisory Services, LLC"
1055980,"Ameritas Investment Partners, Inc."
1132651,AMES NATIONAL CORP
1553562,AMF Tjanstepension AB
2113282,"AMG Asset Management Group, Inc."
1388829,AMG National Trust Bank
1369702,AMI ASSET MANAGEMENT CORP
1122241,AMI INVESTMENT MANAGEMENT INC
857508,AMICA MUTUAL INSURANCE CO
2113629,"Amicus Financial Advisors, LLC"
1828064,AMIRAL GESTION
1807559,Amitell Capital Pte Ltd
1801585,AMJ Financial Wealth Management
1480751,"Amova Asset Management Americas, Inc."
2059671,"Ampersand Capital Group, L.P."
1853635,"Ampfield Management, L.P."
1632494,"Amplify Investments, LLC"
1900584,"Amplius Wealth Advisors, LLC"
1717977,AMS Capital Ltda
1365555,"Amtrust Financial Services, Inc."
1330387,Amundi
1822480,"Anabranch Capital Management, LP"
1753384,Analog Century Management LP
1634208,Analyst IMS Investment Management Services Ltd.
2037077,"Ananym Capital Management, LP"
1693745,Anatole Investment Management Ltd
2067126,ANB BANK
1993962,Anchor @ 65 Pte. Ltd.
813933,ANCHOR CAPITAL ADVISORS LLC
2009885,"ANCHOR CAPITAL MANAGEMENT COMPANY, LLC"
894119,Anchor Capital Management Group Inc
1634149,"Anchor Investment Management, LLC"
2007642,"Anchorage Capital Advisors, L.P."
1300714,"Anchorage Capital Group, L.L.C."
2107106,ANCHYRA PARTNERS LLC
1426749,"Ancient Art, L.P."
1446114,Ancora Advisors LLC
1805591,Andar Capital Management HK Ltd
1757283,ANDERA PARTNERS
2018166,"Anderson Financial Strategies, LLC"
791191,ANDERSON HOAGLAND & CO
1919158,"Andina Capital Management, LLC"
1535452,Andra AP-fonden
1897071,"Andrew Hill Investment Advisors, Inc."
2110646,"Andrews Advisory Associates, LLC"
1906227,"ANDREWS, LUCIA WEALTH MANAGEMENT LLC"
1602020,"Anfield Capital Management, LLC"
1613158,"Angel Oak Capital Advisors, LLC"
1535695,"Angeles Investment Advisors, LLC"
1929170,"ANGELES WEALTH MANAGEMENT, LLC"
2053917,"Ankerstar Wealth, LLC"
1811739,"Annandale Capital, LLC"
1542287,"Annex Advisory Services, LLC"
1998414,"Annis Gardner Whiting Capital Advisors, LLC"
1817534,"Anomaly Capital Management, LP"
1906003,"Anson Capital, Inc."
1491072,Anson Funds Management LP
2126503,Anther Capital Ltd
1809930,"Anthracite Investment Company, Inc."
1652442,ANTIPODES PARTNERS Ltd
2055364,"Antonelli Financial Advisors, LLC"
1568541,"AOZORA BANK, LTD."
1843111,APEIRON CAPITAL Ltd
1801846,Apeiron RIA LLC
1801507,"Apella Capital, LLC"
1787596,"Aperture Investors, LLC"
2056695,"Apex Wealth Management, LLC"
1434819,APG Asset Management N.V.
1323255,APG Asset Management US Inc.
1386892,"Apis Capital Advisors, LLC"
1449434,"Apollo Management Holdings, L.P."
2011195,"Apollon Financial, LLC"
1764387,"Apollon Wealth Management, LLC"
2111450,Appalachian Capital Management Ltd
1656456,APPALOOSA LP
1795816,Appian Way Asset Management LP
1055290,APPLETON PARTNERS INC/MA
1862965,Applied Capital LLC
1965393,Applied Capital LLC/FL
1966007,"Applied Finance Capital Management, LLC"
1849776,"Applied Fundamental Research, LLC"
2106948,"Approach Retirement Advisors, LLC"
1913842,"apricus wealth, LLC"
1425165,Apriem Advisors
1803519,"Aprio Wealth Management, LLC"
1914985,"APS Management Group, Inc."
1664193,"Aptus Capital Advisors, LLC"
1167456,AQR Arbitrage LLC
1167557,AQR CAPITAL MANAGEMENT LLC
2104187,Aquamarine Financial (Cayman) Ltd
1953324,Aquamarine Zurich AG
1803916,Aquatic Capital Management LLC
1745945,"Aquire Wealth Advisors, LLC"
1080166,AR ASSET MANAGEMENT INC
1991518,"Aragon Global Management, LP"
1768757,Ararat Capital Management LP
1586767,Arax Advisory Partners
2105395,Arbejdsmarkedets Tillaegspension
1513193,Arbiter Partners Capital Management LLC
1027570,ARBOR CAPITAL MANAGEMENT INC /ADV
1590073,"Arbor Investment Advisors, LLC"
1797135,"ARBOR TRUST WEALTH ADVISORS, LLC"
2009890,Arbor Wealth Advisors LLC
2054674,"ArborFi Advisors, LLC"
2047860,ARCADIA INVESTMENT ADVISORS LLC
1016972,ARCADIA INVESTMENT MANAGEMENT CORP/MI
2059339,"Arcadia Wealth Management, Inc."
1964226,"Arcadia Wealth Management, LLC"
1987321,Arcataur Capital Management LLC
947484,ARCH CAPITAL GROUP LTD.
2126837,"Arch Global Advisors, LLC"
1274403,"ARCH Venture Management, LLC"
1803804,Archer Investment Corp
2052868,"Archer Investment Management, LLC"
1606609,"Archford Capital Strategies, LLC"
1398825,Archon Capital Management LLC
1454424,Archon Partners LLC
1483472,ArchPoint Investors
1910174,"Archvest Wealth Advisors, Inc."
1651960,"Arcus Capital Partners, LLC"
1888792,"Ardent Capital Management, Inc."
1835730,Ardmore Road Asset Management LP
900529,ARDSLEY ADVISORY PARTNERS LP
1833078,"Arena Capital Advisors, LLC- CA"
2106717,"Ares Financial Consulting, LLC"
1259313,ARES MANAGEMENT LLC
2135379,Ares Systematic Credit Ltd
1600151,"Arete Wealth Advisors, LLC"
1800261,"AREX Capital Management, LP"
1556915,"ARGA Investment Management, LP"
1426851,"Argent Advisors, Inc."
1120926,ARGENT CAPITAL MANAGEMENT LLC
1625292,Argent Trust Co
2030055,"Argentarii, LLC"
2104895,"Argo Wealth Advisory, LLC"
1931870,"ARGONAUTICA PRIVATE WEALTH MANAGEMENT, INC"
1809154,"Argos Wealth Advisors, LLC"
2056354,"Argosy-Lionbridge Management, LLC"
7195,"ARGUS INVESTORS' COUNSEL, INC."
1321194,"Argyle Capital Management, LLC"
2079995,"Argyle Capital Partners, LLC"
2034793,"Ariadne Wealth Management, LP"
936753,"ARIEL INVESTMENTS, LLC"
1729515,Aries Wealth Management
2056819,Arini Captial Management Ltd
1665925,Ariose Capital Management Ltd
1964758,"Arista Wealth Management, LLC"
1080171,"ARISTEIA CAPITAL, L.L.C."
1595521,Aristides Capital LLC
1743859,Ariston Services Group
1697267,"Aristotle Atlantic Partners, LLC"
1633911,"Aristotle Capital Boston, LLC"
860644,"Aristotle Capital Management, LLC"
1844577,"Aristotle Pacific Capital, LLC"
1565332,Arizona PSPRS Trust
1558481,ARIZONA STATE RETIREMENT SYSTEM
1703208,Arjuna Capital
2013188,"ARK & TLK INVESTMENTS, LLC"
1697748,ARK Investment Management LLC
2110109,Ark Wealth Advisors LLC
1800798,Arkadios Wealth Advisors
764611,"ARKANSAS FINANCIAL GROUP, INC."
1789382,"Arkfeld Wealth Strategies, L.L.C."
1769089,Arkos Global Advisors
1606507,"Arlington Capital Management, Inc."
1716539,"Arlington Financial Advisors, LLC"
1389848,Arlington Partners LLC
1997685,Arlington Trust Co LLC
1664847,"Armbruster Capital Management, Inc."
1601086,"ARMISTICE CAPITAL, LLC"
1600698,"ARMOR ADVISORS, L.L.C."
1694079,"Armor Investment Advisors, LLC"
1932952,"ARMSTRONG ADVISORY GROUP, INC"
1056827,ARMSTRONG HENRY H ASSOCIATES INC
1990099,"Armstrong, Fleming & Moore, Inc"
1733755,Arnhold LLC
2107020,Arnold Financial Planning LLC
2043756,Arohi Asset Management PTE Ltd.
1596053,Arosa Capital Management LP
2074760,ARP Global Capital Ltd
1811827,"ARQ WEALTH ADVISORS, LLC"
2052048,"ARRIEN INVESTMENTS, INC."
2087115,"Arrington Capital Management, LLC"
1389082,"Arrow Capital Management, LLC"
2005134,Arrow Capital Pty Ltd
717538,Arrow Financial Corp
1378410,"Arrow Investment Advisors, LLC"
1483859,ArrowMark Colorado Holdings LLC
2032331,Arrowpoint Investment Partners (Singapore) Pte. Ltd.
2017744,"Arrowroot Family Office, LLC"
1164508,"ARROWSTREET CAPITAL, LIMITED PARTNERSHIP"
733020,"ARS Investment Partners, LLC"
1886707,"ARS Wealth Advisors Group, LLC"
2109474,Arsenal Capital Advisors LLC
2099257,Arta Finance Wealth Management LLC
1053906,Artal Group S.A.
1535385,Artemis Investment Management LLP
1767435,"Artemis Wealth Advisors, LLC"
2109808,"Artesa Financial Group, LLC"
1846503,"Arthedge Capital Management, LLC"
1692252,"ARTHUR M. COHEN & ASSOCIATES, LLC"
1937964,Artia Global Partners LP
1466153,Artisan Partners Limited Partnership
1625959,Arvest Bank Trust Division
1025038,"ARVEST INVESTMENTS, INC."
1961738,Arvin Capital Management LP
2113621,ARWA LLC
1564835,"ASAHI LIFE ASSET MANAGEMENT CO., LTD."
1689227,"Ascension Capital Advisors, Inc."
2109853,"Ascent Advisors, LLC"
1913231,"Ascent Group, LLC"
1546865,"Ascent Wealth Partners, LLC"
1845003,Ascentis Independent Advisors
2032602,"Ascentis Wealth Management, LLC"
2099967,Asempa Wealth Advisors
1632715,"Ashe Capital Management, LP"
1861158,"Ashford Advisors, LLC"
897070,ASHFORD CAPITAL MANAGEMENT INC
2031708,Ashoka WhiteOak Capital Pte Ltd
2019663,"Ashton Thomas Private Wealth, LLC"
771572,"ASHTON THOMAS SECURITIES, LLC"
1803291,"Asio Capital, LLC"
2056598,"ASK CAPITAL MANAGEMENT, LLC"
2105933,"ASL Financial, LLC"
2108771,ASO GROUP Ltd
2111529,"Aspect Management, LLC"
1985284,"Aspect Partners, LLC"
2065974,"Aspen Capital Management, LLC"
1806027,"Aspen Grove Capital, LLC"
1541596,Aspen Investment Management Inc
1895252,Aspen Wealth Management LLC
1972517,"Aspen Wealth Strategies, LLC"
2048608,Aspetuck Financial Management LLC
1768375,Aspex Management (HK) Ltd
1906014,Aspire Capital Advisors LLC
2055568,Aspire Growth Partners LLC
1767340,"Aspire Private Capital, LLC"
2110285,"Aspirean Wealth, LLC"
1433541,"ASPIRIANT, LLC"
1738640,"Aspiring Ventures, LLC"
1916757,ASR Vermogensbeheer N.V.
1546007,Assenagon Asset Management S.A.
1756695,"Asset Advisors Investment Management, LLC"
2110402,"Asset Advisory Group, Inc."
1498383,"Asset Allocation & Management Company, LLC"
1922879,Asset Allocation Strategies LLC
1475896,"Asset Dedication, LLC"
1596355,"Asset Management Advisors, LLC"
1511550,"Asset Management Group, Inc."
1068855,"Asset Management One Co., Ltd."
2110759,Asset One Wealth Management LLC
811407,ASSET PLANNING SERVICES INC /LA/ /ADV
2048547,"Asset Planning,Inc"
1870300,Asset Value Investors Ltd
1344551,"ASSETMARK, INC"
7789,Associated Banc-Corp
2055492,"AssuredPartners Investment Advisors, LLC"
2040915,Aster Capital Management (DIFC) Ltd
1931642,Astoria Portfolio Advisors LLC.
1777914,"Astoria Strategic Wealth, Inc."
2054825,Astra Wealth Partners LLC
1671122,"Atairos Group, Inc."
1671176,"Atairos Partners GP, Inc."
2053756,Atala Financial Inc
1662906,"Atalan Capital Partners, LP"
700529,"ATALANTA SOSNOFF CAPITAL, LLC"
1741369,"Ategra Capital Management, LLC"
1921093,Athena Investment Management
2128243,"Athena Wealth Management, LLC"
1681662,Athos Capital Ltd
1599731,Atika Capital Management LLC
1423065,Ativo Capital Management LLC
2019038,"Atlanta Consulting Group Advisors, LLC"
2011145,"Atlantic Edge Private Wealth Management, LLC"
2012511,"ATLANTIC FAMILY WEALTH, LLC"
1063296,"ATLANTIC INVESTMENT MANAGEMENT, INC."
1893143,"Atlantic Private Wealth, LLC"
883948,Atlantic Union Bankshares Corp
1388168,"Atlas Brown,Inc."
1434165,ATLAS CAPITAL ADVISORS INC.
2110886,ATLas Financial Planning LLC
1879898,Atlas FRM LLC
1924953,ATLAS Infrastructure Partners (UK) Ltd.
2054111,"Atlas Legacy Advisors, LLC"
1945789,Atlas Merchant Capital LLC
1814234,Atlas Private Wealth Advisors
1767432,"Atlas Venture Advisors, Inc."
1917529,"Atlas Venture Life Science Advisors, LLC"
1964106,Atlas Wealth LLC
1965798,"Atlas Wealth Partners, LLC"
2127120,"AtlasMark Financial, Inc"
2023168,Atlatl Advisers LLC
1381843,Atle Fund Management AB
1905162,"ATMOS ADVISORY, LLC"
1832439,ATMOS CAPITAL GESTAO DE RECURSOS LTDA.
1738902,Atom Investors LP
1777813,"Atreides Management, LP"
1535865,"Atria Investments, Inc"
2020560,Attessa Capital LLC
1830731,Attestor Capital Ltd
1800234,"ATTICUS WEALTH MANAGEMENT, LLC"
1769288,Atwater Malick LLC
1044929,ATWOOD & PALMER INC
2111013,"ATX Financial Planning, LLC"
1706915,"AUA CAPITAL MANAGEMENT, LLC"
1730754,Aubrey Capital Management Ltd
2042516,AUCTUS ADVISORS LLC
1834874,"Audent Global Asset Management, LLC"
1801573,Aufman Associates Inc
2107394,August Group Capital Ltd
778963,AUGUSTINE ASSET MANAGEMENT INC
1387615,Aull & Monroe Investment Management Corp
1789310,Auour Investments LLC
2057382,"Aurdan Capital Management, LLC"
2053738,Aurelius Family Office LLC
2093444,"Aureum Wealth Management, LLC"
1381296,"Aureus Asset Management, LLC"
1316397,Aurora Investment Counsel
1798485,"Aurora Investment Managers, LLC."
1802132,"Aurora Private Wealth, Inc."
1966036,Ausbil Investment Management Ltd
1667146,"Ausdal Financial Partners, Inc."
1902024,Austin Asset Management Co Inc
2003112,"Austin Wealth Management, LLC"
1694164,AustralianSuper Pty Ltd
1967054,"Authentikos Wealth Advisory, LLC"
1964189,Auto-Owners Insurance Co
1911621,"Autumn Glory Partners, LLC"
1811491,"Auxano Advisors, LLC"
1105863,AUXIER ASSET MANAGEMENT LLC
1904431,"AVAII WEALTH MANAGEMENT, LLC"
2134779,"Avail Investment Partners, LLC"
1948899,Avala Global LP
1802119,Avalon Advisory Group
1510809,AVALON CAPITAL MANAGEMENT
1314273,Avalon Global Asset Management LLC
1798150,Avalon Trust Co
1650258,Avanda Investment Management Pte. Ltd.
1653443,Avant Capital LLC
2063243,Avant Financial Advisors LLC
1005441,"Avantax Planning Partners, Inc."
1774744,"Avantra Family Wealth, Inc."
2087378,"Avantyr Capital Partners, LP"
2035325,Avanza Fonder AB
1033475,AVENIR CORP
2029708,Avenir Tech Ltd
1803822,"Aventail Capital Group, LP"
2074418,"Aventura Private Wealth, LLC"
2093055,"Aventus Investment Advisors, Inc."
1704404,"Avestar Capital, LLC"
1542383,"Aviance Capital Partners, LLC"
1992344,Avid Wealth Partners LLC
1471474,"Avidian Wealth Enterprises, LLC"
1791827,Avidity Partners Management LP
1792704,Avion Wealth
1599868,"Avior Wealth Management, LLC"
2013342,"Avise Financial Cooperative, Inc."
2033534,Aviso Financial Inc.
2011802,AVISO WEALTH MANAGEMENT
926834,AVITY INVESTMENT MANAGEMENT INC.
1140022,AVIVA PLC
1738720,Avondale Wealth Management
1633313,Avoro Capital Advisors LLC
1842766,"Avory & Company, LLC"
1948622,"Avos Capital Management, LLC"
2012816,Aware Super Pty Ltd as trustee of Aware Super
1682475,"AWH Capital, L.P."
1806820,"AWM CAPITAL, LLC"
1535264,"AWM Investment Company, Inc."
898427,AXA S.A.
2030036,"Axecap Investments, LLC"
1950607,Axim Planning & Wealth
1831985,"Axiom Financial Strategies, LLC"
1513703,Axiom Investment Management LLC
1109147,AXIOM INVESTORS LLC /DE
1214816,AXIS CAPITAL HOLDINGS LTD
2052531,"Axis Wealth Partners, LLC"
1508755,AXON CAPITAL LP
1069183,"AXON ENTERPRISE, INC."
2042928,Axos Invest Inc.
1916908,"AXQ CAPITAL, LP"
1801467,AXS Investments LLC
1911056,"AXXCESS WEALTH MANAGEMENT, LLC"
2011524,AYAL Capital Advisors Ltd
1642216,Ayalon Insurance Comp Ltd.
1801563,Ayrshire Capital Management LLC
1625279,"Azarias Capital Management, L.P."
1942364,Azimuth Capital Investment Management LLC
1700272,Azora Capital LP
1121914,AZZAD ASSET MANAGEMENT INC /ADV
1450935,B & T Capital Management DBA Alpha Capital Management
2043476,"B Group, Inc."
1752523,"B&D White Capital Company, LLC"
1843527,B&I Capital AG
1847838,B. Metzler seel. Sohn & Co. AG
1464811,"B. Riley Wealth Advisors, Inc."
1964810,"B.O.S.S. Retirement Advisors, LLC"
1542629,Baader Bank Aktiengesellschaft
2047312,Babb Wealth Advisors LLC
1895362,"Badgley Phelps Wealth Managers, LLC"
2057153,Baer Investment Advisory LLC
872259,BAHL & GAYNOR INC
750641,"BAILARD, INC."
1088875,BAILLIE GIFFORD & CO
1317947,"Bain Capital Credit, LP"
1040508,Bain Capital Investors LLC
1703031,"Bain Capital Life Sciences Investors, LLC"
2067353,"Bain Capital Prairie, LLC"
1768111,"Bain Capital Public Equity Management II, LLC"
1962552,"Bain Capital Public Equity, LP"
1309469,"BAIN CAPITAL VENTURE INVESTORS, LLC"
1648711,"Baird Financial Group, Inc."
1976751,Bakala Capital LLC
1432529,"Baker Avenue Asset Management, LP"
1079398,BAKER BOYER NATIONAL BANK
1263508,BAKER BROS. ADVISORS LP
1666470,Baker Chad R
1365559,Baker Ellis Asset Management LLC
1840565,"BAKER TILLY WEALTH MANAGEMENT, LLC"
2109256,BALANCE CAPITAL PARTNERS L.P.
2065247,"Balance Wealth, LLC"
2011851,Balanced Rock Investment Advisors LLC
2009783,BALANCED WEALTH GROUP LLC
1929008,Balboa Wealth Partners
1346378,"Baldwin Investment Management, LLC"
1021258,BALDWIN WEALTH PARTNERS LLC/MA
1750924,"Balefire, LLC"
1586678,Balentine LLC
2057075,Ball & Co Wealth Management Inc.
1803415,BALLAST ADVISORS LLC
1998389,"Ballast Asset Management, LP"
2109821,Ballast Financial Advisors LLC
2106928,Ballast Rock Private Wealth LLC
1730477,"Ballast, Inc."
2011580,"Ballentine Capital Advisors, Inc"
1374889,"Ballentine Partners, LLC"
1729096,"Ballew Advisors, Inc"
1555486,"Baltimore-Washington Financial Advisors, Inc."
1218710,Balyasny Asset Management L.P.
2093649,"BAM Wealth Management, LLC"
1017918,BAMCO INC /NY/
1029311,BANC FUNDS CO LLC
1914099,BancFirst Trust & Investment Management
842180,"BANCO BILBAO VIZCAYA ARGENTARIA, S.A."
1536080,Banco BTG Pactual S.A.
1730299,"Banco de Sabadell, S.A"
891478,"Banco Santander, S.A."
1852042,"Bancreek Capital Management, LP"
1399386,Bandera Partners LLC
1352675,Bangor Savings Bank
2026082,Bank & Trust Co
902528,BANK HAPOALIM BM
1544599,"Bank Julius Baer & Co. Ltd, Zurich"
70858,BANK OF AMERICA CORP /DE/
1844891,Bank of Finland
315080,BANK OF HAWAII
1426449,Bank of Italy
2040900,Bank of Jackson Hole Trust
1965704,BANK OF KOREA
1801145,Bank of Marin
927971,BANK OF MONTREAL /CAN/
1870761,Bank of New Hampshire
1390777,Bank of New York Mellon Corp
9631,BANK OF NOVA SCOTIA
1335382,BANK OF NOVA SCOTIA TRUST CO
1387723,BANK OF STOCKTON
1569650,BANK OZK
1123274,Bank Pictet & Cie (Europe) AG
2135773,"BankChampaign, National Association"
2047270,BankPlus Trust Department
2051117,BankPlus Wealth Management LLC
2058816,"BANNERMAN WEALTH MANAGEMENT GROUP, LLC"
2083499,"Bannerstone Capital Management, LLC"
1793755,Banque Cantonale Vaudoise
2055344,Banque de Luxembourg S.A.
1535602,BANQUE PICTET & CIE SA
2056095,Banque Transatlantique SA
1426960,BANTA ASSET MANAGEMENT LP
1794972,"BANTAMAC CAPITAL, LLC"
846600,"BANYAN CAPITAL MANAGEMENT, INC."
1035463,BAR HARBOR WEALTH MANAGEMENT
1599670,Barbara Oil Co.
312069,BARCLAYS PLC
1105907,BARD ASSOCIATES INC
1906798,"Barden Capital Management, Inc."
1616416,BARDIN HILL MANAGEMENT PARTNERS LP
2009426,"Bare Financial Services, Inc"
2052588,Baring Financial LLC
2053281,Baring Fintech Fund III Managers Ltd
2053290,Baring Fintech Manager Holding Ltd
9015,BARINGS LLC
887762,"BARINGTON COMPANIES MANAGEMENT, LLC"
1999928,"BARLOW WEALTH PARTNERS, LLC"
2058270,Barnes Dennig Private Wealth Management LLC
1908288,"BARNES PETTEY FINANCIAL ADVISORS, LLC"
2066194,"Barnes Wealth Management Group, Inc"
1426588,"Barnett & Company, Inc."
1536890,BAROMETER CAPITAL MANAGEMENT INC.
1832093,"Baron Financial Group, LLC"
1851395,"BARON SILVER STEVENS FINANCIAL ADVISORS, LLC"
1968507,Baron Wealth Management LLC
1040210,BARR E S & CO
887602,"BARRETT & COMPANY, INC."
1909089,"Barrier Capital Management, LLC"
313028,BARROW HANLEY MEWHINNEY & STRAUSS LLC
1631639,"Barry Investment Advisors, LLC"
2010186,BARTLETT & CO. WEALTH MANAGEMENT LLC
1387818,Barton Investment Management
2083977,Base Wealth Management LLC
2088236,Basepoint Wealth LLC
1511098,Baskin Financial Services Inc.
1705622,Bass Edward P
924920,BASS LEE M /TX/
1242829,BASS SID R
1287978,"BASSO CAPITAL MANAGEMENT, L.P."
1085393,"BASSWOOD CAPITAL MANAGEMENT, L.L.C."
1977794,Bastion Asset Management Inc.
1384943,Bath Savings Trust Co
1582272,"Battery Global Advisors, LLC"
1548594,BATTERY MANAGEMENT CORP.
1730818,"Baugh & Associates, LLC"
2111802,"Bauman Advisory Group, LLC"
1061768,BAUPOST GROUP LLC/MA
2040013,Bawa N Mallick Trust
1096783,BAXTER BROS INC
2055414,"Bay Capital Advisors, LLC"
1748861,"Bay Colony Advisory Group, Inc d/b/a Bay Colony Advisors"
1767989,"Bay Harbor Wealth Management, LLC"
1798924,Bay Rivers Group
2110649,BAYBAN
1771524,Bayberry Capital Partners LP
1898297,"BayBridge Capital Group, LLC"
1632551,"Bayesian Capital Management, LP"
2048423,Bayforest Capital Ltd
2058173,Bayhunt Capital LLC
2044734,BAYPOINTE PARTNERS LLC
1906790,"BAYSHORE ASSET MANAGEMENT, LLC"
1598176,"Bayshore Capital Advisors, LLC"
1767366,"BAYVIEW ASSET MANAGEMENT, LLC"
2094345,BBFIT INVESTMENTS PTE LTD
1352467,"BBR PARTNERS, LLC"
2069049,BC Partners PE LP
1830467,"BCGM Wealth Management, LLC"
1577928,"BCI SECURITIES, INC."
1819275,BCK CAPITAL MANAGEMENT LP
1845867,"BCK Partners, Inc."
1373017,"BCM ADVISORS, LLC"
2054749,BCO Wealth Management LLC
1908380,"BCR Wealth Strategies, LLC"
2044001,"BCS Private Wealth Management, Inc."
1798172,BCS Wealth Management
2003570,"BCU Wealth Advisors, LLC"
2110721,BCV Asset Management Inc.
1542165,"BCWM, LLC"
1632812,BDF-GESTION
2112636,BDFS Capital LLC
1510974,"BDT CAPITAL PARTNERS, LLC"
1453885,Beach Point Capital Management LP
2114314,"BEACON ADVISORS HOLDINGS, LLC"
1831984,Beacon Bank & Trust
1965468,"Beacon Bridge Wealth Partners, LLC"
1575301,"Beacon Capital Management, Inc."
1921487,"Beacon Capital Management, LLC"
1800502,Beacon Financial Advisory LLC
1591379,BEACON FINANCIAL GROUP
1966066,"BEACON FINANCIAL PLANNING, INC"
2084239,Beacon Financial Strategies CORP
1784093,"Beacon Harbor Wealth Advisors, Inc."
1961635,BEACON INVESTMENT ADVISORS LLC
1654599,"BEACON INVESTMENT ADVISORY SERVICES, INC."
1744317,"Beacon Pointe Advisors, LLC"
1849336,Beacon Wealthcare LLC
1569537,"BEACONLIGHT CAPITAL, LLC"
1908938,"Beaird Harris Wealth Management, LLC"
1803426,"BEAM WEALTH ADVISORS, INC."
2009419,"Bear Mountain Capital, Inc."
2052916,"BEARING POINT CAPITAL, LLC"
1877162,"Beartown Capital Management, LLC"
1714678,Beaton Management Co. Inc.
1798756,"Beaumont Asset Management, L.L.C."
1957394,"Beaumont Financial Advisors, LLC"
1790548,"Beck Bode, LLC"
1601904,"BECK CAPITAL MANAGEMENT, LLC"
10742,BECK MACK & OLIVER LLC
799004,BECKER CAPITAL MANAGEMENT INC
2043468,"Beckerman Institutional, LLC"
1730511,"Bedel Financial Consulting, Inc."
1388142,"Bedell Frazier Investment Counselling, LLC"
2087564,"Bedminster, LLC"
911274,"BEESE FULMER INVESTMENT MANAGEMENT, INC."
1697303,"Beirne Wealth Consulting Services, LLC"
1481957,Belfer Management LLC
1725362,"Bell & Brown Wealth Advisors, LLC"
1681004,Bell Asset Management Ltd
1002672,Bell Bank
1890149,"Bell Investment Advisors, Inc"
2108102,"Belleair Asset Management, LLC"
1600152,Bellecapital International Ltd.
1801619,"BELLEVUE ASSET MANAGEMENT, LLC"
1674546,Bellevue Group AG
1819815,"Bellwether Advisors, LLC"
1721242,Belpointe Asset Management LLC
1632341,Belvedere Trading LLC
1757706,"Benchmark Financial Wealth Advisors, LLC"
2107260,"Benchmark Financial, LLC"
1910971,Benchmark Investment Advisors LLC
2016777,Benchstone Capital Management LP
894300,BENDER ROBERT & ASSOCIATES
711089,BENEDICT FINANCIAL ADVISORS INC
1543160,Benefit Street Partners LLC
1352871,Benin Management CORP
1451623,BENJAMIN EDWARDS INC
1535254,BENJAMIN JOSEPH FLOYD DBA FLOYD CAPITAL MANAGEMENT
1840740,BENNETT SELBY INVESTMENTS LP
2053653,"BENNINGFIELD FINANCIAL ADVISORS, LLC"
1965941,"Bensler, LLC"
1694896,"Benson Investment Management Company, Inc."
2109863,Benson Wealth Management INC
2051605,Berbice Capital Management LLC
1826136,"Berger Financial Group, Inc"
1667694,"Berkeley Capital Partners, LLC"
2051965,"Berkeley, Inc"
11544,BERKLEY W R CORP
949012,BERKSHIRE ASSET MANAGEMENT LLC/PA
1133742,BERKSHIRE CAPITAL HOLDINGS INC
1067983,Berkshire Hathaway Inc
1535172,"Berkshire Money Management, Inc."
1312988,Berkshire Partners LLC
2094332,Berman McAleer LLC
2056313,Bernard Wealth Management Corp.
1765595,Bernardo Wealth Planning LLC
1260468,Bernzott Capital Advisors
2008410,"Berry Wealth Group, LP"
1719307,Beryl Capital Management LLC
1054074,BESSEMER GROUP INC
2055670,"Bestgate Wealth Advisors, LLC"
1594417,"Beta Wealth Group, Inc."
2104828,"BETO FINANCIAL GROUP, LLC"
1633901,Betterment LLC
1911702,"BetterWealth, LLC"
1361974,"Beutel, Goodman & Co Ltd."
1965710,"Beverly Hills Private Wealth, LLC"
2011271,Bey-Douglas LLC
2043810,BFI Infinity Ltd.
2110651,"BFI Wealth Solutions, LLC"
1706836,"BFSG, LLC"
1873989,"BG Investment Services, LLC"
1710539,"BHK Investment Advisors, LLC"
1778131,BI Asset Management Fondsmaeglerselskab A/S
1605070,"Bienville Capital Management, LLC"
1729516,"Bigelow Investment Advisors, LLC"
1334429,BIGLARI CAPITAL CORP.
1334430,"BIGLARI, SARDAR"
1659171,BigSur Wealth Management LLC
1914644,"Bill Few Associates, Inc."
1731123,"Biltmore Family Office, LLC"
1598102,"Biltmore Wealth Management, LLC"
2063211,"BINGHAM PRIVATE WEALTH, LLC"
1455176,"Biondo Investment Advisors, LLC"
1813845,"BIOS Capital Management, LP"
1590214,"BIP Wealth, LLC"
1799859,"Birch Capital Management, LLC"
2083592,"BIRCH FINANCIAL GROUP, LLC"
1424177,Birch Hill Investment Advisors LLC
2071468,"BIRCHBROOK, INC."
1840341,"Birchcreek Wealth Management, LLC"
1618205,"Birchview Capital, LP"
2110062,"Birchwood Financial Partners, Inc."
1079738,BIRINYI ASSOCIATES INC
918504,BIRMINGHAM CAPITAL MANAGEMENT CO INC/AL
1997245,"Birnam Oak Advisors, LP"
1603276,"Bishop & Co Investment Management, LLC"
1425041,"BISLETT MANAGEMENT, LLC"
1845251,"Bison Wealth, LLC"
2053305,BIT Capital GmbH
2110106,BITTERROOT CAPITAL ADVISORS LLC
2007263,"BKM Wealth Management, LLC"
1528593,Black Creek Investment Management Inc.
2022614,"Black Cypress Capital Management, LLC"
2084285,"Black Diamond Capital Management I, LLLP"
1759236,"Black Diamond Financial, LLC"
1588959,Black Maple Capital Management LP
1704212,"Black Swift Group, LLC"
2010204,BlackBarn Capital Partners LP
1903059,"BlackDiamond Wealth Management, LLC"
1582561,"Blackhawk Capital Partners, LLC"
872162,BLACKHILL CAPITAL INC
2012383,"BlackRock, Inc."
1800249,Blacksheep Fund Management Ltd
1910984,"Blackston Financial Advisory Group, LLC"
1393818,Blackstone Inc.
902367,BLAIR WILLIAM & CO/IL
2042011,"Blake Schutter Theil Wealth Advisors, LLC"
2092331,"BLALOCK WILLIAMS, LLC"
1708872,"Blankinship & Foster, LLC"
1887451,Blantyre Capital Ltd
1389059,"BLB&B Advisors, LLC"
1936953,"Bleakley Financial Group, LLC"
1781002,Bleichroeder LP
2052594,BLI - Banque de Luxembourg Investments
2111811,"Blind Man Capital, LLC"
2035232,"BLKBRD Asset Management, LP"
1907826,"BLODGETT WEALTH ADVISORS, LLC"
1943004,"bLong Financial, LLC"
1484047,BloombergSen Inc.
1839735,Blossom Wealth Management
1670104,BLS CAPITAL FONDSMAEGLERSELSKAB A/S
1352860,"BLUE BELL PRIVATE WEALTH MANAGEMENT, LLC"
2032856,"Blue Capital, Inc."
1632801,"Blue Chip Partners, LLC"
1909147,"Blue Door Asset Management, LLC"
1576102,"Blue Fin Capital, Inc."
1764725,"Blue Grotto Capital, LLC"
2047089,BLUE JEAN FINANCIAL LLC
2111406,"Blue Line Capital, LLC / IL"
1858703,Blue Owl Capital Holdings LP
1675855,Blue Pool Management Ltd.
2057054,"Blue Sky Capital Consultants Group, Inc."
2104539,"Blue Sparrow, LLC /DE"
1769578,"BLUE SQUARE ASSET MANAGEMENT, LLC"
1856022,"Blue Trust, Inc."
2033384,Blue Water Asset Management
1789778,"Blue Water Life Science Advisors, LP"
1801547,Blue Whale Capital LLP
1803106,"Blue Zone Wealth Advisors, LLC"
2104503,Bluebird Wealth Management LLC
2015578,BlueChip Wealth Advisors LLC
1610880,BlueCrest Capital Management Ltd
2110994,"BLUEDOOR PRIVATE WEALTH, LLC"
1144208,"BLUEFIN CAPITAL MANAGEMENT, LLC"
1727353,Bluegrass Capital Partners LP
2110066,BLUELINE ADVISORS LLC
2054129,Blueprint Financial Advisors LLC
2108872,BluePrint Investing LLC
1794467,Blueprint Investment Partners LLC
1629283,Bluescape Energy Partners LLC
1727827,"Blueshift Asset Management, LLC"
1704107,"BlueSky Wealth Advisors, LLC"
1844108,Bluesphere Advisors LLC
1600285,"BlueSpruce Investments, LP"
1820680,"BLUESTEM FINANCIAL ADVISORS, LLC"
1977465,"BlueStem Wealth Partners, LLC"
1587192,"Blume Capital Management, Inc."
2079537,"BLVD Private Wealth, LLC"
1616824,"BML Capital Management, LLC"
2111175,"BNB Wealth Management, LLC"
1821549,"BNC WEALTH MANAGEMENT, LLC"
1715696,BNDES Participacoes S.A.
872786,BNP PARIBAS
1520354,BNP PARIBAS ASSET MANAGEMENT Holding S.A.
1166588,BNP PARIBAS FINANCIAL MARKETS
2041021,Board of the Pension Protection Fund
1315828,Board of Trustees of The Leland Stanford Junior University
2010854,BOCHK Asset Management Ltd
1715740,"Bogart Wealth, LLC"
1308331,Boit C F David
1317348,"BOK Financial Private Wealth, Inc."
9634,"BOKF, NA"
1556218,Bollard Group LLC
1567013,"Bolthouse Investments, LLC"
1563690,Boltwood Capital Management
1843495,"Bond & Devick Financial Network, Inc."
1923934,"Bond Capital Management, LP"
1762539,Bonfire Financial
1105471,BONNESS ENTERPRISES INC
1632118,BONTEMPO OHLY CAPITAL MGMT LLC
2010786,"Boomfish Wealth Group, LLC"
1882053,BOONE CAPITAL MANAGEMENT LLC
1549230,"BOOTHBAY FUND MANAGEMENT, LLC"
1749798,"Boothe Investment Group, Inc."
1876496,Border to Coast Pensions Partnership Ltd
2080094,Boreal Capital Management LLC
1993607,"Borer Denton & Associates, Inc."
1800641,Bornite Capital Management LP
1965814,"BOS Asset Management, LLC"
2066260,"Bosman Wealth Management, LLC"
1409427,"Boston Common Asset Management, LLC"
1039807,BOSTON FAMILY OFFICE LLC
1386060,Boston Partners
1259261,BOSTON RESEARCH & MANAGEMENT INC
1630939,"Boston Standard Wealth Management, LLC"
1534866,Boston Trust Walden Corp
2053783,BostonPremier Wealth LLC
1599054,Bouchey Financial Group Ltd
2056342,"Boulay Financial Advisors, LLC"
1874080,"Boulder Wealth Advisors, LLC"
1771944,Boundary Creek Advisors LP
2108192,Boundless Plain Holdings Ltd
1088731,BOURGEON CAPITAL MANAGEMENT LLC
1128286,BOURNE LENT ASSET MANAGEMENT INC
1614986,Boussard & Gavaudan Investment Management LLP
1839122,"Bouvel Investment Partners, LLC"
1077583,BOWEN HANES & CO INC
1691982,"Bowie Capital Management, LLC"
2094120,Box Hill Private Wealth LLC
2018299,"Boxer Capital Management, LLC"
1885946,"Boxwood Ventures, Inc."
1218254,BOYAR ASSET MANAGEMENT INC.
1922884,"Boyce & Associates Wealth Consulting, Inc."
1121477,BOYD WATTERSON ASSET MANAGEMENT LLC/OH
1846114,"Boyd Wealth Management, LLC"
2108122,"Boyer Financial Services, Inc."
2068635,BOYUM WEALTH ARCHITECTS LLC
313807,BP PLC
1731118,Bpifrance SA
1426486,"Bracebridge Capital, LLC"
1861678,"Bradley & Co. Private Wealth Management, LLC"
1015086,BRADLEY FOSTER & SARGENT INC/CT
1971456,"BRADY FAMILY WEALTH, LLC"
2049470,"Brady Martz Wealth Solutions, LLC"
2055007,"Bradyco, Inc."
2111759,Braeburn Wealth Management LLC
1327055,"Bragg Financial Advisors, Inc"
1920938,BRAIDWELL LP
1619899,"Bramshill Investments, LLC"
1748766,"Brand Asset Management Group, Inc."
1015079,"BRANDES INVESTMENT PARTNERS, LP"
2106766,"Brandywine Asset Management, Inc."
1135121,"BRANDYWINE MANAGERS, LLC"
1764694,BRANDYWINE OAK PRIVATE WEALTH LLC
1123803,BRANDYWINE TRUST CO
1279030,BRANT POINT INVESTMENT MANAGEMENT LLC
1643833,"BRASADA CAPITAL MANAGEMENT, LP"
1723787,"Bratton Capital Management, L.P."
872080,BRAUN STACEY ASSOCIATES INC
1740842,Braun-Bostich & Associates Inc.
1085867,BRAVE ASSET MANAGEMENT INC
1553733,"Brave Warrior Advisors, LLC"
2126773,Bravera Wealth
2054328,"Bravias Capital Group, LLC"
1464790,"BRC Group Holdings, Inc."
2108985,BRC-Global BAH Investments Ltd.
2009914,"BREACH INLET CAPITAL MANAGEMENT, LLC"
2106661,Breachway Investments LLC
1935243,"Breakout Capital Partners, LP"
2055645,"BREAKTHRU ADVISORY SERVICES, LLC"
1964309,Breakwater Capital Group
2025925,Breakwater Investment Management
1695721,Bregal General Partner Jersey Ltd
2087970,Bregal Sagemount IV General Partner Jersey Ltd
2106649,Brehaut David Pascal
1768065,Brendel Financial Advisors LLC
2052564,Brentview Investment Management LLC
2043671,"Bretton Capital Management, LLC"
1512857,Brevan Howard Capital Management LP
1898145,Brewster Financial Planning LLC
2079080,"BRIAN LOW FINANCIAL GROUP, LLC"
1728354,Briar Hall Management LLC
1800586,Briaud Financial Planning Inc
1712533,Brickley Wealth Management
1934657,"Bricktown Capital, LLC"
2056939,Brickwood Asset Management LLP
1713521,"Bridge City Capital, LLC"
2056071,BRIDGE GENERATIONS WEALTH MANAGEMENT LLC
1725690,"Bridgefront Capital, LLC"
2031775,"BridgePort Financial Solutions, LLC"
1166309,"BRIDGER MANAGEMENT, LLC"
1007295,BRIDGES INVESTMENT MANAGEMENT INC
1600319,Bridgewater Advisors Inc.
1350694,"Bridgewater Associates, LP"
1107261,"BRIDGEWAY CAPITAL MANAGEMENT, LLC"
1801982,"Bridgewealth Advisory Group, LLC"
1421306,"BRIGADE CAPITAL MANAGEMENT, LP"
2109156,"Briggs Wealth Management, Inc"
2022456,"BRIGHT FINANCIAL ADVISORS, INC."
1803980,"Bright Futures Wealth Management, LLC."
1509973,"BRIGHT ROCK CAPITAL MANAGEMENT, LLC"
1965546,BRIGHT VALLEY CAPITAL Ltd
1802838,BRIGHTLIGHT CAPITAL MANAGEMENT LP
1432450,"BRIGHTLINE CAPITAL MANAGEMENT, LLC"
1360798,BRIGHTON JONES LLC
14213,BRIGHTON SECURITIES CORP.
2034566,Brightwater Advisory LLC
1665751,BRILLIANCE ASSET MANAGEMENT LTD
2081139,"Brindle & Bay Financial Advisors, LLC"
1747799,"Brio Consultants, LLC"
1313998,"Bristlecone Value Partners, LLC"
1650142,Bristol Gate Capital Partners Inc.
276101,BRISTOL JOHN W & CO INC /NY/
1228242,BRITISH COLUMBIA INVESTMENT MANAGEMENT Corp
1759115,"Broad Bay Capital Management, LP"
1547349,Broad Peak Investment Advisers Pte Ltd
1568621,"Broad Run Investment Management, LLC"
2110839,Broadfin Holdings LLC
2114882,Broadhurst Jeffrey B
1712686,"Broadleaf Partners, LLC"
1697024,"Broadview Financial Management, LLC"
2021265,"Broadway Wealth Solutions, Inc."
1278387,BROADWOOD CAPITAL INC
1314376,Broderick Brian C
1889918,"BROGAN FINANCIAL, INC."
1471085,Bronte Capital Management Pty Ltd.
1001085,BROOKFIELD Corp /ON/
2036388,Brooklands Fund Management Ltd
1916123,"Brooklyn FI, LLC"
1795705,Brooklyn Investment Group
1512978,Brookmont Capital Management
1767040,"BROOKS, MOORE & ASSOCIATES, INC."
1599584,Brookstone Capital Management
1021296,BROOKTREE CAPITAL MANAGEMENT
2066812,Brookwood Investment Group LLC
1548136,Broussard Financial Group LLC
1345929,BROWN ADVISORY INC
14661,BROWN BROTHERS HARRIMAN & CO
885062,BROWN CAPITAL MANAGEMENT LLC
2035548,Brown Financial Advisors
1843853,Brown Financial Advisory
1840084,"Brown Miller Wealth Management, LLC"
1912970,Brown Shipley& Co Ltd
1664741,Brown University
1987005,"BROWN WEALTH MANAGEMENT, LLC"
14745,"BROWN, LISLE/CUMMINGS, INC."
1825564,BROWNING WEST LP
1966057,"Broyhill Asset Management, LLC"
1358331,"Bruce & Co., Inc."
2005409,"Bruce G. Allen Investments, LLC"
2058446,"Brucke Financial, Inc."
2003159,Brummer Multi-Strategy AB
1078841,BRUNI J V & CO /CO
1844103,BRX Global LP
1910641,"Bryant Woods Investment Advisors, LLC"
1700481,"Bryn Mawr Trust Advisors, LLC"
1911876,BSN CAPITAL PARTNERS Ltd
1512601,BSW Wealth Partners
1611848,"BTC Capital Management, Inc."
1569579,BTG Pactual Asset Management US LLC
1532842,"BTS Asset Management, Inc."
1973259,"Buck Wealth Strategies, LLC"
2133435,"Bucket List Wealth Management, LLC"
1133999,BUCKHEAD CAPITAL MANAGEMENT LLC
2074628,Buckland Partners Management Co LLC
2111611,"Buckley Capital Advisors, LLC"
1730126,"Buckley Wealth Management, LLC"
2103405,BUFFALO BUSINESS & ESTATE SERVICES LTD
727117,BUILDER INVESTMENT GROUP INC /ADV
1785504,"Builders Vision, LLC"
2135047,Bull Harbor Capital LLC
1824263,"Bull Oak Capital, LLC"
1790837,"Bull Street Advisors, LLC"
1504304,"Bulldog Investors, LLP"
1513779,Bullseye Asset Management LLC
1912448,"Bulltick Wealth Management, LLC"
2075899,Bulwark Capital Corp
2001434,"Burford Brothers, Inc."
2079815,Burk Holdings LLC
1101250,BURKE & HERBERT BANK & TRUST CO
1904549,"Burkehill Global Management, LP"
2109360,Burkett Asset Management Ltd
1762716,"BURKETT FINANCIAL SERVICES, LLC"
2054946,"BURLING WEALTH PARTNERS, LLC"
940445,BURNEY CO/
1047339,BURNS J W & CO INC/NY
1894164,"Burns Matteson Capital Management, LLC"
1966297,"BURR FINANCIAL SERVICES, LLC"
1573947,"BURRUS FINANCIAL SERVICES, INC."
2105919,Burton Enright Welch
1427202,Busey Bank
1966640,"BUSH INVESTMENT GROUP, LLC"
1910503,"Buska Wealth Management, LLC"
1632802,"BUTENSKY & COHEN FINANCIAL SECURITY, INC"
1904033,Buttonwood Financial Advisors Inc.
1847661,"Buttonwood Financial Group, LLC"
1056807,BVF INC/IL
1568280,BW Gestao de Investimentos Ltda.
1787893,"BWCP, LP"
2039698,"BWM Planning, LLC"
2052379,BXM Wealth LLC
1911322,Byrne Asset Management LLC
2063947,"BYRNE FINANCIAL FREEDOM, LLC"
1091860,C M BIDWELL & ASSOCIATES LTD
1634083,C Partners Holding GmbH
1340459,C V STARR & CO INC
1625244,C WorldWide Group Holding A/S
1868903,"C2C Wealth Management, LLC"
1965756,"C2P Capital Advisory Group, LLC d.b.a. Prosperity Capital Advisors"
1688539,Cabana LLC
1699575,"Cable Car Capital, LP"
1016683,CABOT WEALTH MANAGEMENT INC
1353198,"Cabot-Wellington, LLC"
2052593,"Cache Advisors, LLC"
2013390,CacheTech Inc.
1452208,CACTI ASSET MANAGEMENT LLC
1893767,"CADEN CAPITAL PARTNERS, LP"
1845250,Cadence Wealth Management LLC
1803536,"Cadent Capital Advisors, LLC"
2135817,Cadia Private Client LLC
1423686,"CADIAN CAPITAL MANAGEMENT, LP"
923469,CADINHA & CO LLC
1716399,"CAHABA WEALTH MANAGEMENT, INC."
1600327,CAHILL FINANCIAL ADVISORS INC
1800358,"Cairn Investment Group, Inc."
898286,Caisse de depot et placement du Quebec
1056947,CAISSE DES DEPOTS ET CONSIGNATIONS
2010947,"Caitlin John, LLC"
1963355,"Caitong International Asset Management Co., Ltd"
1316507,Calamos Advisors LLC
1455258,Calamos Wealth Management LLC
2106810,Calder Financial LLC
1904373,Caldwell Investment Management Ltd.
702007,"CALDWELL SUTTER CAPITAL, INC."
2080218,Caldwell Trust Co
1352924,Caledonia (Private) Investments Pty Ltd
1037766,CALEDONIA INVESTMENTS PLC
2067120,"Caliber Wealth Management, LLC / KS"
803016,CALIFORNIA FIRST LEASING CORP
919079,California Public Employees Retirement System
1081019,CALIFORNIA STATE TEACHERS RETIREMENT SYSTEM
1727492,Caligan Partners LP
1981942,Call To Action Foundation
1395055,"Callahan Advisors, LLC"
1938970,"Callan Family Office, LLC"
1741675,"Callodine Capital Management, LP"
822648,"CALTON & ASSOCIATES, INC."
1759271,Calydon Capital
1536444,"Camarda Financial Advisors, LLC"
823621,CAMBIAR INVESTORS LLC
2105684,"CAMBIENT FAMILY OFFICE, LLC"
1529389,"Cambria Investment Management, L.P."
1633695,Cambridge Advisors Inc.
733986,CAMBRIDGE ASSOCIATES LLC /MA/ /ADV
2078994,"CAMBRIDGE CAPITAL MANAGEMENT, LLC"
1334199,"Cambridge Financial Group, Inc."
2085256,"Cambridge Financial Group, LLC"
1419186,"Cambridge Investment Research Advisors, Inc."
903944,CAMDEN ASSET MANAGEMENT L P /CA
1697855,CAMDEN NATIONAL BANK
1569766,"Camelot Portfolios, LLC"
2021818,"CAMELOT TECHNOLOGY ADVISORS, INC."
1353570,Campbell & CO Investment Adviser LLC
826794,CAMPBELL CAPITAL MANAGEMENT INC
2059743,"Campbell Deegan Wealth Management, LLC"
874791,CAMPBELL NEWMAN ASSET MANAGEMENT INC
1843492,Campion Asset Management
2040608,Camrose Capital Investment Partners LLP
1850694,Canaan Partners XI LLC
1046192,CANADA LIFE ASSURANCE Co
1283718,CANADA PENSION PLAN INVESTMENT BOARD
1991835,Canada Post Corp Registered Pension Plan
1666733,"Canal Capital Management, LLC"
1313473,Canal Insurance CO
759458,CANANDAIGUA NATIONAL CORP
1471384,Canandaigua National Trust Co of Florida
1845660,Candelo Capital Management LP
2082399,Cander Asset Management LP
1537014,Candriam S.C.A.
2086121,"Cane Capital Partners, LLC"
1113234,CANERECTOR INC
1704720,"Cannae Holdings, Inc."
1426319,Cannell & Spears LLC
1058854,CANNELL CAPITAL LLC
1805370,"Cannon Advisors, Inc."
2100130,"Cannon Capital Management, Inc."
2031123,"Cannon Financial Strategists, Inc."
1844427,"Cannon Global Investment Management, LLC"
2043725,"Cannon Wealth Management Services, LLC"
1908219,Canoe Financial LP
1960860,"Canopy Partners, LLC"
1279936,Cantillon Capital Management LLC
1755785,"Canton Hathaway, LLC"
1710477,CANTOR FITZGERALD INVESTMENT ADVISORS L.P.
1024896,"CANTOR FITZGERALD, L. P."
1858782,"Canvas Wealth Advisors, LLC"
1074034,CANYON CAPITAL ADVISORS LLC
2006870,"CAP Partners, LLC"
1911938,Capasso Planning Partners LLC
1698068,"Capco Asset Management, LLC"
1768237,Cape Ann Asset Management Ltd
936938,CAPE ANN SAVINGS BANK
1944437,"Cape Investment Advisory, Inc."
2105992,Capelight Capital Asset Management LP
2053750,"CAPITAL & PLANNING, LLC"
1628896,"Capital Advantage, Inc."
2131047,Capital Advisor Network LLC
860828,CAPITAL ADVISORS INC/OK
1824700,"Capital Advisors Wealth Management, LLC"
1597878,"Capital Advisors, Ltd. LLC"
1803229,"CAPITAL ADVISORY GROUP ADVISORY SERVICES, LLC"
1624758,"Capital Analysts, LLC"
1666024,Capital Asset Advisory Services LLC
2123739,"Capital Asset Managemnet, LLC"
1095836,CAPITAL CITY TRUST CO/FL
1114928,CAPITAL COUNSEL LLC/NY
1830008,"Capital CS Group, LLC"
2105385,"Capital Developers, LLC"
1061555,CAPITAL FINANCIAL GROUP INC\CO\ /ADV
1323645,CAPITAL FUND MANAGEMENT S.A.
1939970,CAPITAL GROUP INVESTMENT MANAGEMENT PTE. LTD.
1857666,"Capital Group Private Client Services, Inc."
1602198,"Capital Impact Advisors, LLC"
1596076,Capital Innovations LLC
1664385,"CAPITAL INSIGHT PARTNERS, LLC"
1562230,Capital International Investors
1065350,CAPITAL INTERNATIONAL LTD /CA/
1065349,CAPITAL INTERNATIONAL SARL
895213,"Capital International, Inc./CA/"
1582732,"Capital Investment Advisors, LLC"
1659203,"Capital Investment Advisory Services, LLC"
1418421,"Capital Investment Counsel, Inc"
2033609,"Capital Investment Counsel, LLC"
2124549,"Capital Investment Management, Inc."
811360,"Capital Investment Services of America, Inc."
825293,CAPITAL MANAGEMENT ASSOCIATES /NY/
2008851,"Capital Management Associates, Inc"
1074273,CAPITAL MANAGEMENT CORP /VA
1719165,Capital Markets Trading UK LLP
1631941,"Capital Planning Advisors, LLC"
1790688,Capital Planning LLC
1422848,Capital Research Global Investors
1798736,"Capital Square, LLC"
2128691,Capital Squared Financial LLC
1625502,"Capital Today Evergreen Fund, L.P."
1803277,"Capital Wealth Alliance, LLC"
1730456,"CAPITAL WEALTH MANAGEMENT, LLC"
1566728,"Capital Wealth Planning, LLC"
1422849,Capital World Investors
2135126,CapitalatWork S.A.
1863768,"Capitol Family Office, Inc."
2094379,CAPITOLIS LIQUID GLOBAL MARKETS LLC
1901361,Capricorn Fund Managers Ltd
1536261,Capricorn Investment Group LLC
1610769,"Caprock Group, LLC"
1993327,CAPSTONE CAPITAL LLC
2069260,Capstone Capital Management Ltd
1599217,"Capstone Financial Advisors, Inc."
1426196,"CAPSTONE INVESTMENT ADVISORS, LLC"
2059649,Capstone Wealth Management Group LLC
1923052,"CAPSTONE WEALTH MANAGEMENT GROUP, LLC"
2112205,"Capstone Wealth Management, Inc."
2019411,"Capstone Wealth Management, LLC"
1706766,"Caption Management, LLC"
1512024,CAPTRUST FINANCIAL ADVISORS
1557017,Capula Management Ltd
1531809,"CapWealth Advisors, LLC"
2052538,"Carbahal Olsen Financial Services Group, LLC"
1619124,Cardano Risk Management B.V.
1168889,CARDEROCK CAPITAL MANAGEMENT INC
1910000,"CARDIFF PARK ADVISORS, LLC"
1434845,Cardinal Capital Management
1518235,"Cardinal Capital Management, Inc."
1950841,Cardinal Point Capital Management ULC
1801989,Cardinal Strategic Wealth Guidance
1818535,"Carl P. Sherr & Co., LLC"
1056973,"Carlson Capital, L.P."
1510870,"Carlton Hofferkamp & Jenks Wealth Management, LLC"
1527166,Carlyle Group Inc.
1878547,Carmel Capital Management L.L.C.
1900481,"Carmel Capital Partners, LLC"
1829805,Carmenna Advisors LLC
1511506,Carnegie Investment Counsel
2043591,Carnegie Lake Advisors LLC
1039067,CARNEGIE MELLON UNIVERSITY
1786411,"Carolina Wealth Advisors, LLC"
1931232,Carr Financial Group Corp
2035329,Carrera Capital Advisors
791490,"CARRET ASSET MANAGEMENT, LLC"
1555254,Carrhae Capital LLP
2108684,"Carroll Advisory Group, LLC"
1911400,"Carroll Investors, Inc"
1866872,"CARRONADE CAPITAL MANAGEMENT, LP"
1909304,Carson Advisory Inc.
1900946,"CarsonAllaria Wealth Management, Ltd."
1808928,"Cartenna Capital, LP"
1919749,"Carter Financial Group, INC."
2115533,"Carter Financial, LLC"
1475045,CARY STREET PARTNERS FINANCIAL LLC
1766904,CARY STREET PARTNERS INVESTMENT ADVISORY LLC
1697591,"CAS Investment Partners, LLC"
2021208,"Cascade Financial Partners, LLC"
1681490,"Cascade Investment Advisors, Inc."
919447,"CASCADE INVESTMENT GROUP, INC."
2018936,"Cascade Wealth Advisors, Inc"
2035512,"Cascades Capital Asset Management, LLC"
1534261,"Casdin Capital, LLC"
1518999,CASPIAN CAPITAL LP
1963612,Cassaday & Co Wealth Management LLC
2121075,"Cassady Wealth & Retirement Planning, LLC"
1844897,"Cassia Capital Partners, LLC"
2090777,Cassilly Financial Group LLC
1832521,Castellan Group
1687241,Castle Hook Partners LP
1727605,"Castle Rock Wealth Management, LLC"
1936420,CASTLE WEALTH MANAGEMENT LLC
1106832,CASTLEARK MANAGEMENT LLC
2109835,Castlefield Investment Partners LLP
1404780,CASTLEKEEP INVESTMENT ADVISORS LLC
1835751,CastleKnight Management LP
1737088,"Castleview Partners, LLC"
1654648,CAT ROCK CAPITAL MANAGEMENT LP
2018090,"Catalina Capital Group, LLC"
1958125,"Catalio Capital Management, LP"
2011385,"Catalys Pacific, LLC"
1549275,Catalyst Capital Advisors LLC
1927537,CATALYST FINANCIAL PARTNERS LLC
1896150,Catalyst Funds Management Pty Ltd
2055584,Catalyst Investment Management LLC
1831193,"CATALYST PRIVATE WEALTH, LLC"
1843303,Catawba River Capital
2103454,Catherine Avery Investment Management LLC
2045974,"CATHY PARETO & ASSOCIATES, INC"
1560123,"Catterton Management Company, L.L.C."
2064807,"Cauble & Harre Wealth Management, Inc."
1165797,CAUSEWAY CAPITAL MANAGEMENT LLC
2132639,Causey Wealth LLC
1655543,"Cavalier Investments, LLC"
2051323,CAXTON ASSOCIATES LLP
1388551,CAXTON CORP
1159363,CAZ INVESTMENTS LP
1795934,"CBIZ Investment Advisory Services, LLC"
2055702,"CBM Financial, LLC"
1033984,CBRE INVESTMENT MANAGEMENT LISTED REAL ASSETS LLC
1771169,"CCG WEALTH MANAGEMENT, LLC"
931097,CCM INVESTMENT ADVISERS LLC
1719387,CDAM (UK) Ltd
2077836,"CDC Financial, Inc."
2109928,CDKV HOLDINGS LLC
2107537,"CDM FINANCIAL COUNSELING SERVICES, INC."
1798986,"Cedar Mountain Advisors, LLC"
1954337,"Cedar Point Capital Partners, LLC"
1665642,"Cedar Wealth Management, LLC"
2114448,Cedarwood Wealth LLC
1861244,Cederberg Capital Ltd
2134767,Cedrus Wealth Group LLC
1860698,"CEERA INVESTMENTS, LLC"
1722439,"Ceeto Capital Group, LLC"
891943,"CENTAURUS FINANCIAL, INC."
1951376,"Centennial Advisors, LLC"
1994744,Centennial Bank/AR/
1839421,Centennial Wealth Advisory LLC
1844878,Center For Asset Management LLC
1803557,"Center for Financial Planning, Inc."
2121390,Center for Wealth Management Advisory
1872738,CenterBook Partners LP
1484836,"Centerbridge Partners, L.P."
1802059,"Centerline Wealth Advisors, LLC"
1733788,"Centerpoint Advisors, LLC"
2054093,Centerpoint Advisory Group
1725296,CENTERSQUARE INVESTMENT MANAGEMENT LLC
1722053,"CenterStar Asset Management, LLC"
1692507,"Centiva Capital, LP"
1583672,Central Asset Investments & Management Holdings (HK) Ltd
1175954,CENTRAL BANK & TRUST CO
1914083,CENTRAL BANK OF BRAZIL
2020066,Central Pacific Bank - Trust Division
18748,Central Securities Corp
44365,CENTRAL TRUST Co
2010698,"CENTRAL VALLEY ADVISORS, LLC"
1752761,Centric Wealth Management
1951368,Centurion Wealth Management LLC
1054522,CenturyLink Investment Management Co
1525907,"Cerberus Capital Management, L.P."
1936416,Cercano Management LLC
1738726,Ceredex Value Advisors LLC
1566475,Cerity Partners LLC
1519611,Cerity Partners OCIO LLC
2128338,Cerity Partners Retirement Plan Advisors LLC
1842669,Cerro Pacific Wealth Advisors LLC
1731732,Certified Advisory Corp
2055620,"CERTIOR FINANCIAL GROUP, LLC"
1800752,"CERTUITY, LLC"
1666741,Cetera Investment Advisers
2005547,"Cetera Trust Company, N.A"
1365341,Cevian Capital II GP LTD
1854428,CFC Planning Co LLC
2133547,"CFG Wealth Management Services, Inc."
1801097,CFM WEALTH PARTNERS LLC
2114167,CFO CAPITAL MANAGEMENT LLC
1706351,"CFO4Life Group, LLC"
1845688,"CFS Investment Advisory Services, LLC"
1992785,"CGC Financial Services, LLC"
1841506,CGN Advisors LLC
1250731,CHAI TRUST CO LLC
2057602,Challenger Wealth Management
1315478,"Champlain Investment Partners, LLC"
1997453,"Chan Zuckerberg Initiative, LLC"
2059742,Chancellor Financial Group WB LP
1665018,"Chandler Asset Management, Inc."
2012041,"Chaney Capital Management, Inc."
1975550,CHANNEL WEALTH LLC
1302404,"Channing Capital Management, LLC"
1901222,"Channing Global Advisors, LLC"
872098,"CHAPIN DAVIS, INC."
2056577,"CHAPMAN FINANCIAL GROUP, LLC"
1751006,"Chapman Investment Management, LLC"
2056602,"Charis Legacy Partners, LLC"
884546,CHARLES SCHWAB INVESTMENT MANAGEMENT INC
1776551,Charles Schwab Trust Bank
1789219,Charles Schwab Trust Co
1634255,Charles-Lim Capital Ltd
2076040,"Charter Capital Management, LLC\DE"
2022905,Charter Oak Advisors LP
1810720,"Charter Oak Capital Management, LLC"
1666624,"CHARTER RESEARCH & INVESTMENT GROUP, INC."
1129770,CHARTIST INC /CA/
19475,CHASE INVESTMENT COUNSEL CORP
1108969,"CHATHAM CAPITAL GROUP, INC."
2102688,Chatterton & Associates Inc.
1598186,"Checchi Capital Advisers, LLC"
1032814,CHECK CAPITAL MANAGEMENT INC/CA
1977548,Checkpoint Capital L.P.
1276755,CHELSEA COUNSEL CO
1910183,Chemistry Wealth Management LLC
790354,CHEMUNG CANAL TRUST CO
2077903,Cherokee Insurance Co
1877829,"Cherry Creek Investment Advisors, Inc."
1985414,"Cherry Tree Wealth Management, LLC"
1907327,"CHERRYDALE WEALTH MANAGEMENT, LLC"
1079397,CHESAPEAKE ASSET MANAGEMENT LLC
1093908,CHESAPEAKE CAPITAL CORP /IL/
1730383,Chesapeake Wealth Management
1697162,Chescapmanager LLC
1164632,Chesley Taft & Associates LLC
1427147,"Cheviot Value Management, LLC"
93410,CHEVRON CORP
1462020,"Chevy Chase Trust Holdings, LLC"
1580162,"Chicago Capital Management, LLC"
1740053,"Chicago Capital, LLC"
1563525,Chicago Partners Investment Group LLC
1601539,CHICAGO TRUST Co NA
1592178,"Chicago Wealth Management, Inc."
1276460,CHICKASAW CAPITAL MANAGEMENT LLC
1926037,Chico Wealth RIA
1491126,"Chieftain Capital Management, Inc."
2092549,Children's Medical Center Corp
1849561,"CHILDRESS CAPITAL ADVISORS, LLC"
1056859,CHILTON CAPITAL MANAGEMENT LLC
1332632,CHILTON INVESTMENT CO INC.
1906594,"China Universal Asset Management Co., Ltd."
2106200,"China-UAE Investment Cooperation Fund, L.P."
1830922,"CHIRON CAPITAL MANAGEMENT, LLC"
1399794,Choate Investment Advisors
1842357,Choice Wealth Advisors LLC
2057199,"Chokshi & Queen Wealth Advisors, Inc"
1679031,"CHOREO, LLC"
1389403,Chou Associates Management Inc.
2032404,Chris Bulman Inc
2032544,"Christensen, King & Associates Investment Services, Inc."
2055071,"Christian Investment Advisors, Inc."
2097609,CHRISTINE MESSMER PC
1801792,"Chronos Wealth Management, LLC"
2054278,"Chung Wu Investment Group, LLC"
2095935,"Churchill Financial Advisors, LLC"
1163648,CI INVESTMENTS INC.
1021926,CIBC Asset Management Inc
1711924,CIBC Bancorp USA Inc.
1421224,CIBC WORLD MARKET INC.
2060725,CIBRA Capital Ltd
1621915,CIDEL ASSET MANAGEMENT INC
49969,CIGNA INVESTMENTS INC /NEW
1179791,CIM INVESTMENT MANAGEMENT INC
1364725,"CIM, LLC"
1279888,CINCINNATI CASUALTY CO
20286,CINCINNATI FINANCIAL CORP
1279886,CINCINNATI INDEMNITY CO
1279885,CINCINNATI INSURANCE CO
1426763,Cincinnati Specialty Underwriters Insurance CO
1787258,Cinctive Capital Management LP
1653012,Ciovacco Capital Management LLC
1578242,"Circle Wealth Management, LLC"
1742372,Circumference Group LLC
858877,"Cisco Systems, Inc."
1423053,CITADEL ADVISORS LLC
1811907,"Citadel Investment Advisory, Inc."
831001,CITIGROUP INC
810958,CITIZENS & NORTHERN CORP
1948632,Citizens Business Bank
759944,CITIZENS FINANCIAL GROUP INC/RI
1806425,Citizens National Bank Trust Department
2053242,Citrine Capital LLC
2030341,"City Center Advisors, LLC"
726854,CITY HOLDING CO
709447,CITY NATIONAL BANK OF FLORIDA /MSD
1034546,CITY OF LONDON INVESTMENT MANAGEMENT CO LTD
1910666,City State Bank
2112250,"Civilization Ventures Management, LLC"
1992748,"CJM Wealth Advisers, Ltd."
1600403,CKW FINANCIAL GROUP
1593410,Claar Advisors LLC
1911520,"Cladis Investment Advisory, LLC"
1376192,Clal Insurance Enterprises Holdings Ltd
2054098,Clare Market Investments LLC
1961628,Clarendon Private LLC
1735513,Claret Asset Management Corp
2081211,"Clarion Wealth Managment Partners, LLC"
1905092,"CLARIS ADVISORS, LLC / MO /"
2060278,Claris Financial LLC
1756759,"Clarity Asset Management, Inc."
2011219,"Clarity Capital Advisors, LLC"
1862145,Clarity Financial LLC
2103352,"Clarity Retirement & Wealth, LLC"
1767384,"Clarity Wealth Advisors, LLC"
2048774,Clarity Wealth Development LLC
2048750,"Clark & Stuart, Inc"
2062026,"Clark Asset Management, LLC"
1352187,"Clark Capital Management Group, Inc."
1056466,CLARK ESTATES INC/NY
1001011,CLARK FINANCIAL SERVICES GROUP INC                      /BD
2107657,Clark Wealth Partners
1562855,"Clarkston Capital Partners, LLC"
1764386,Claro Advisors Inc.
1844568,"Clarus Group, Inc."
1730149,Clarus Wealth Advisors
1915687,"Clay Northam Wealth Management, LLC"
2011212,Clayton Financial Group LLC
1550509,Clayton Partners LLC
1538642,"Clayton, Dubilier & Rice, LLC"
1911523,Clean Energy Transition LLP
1525865,Clean Yield Group
1784235,"Clear Creek Financial Management, LLC"
1511857,"Clear Harbor Asset Management, LLC"
1635523,"CLEAR INVESTMENT RESEARCH, LLC"
2010474,Clear Point Advisors Inc.
2112984,Clear Retirement Advice LLC
1881567,Clear Street Group Inc.
2097856,"Clear Trail Advisors, LLC"
2113615,CLEAR WAVE WEALTH MANAGEMENT LLC
1972331,ClearAlpha Technologies LP
1348883,"Clearbridge Investments, LLC"
1643569,CLEARFIELD CAPITAL MANAGEMENT LP
1688282,"CLEARLAKE CAPITAL GROUP, L.P."
1600136,Clearline Capital LP
842775,"Clearstead Advisors, LLC"
1708001,"Clearstead Trust, LLC"
1857588,Clearview Wealth Management LLC
1690531,"Clearwater Capital Advisors, LLC"
2111821,"Clearwave Capital, LLC"
2059872,CLG LLC
1802816,"CLIENT 1ST ADVISORY GROUP, LLC"
1822065,Client First Capital LLC
2018284,Client First Investment Management LLC
1915494,"Clientfirst Wealth Management, LLC"
1965522,"Clifford Group, LLC"
1034642,CLIFFORD SWAN INVESTMENT COUNSEL LLC
1659851,Cliffwater LLC
944361,"CLIFTONLARSONALLEN WEALTH ADVISORS, LLC"
2011229,Climber Capital SA
1986196,Clio Asset Management LLC
2103520,"Closed-End Fund Advisors, Inc."
2060492,"Cloud Capital Management, LLC"
1745907,CloudAlpha Capital Management Limited/Hong Kong
1276144,CLOUGH CAPITAL PARTNERS L P
1819581,"CLOVERFIELDS CAPITAL GROUP, LP"
1517638,Clutterbuck Capital Management LLC
1841857,"CM Management, LLC"
1764581,CM WEALTH ADVISORS LLC
1770940,CMC Financial Group
1839445,"CMG Global Holdings, LLC"
1657516,CMH Wealth Management LLC
1632813,CMT Capital Markets Trading GmbH
21175,CNA FINANCIAL CORP
1732074,CNB Bank
1224608,"CNO Financial Group, Inc."
1759662,"Coalescence Partners Investment Management, LP"
1665976,"Coastal Bridge Advisors, LLC"
2112134,Coastline Complete Wealth LLC
1324279,Coastline Trust Co
1934500,"Coastwise Capital Group, LLC"
1135730,COATUE MANAGEMENT LLC
1086762,"COBALT CAPITAL MANAGEMENT, INC."
1994512,Cobblestone Asset Management LLC
2039212,Code Waechter LLC
2030542,Codex Capital Asset Management L.L.C.
1860790,COERENTE CAPITAL MANAGEMENT
2104330,"COFG Advisors, LLC"
2078392,"Cogent Private Wealth, Inc."
2106852,COGENT STRATEGIC WEALTH LLC
2054047,"CogentBlue Wealth Advisors, LLC"
2056438,Cohalo Advisory LLC
1284812,"COHEN & STEERS, INC."
1508120,"Cohen Capital Management, Inc."
1845081,Cohen Investment Advisors LLC
1453620,Cohen Klingenstein LLC
2056441,Coign Capital Advisors LLC
2087493,CoinFund Management LLC
1082339,COLDSTREAM CAPITAL MANAGEMENT INC
1939136,Coleford Investment Management Ltd.
1409751,"Coliseum Capital Management, LLC"
2132074,"Collaborative Fund Advisors, LLC"
1896419,Collaborative Wealth Managment Inc.
2056719,"Collar Capital Management, LLC"
1845066,COLLECTIVE FAMILY OFFICE LLC
1902901,Collier Financial
1845859,"Colonial River Investments, LLC"
1567993,Colonial Trust Advisors
1954093,Colonial Trust Co / SC
1633573,"Colony Family Offices, LLC"
1664147,"Colorado Capital Management, Inc."
1216093,COLRAIN CAPITAL LLC
2107902,Colter Lewis Investment Partners LLC
1780330,"COLTON GROOME FINANCIAL ADVISORS, LLC"
1808179,COLUMBIA ADVISORY PARTNERS LLC
1585047,Columbia Asset Management
2017259,Columbia Bank
2057074,"Columbia River Financial Group, LLC"
1384982,"Columbus Hill Capital Management, L.P."
1727269,"Columbus Macro, LLC"
1833486,Column Group LLC
1574947,COMGEST GLOBAL INVESTORS S.A.S.
1567247,"Commerce Advisors, LLC"
1009076,COMMERCE BANK
852933,COMMERZBANK AKTIENGESELLSCHAFT /FI
1831942,Commodore Capital LP
2022949,COMMON FUND FOR NONPROFIT ORGANIZATIONS
1912835,"COMMONS CAPITAL, LLC"
8565,Commonwealth Bank of Australia
312272,"COMMONWEALTH EQUITY SERVICES, LLC"
1536755,"Commonwealth Financial Services, LLC"
1083190,COMMONWEALTH OF PENNSYLVANIA PUBLIC SCHOOL EMPLS RETRMT SYS
1963787,Commonwealth Retirement Investments LLC
1654847,"Community Bank & Trust, Waco, Texas"
1599923,Community Bank of Raymore
1632187,"Community Bank, N.A."
1537319,"Community Financial Services Group, LLC"
1047142,COMMUNITY TRUST & INVESTMENT CO
1615423,Compagnie Lombard Odier SCmA
1720292,Compass Advisory Group LLC
749763,COMPASS CAPITAL CORP /MA/ /ADV
1002152,"COMPASS CAPITAL MANAGEMENT, INC"
1666910,"Compass Financial Group, Inc."
2115210,"Compass Financial Group, Inc. (Ohio)"
1964835,"Compass Financial Group, INC/SD"
2039088,Compass Financial Services Inc
1621100,"Compass Ion Advisors, LLC"
2046823,Compass Planning Associates Inc
1758811,"COMPASS ROSE ASSET MANAGEMENT, LP"
1965653,Compass Wealth Management LLC
2076480,"Compass Wealth Management, LLC/GA"
1585859,"Composition Wealth, LLC"
1962450,"Compound Global Advisors, LLC"
1978879,"Compound Planning, Inc."
1915714,"Comprehensive Financial Consultants Institutional, Inc."
1799802,Comprehensive Financial Management LLC
2044855,"Comprehensive Financial Planning, Inc./PA"
2058921,Comprehensive Money Management Services LLC
1535202,"Comprehensive Wealth Management, LLC"
1844567,"Compton Financial Group, LLC"
1761044,"Compton Wealth Advisory Group, LLC"
1851869,"Concentric Capital Strategies, LP"
1765387,Concentrum Wealth Management
2031885,"Concord Asset Management, LLC/VA"
2022154,Concord Investment Counsel Inc.
1814214,Concord Wealth Partners
1911822,Concorde Financial Corp
2001015,"Concurrent Investment Advisors, LLC"
1847739,"Condire Management, LP"
1082491,CONDOR CAPITAL MANAGEMENT
1163744,"Conestoga Capital Advisors, LLC"
1442056,CONFLUENCE INVESTMENT MANAGEMENT LLC
1910411,"Confluence Wealth Services, Inc."
897378,CONGRESS ASSET MANAGEMENT CO
1730945,Congress Park Capital LLC
2085569,"Congruence Capital, LLC"
1773994,"Conifer Management, L.L.C."
914933,CONNABLE OFFICE INC
2097898,"Connecticut Capital Management Group, LLC"
1689829,"Connecticut Wealth Management, LLC"
1543568,"Connective Capital Management, LLC"
1905083,"Connective Portfolio Management, LLC"
801051,CONNING INC.
1596800,"Connor, Clark & Lunn Investment Management Ltd."
884548,CONNORS INVESTOR SERVICES INC
2052436,CONQUIS FINANCIAL LLC
1729242,Conrad N. Hilton Foundation
1905875,"Conrad Siegel Investment Advisors, Inc."
2011014,"CONSCIOUS WEALTH INVESTMENTS, LLC"
1705716,"Conservest Capital Advisors, Inc."
1908944,"CONSILIO WEALTH ADVISORS, LLC"
1904906,"Consilium Wealth Advisory, LLC"
1666613,"CONSOLIDATED CAPITAL MANAGEMENT, LLC"
1556168,Consolidated Investment Group LLC
1972835,Consolidated Portfolio Review Corp
1260786,CONSOLIDATED PRESS INTERNATIONAL HOLDINGS LTD
1995383,Constant Guidance Financial LLC
1573575,"Constellation Investments, Inc."
1845531,Constitution Capital LLC
1510677,Consulta Ltd
1845849,"CONSULTIVA WEALTH MANAGEMENT, CORP."
1301396,"Context Capital Management, LLC"
1277779,CONTINENTAL ADVISORS LLC
24046,CONTINENTAL GENERAL INSURANCE CO
929607,CONTINENTAL GRAIN CO
883634,"CONTINENTAL INVESTORS SERVICES, INC."
1846532,"Continuum Advisory, LLC"
1966482,"CONTINUUM WEALTH ADVISORS, LLC"
1510669,Contour Asset Management LLC
1050417,"CONTRARIAN CAPITAL MANAGEMENT, L.L.C."
2054801,Contrarius Group Holdings Ltd
1365707,"CONTRAVISORY INVESTMENT MANAGEMENT, INC."
2034001,"Convergence Financial, LLC"
1456133,"Convergence Investment Partners, LLC"
2043653,Converium Capital Inc.
1850901,Conversant Capital LLC
2044929,"CONWAY CAPITAL MANAGEMENT, INC."
1542280,"Cook & Bynum Capital Management, LLC"
24386,COOKE & BIELER LP
2093659,"Cooke Wealth Management, LLC"
2016393,"Cooksen Wealth, LLC"
1141455,COOKSON PEIRCE & CO INC
1957878,Cooper Capital Advisors LLC
1512162,COOPER CREEK PARTNERS MANAGEMENT LLC
1751581,Cooper Financial Group
1561728,COOPER INVESTORS PTY LTD
1654033,"COOPER/HAIMS ADVISORS, LLC"
898382,COOPERMAN LEON G
2055532,"Coordinated Financial Services, Inc."
1541743,"Copeland Capital Management, LLC"
2058771,Copia Wealth Management
2045258,"Copley Financial Group, Inc."
1848433,Coppell Advisory Solutions LLC
2100569,Copperwood Asset Management LP
2103792,Coquina Private Wealth LLC
1964530,CORA CAPITAL ADVISORS LLC
2135133,"Coral Wealth Management, LLC"
919538,CORBYN INVESTMENT MANAGEMENT INC/MD
1545812,"CORDA Investment Management, LLC."
1830942,"Cordant, Inc."
1715862,Cordatus Wealth Management LLC
1912040,"Cordgrass Capital Advisors, LLC"
2067133,Cordoba Advisory Partners LLC
1776878,Core Alternative Capital
1770532,"Core Wealth Advisors, Inc."
2110114,"CORE WEALTH ADVISORS, LLC"
1965150,"Core Wealth Management, Inc."
1965078,Core Wealth Partners LLC
1889539,"Corebridge Financial, Inc."
2110914,Corecam AG
2106977,Corecam Pte. Ltd.
1902501,"CoreCap Advisors, LLC"
1301743,"CoreCommodity Management, LLC"
1845838,COREPATH WEALTH PARTNERS LLC
1842785,CoreView Capital Management Ltd
2058426,Corient IA LLC
1948780,Corient Private Wealth LLC
2031771,"Corigliano Investment Advisers, LLC"
1583977,"Cormorant Asset Management, LP"
1736260,"Cornell Pochily Investment Advisors, Inc."
2044324,"CORNERSTONE ADVISORS ASSET MANAGEMENT, LLC"
1775446,"Cornerstone Advisors, LLC"
1668189,"Cornerstone Advisory, LLC"
819535,"Cornerstone Capital, Inc."
1987314,"CORNERSTONE ENTERPRISES, LLC"
2056783,"Cornerstone Financial Group, LLC /NE/"
2110329,Cornerstone Financial Management LLC
1328062,"Cornerstone Investment Partners, LLC"
1587867,"Cornerstone Management, Inc."
2104293,Cornerstone National Bank & Trust Co
1845620,"CORNERSTONE PARTNERS CAPITAL MANAGEMENT, LLC"
1822587,Cornerstone Planning Group LLC
1802105,"Cornerstone Planning, LLC"
2055366,"Cornerstone Select Advisors, LLC"
1862176,"Cornerstone Wealth Advisors, Inc."
1774879,"Cornerstone Wealth Group, LLC"
1674117,"Cornerstone Wealth Management, LLC"
2109292,"Cornerstone Wealth Partners, LLC"
2135644,"Cornerstone Wealth, LLC/TN"
1594320,Coronation Fund Managers Ltd.
2054234,"Corps Capital Advisors, LLC"
1482611,"CORRADO ADVISORS, LLC"
1537323,"Corre Partners Management, LLC"
1844835,CORRECT CAPITAL WEALTH MANAGEMENT
1276470,"CORSAIR CAPITAL MANAGEMENT, L.P."
1869923,Corsicana & Co.
1014315,CORTLAND ASSOCIATES INC/MO
1486083,"Corundum Group, Inc."
1987720,"Corundum Trust Company, INC"
1894830,Corus Family Wealth Advisors
1535472,Corvex Management LP
2113747,"COSMIC MANAGEMENT, LLC"
1674627,"Cosner Financial Group, LLC"
1760145,"Costello Asset Management, INC"
1945037,"Coston, McIsaac & Partners"
1665302,Cottage Street Advisors LLC
1903321,"COTTONWOOD CAPITAL ADVISORS, LLC"
1984078,"Council Ring Capital, LLC"
2022076,"Councilmark Asset Management, LLC"
1698461,Counterpoint Mutual Funds LLC
2012467,"Counterweight Ventures, LLC"
1209324,COUNTRY TRUST BANK
1119376,COURAGE CAPITAL MANAGEMENT LLC
1482106,"Courage Miller Partners, LLC"
1695426,Courant Investment Management LLC
1015247,COURIER CAPITAL LLC
1531611,Covalent Partners LLC
1876826,Covalis (Gibraltar) Ltd
1698819,Covalis Capital LLP
2015131,"Cove Private Wealth, LLC"
1636948,Covea Finance
1697717,"Covenant Asset Management, LLC"
1302739,"Covenant Partners, LLC"
1909846,Covestor Ltd
1569036,Covington Investment Advisors Inc.
1844480,"COWA, LLC"
1748728,Cox Capital Mgt LLC
1593038,Coyle Financial Counsel LLC
709428,COZAD ASSET MANAGEMENT INC
1963967,"CPA Asset Management Group, LLC"
1805250,"CPC Advisors, LLC"
1372218,CPMG Inc
1775053,CPR Investments Inc.
1763844,"CPV Partners, LLC"
2134744,"CPWA, LLC"
1765594,"CRA Financial Services, LLC"
1536557,"Crabel Capital Management, LLC"
1789082,Crake Asset Management LLP
820743,CRAMER ROSENTHAL MCGLYNN LLC
1599084,"Cranbrook Wealth Management, LLC"
1951283,"Crane Advisory, LLC"
1966116,"Cravens & Co Advisors, LLC"
1816427,"Crawford Fund Management, LLC"
837592,CRAWFORD INVESTMENT COUNSEL INC
1483234,CRCM LP
1957363,Creative Capital Management Investments LLC
819864,CREATIVE FINANCIAL DESIGNS INC /ADV
1540235,Creative Planning
1739728,"CreativeOne Wealth, LLC"
1191672,CREDIT AGRICOLE S A
1631208,Credit Capital Investments LLC
1274419,CREDIT INDUSTRIEL ET COMMERCIAL
2111824,Creek Drive Management Group LLC
2013091,Creekmur Asset Management LLC
2035951,Creekside Partners
1713520,"Crescent Grove Advisors, LLC"
1629984,"Crescent Park Management, L.P."
1962005,"Crescent Sterling, Ltd."
1761013,"Cresset Asset Management, LLC"
1947670,"Cresta Advisors, Ltd."
1536054,"Crestline Management, L.P."
1873372,Crestmont Private Wealth LLC
1505639,"Crestview Partners II GP, L.P."
1703027,"Crestview Partners III GP, L.P."
1818687,"Crestview Partners IV GP, L.P."
1426853,"Crestwood Advisors Group, LLC"
1468395,"Crestwood Capital Management, L.P."
1835669,"Crew Capital Management, Ltd"
1730033,Crewe Advisors LLC
2052279,Crews Bank & Trust
2065494,"Cria, Inc."
2018922,"CRITERIA CAIXA, S.A.U."
1694663,CROBAN
1956498,Crocodile Capital Partners GmbH
1894712,Cromwell Holdings LLC
1595683,CROSBY Co OF NEW HAMPSHIRE LLC
1900406,Cross Staff Investments Inc
2112179,"CrossGen Wealth, LLC"
1770024,"Crossingbridge Advisors, LLC"
1104329,CROSSLINK CAPITAL INC
1539204,"Crossmark Global Holdings, Inc."
1927769,"CROSSPOINT FINANCIAL, LLC"
1898772,Crow's Nest Holdings LP
1733248,"CROWN ADVISORS MANAGEMENT, INC."
2009273,"Crown Oak Advisors, LLC"
1845698,"Crown Wealth Group, LLC"
1713506,"Cruiser Capital Advisors, LLC"
1759578,Crumly & Associates Inc.
2112003,Crusonia Wealth Advisors LLC
2054270,CRUX WEALTH ADVISORS
1633969,Cryder Capital Partners LLP
2129719,"Crystal Cove Asset Management, LLC"
1510668,Crystal Rock Capital Management
1715593,Csenge Advisory Group
1863523,"CSM Advisors, LLC"
2111080,"CSP Financial Group, LLC"
1103646,CSS LLC/IL
1534469,"CSU Producer Resources, Inc."
1569550,"CTC Alternative Strategies, Ltd."
1445893,CTC LLC
1224890,CULBERTSON A N & CO INC
1362535,"Cullen Capital Management, LLC"
797203,"CULLEN INVESTMENT GROUP, LTD."
39263,"Cullen/Frost Bankers, Inc."
1161670,CULLINAN ASSOCIATES INC
1989476,"CULTIVAR CAPITAL, INC."
1255435,CUMBERLAND ADVISORS INC
1578985,Cumberland Partners Ltd
1571075,"Cunning Capital Partners, LP"
2056729,"CURA WEALTH ADVISORS, LLC"
2063003,"Curat Global, LLC"
1781284,Curated Wealth Partners LLC
1754072,Curative Ventures V LLC
1608057,Curbstone Financial Management Corp
1332905,"Curi Capital, LLC"
2049201,"CURIO WEALTH, LLC"
1843867,"Curran Financial Partners, LLC"
1664656,"Curtis Advisory Group, LLC"
2108708,CURTIS WEALTH MANAGEMENT LLC
1329375,"CUSHING ASSET MANAGEMENT, LP dba NXG INVESTMENT MANAGEMENT"
2054827,"Cushing Capital Partners, LLC"
1353098,"Cutler Capital Management, LLC"
1285973,CUTLER INVESTMENT COUNSEL LLC
1406995,"Cutter & CO Brokerage, Inc."
1872254,CV Advisors LLC
1802084,"CVA Family Office, LLC"
2023131,CVC Management Holdings II Ltd.
1388469,"CVentures, Inc."
2050974,CVFG LLC
64803,CVS HEALTH Corp
1667134,"CWA Asset Management Group, LLC"
1520683,"CWC Advisors, LLC."
1535847,"CWM, LLC"
1802459,"CWS Financial Advisors, LLC"
1737089,CX Institutional
1818014,CYBER HORNET ETFs LLC
2114319,"Cygnus Capital Advisors, LLC"
1950947,"Cyndeo Wealth Partners, LLC"
1763409,"Cynosure Group, LLC"
1341748,Cypress Capital Group
1633896,Cypress Capital Management LLC (WY)
1729939,"Cypress Capital, LLC"
1937021,CYPRESS FINANCIAL PLANNING LLC
1081198,CYPRESS FUNDS LLC
2058475,CYPRESS POINT INVESTMENT MANAGEMENT LP
1825611,"Cypress Point Wealth Management, LLC"
1721527,"Cypress Wealth Services, LLC"
2010666,Cyr Financial Inc.
1166564,"CYRUS CAPITAL PARTNERS, L.P."
1908923,Czech National Bank
1021117,D L CARLSON INVESTMENT GROUP INC
1646821,"D'Orazio & Associates, Inc."
1009207,"D. E. Shaw & Co., Inc."
1080107,D.A. DAVIDSON & CO.
1731717,"D.B. Root & Company, LLC"
1747057,D1 Capital Partners L.P.
1389933,DAFNA Capital Management LLC
1624576,"DAG VENTURES, LLC"
1767343,"DAGCO, INC."
2053669,DAHRING | CUSMANO LLC
1697728,"Dai-ichi Life Insurance Company, Ltd"
1977663,Dai-ichi Life International Holdings LLC
1173460,DAIDO LIFE INSURANCE CO
783412,DAILY JOURNAL CORP
1481045,Daiwa Securities Group Inc.
1631353,Dakota Wealth Management
1549575,"Dalal Street, LLC"
2041427,Dale Q Rice Investment Management Ltd
1388838,"Dalton Investments, Inc."
1427514,"Dana Investment Advisors, Inc."
1956649,"Daner Wealth Management, LLC"
2096095,"Danica Pension, Livsforsikringsaktieselskab"
2110543,Danmarks Nationalbank
800177,DANSKE BANK A/S
1891892,"DARA CAPITAL US, INC."
2011221,Darden Wealth Group Inc
1853322,DARK FOREST CAPITAL MANAGEMENT LP
1854440,"DARLINGTON PARTNERS CAPITAL MANAGEMENT, LP"
1908169,"Darrow Company, Inc."
1609098,Darsana Capital Partners LP
1839209,"Darwin Global Management, Ltd."
1663224,"Darwin Wealth Management, LLC"
2064978,"Darwins River Capital, LP"
1745885,Dash Acquisitions Inc.
1664974,"Data Collective IV GP, LLC"
2044285,"Dauntless Investment Group, LLC"
887777,DAVENPORT & Co LLC
1823718,"Daventry Group, LP"
2003147,"Davern Capital Partners, LP"
1836266,David J Yvars Group
1954126,David Kennon Inc
1808748,Davidson Capital Management Inc.
1140771,DAVIDSON INVESTMENT ADVISORS
2055535,"Davidson Kahn Capital Management, LLC"
1595082,Davidson Kempner Capital Management LP
1133119,DAVIDSON TRUST CO
2020296,"Davies Financial Advisors, Inc."
2104394,"Daviman Financial, LLC"
1945894,"Davis Asset Management, L.P."
1811806,Davis Capital Management
1963865,"Davis Investment Partners, LLC"
891287,DAVIS R M INC
1036325,Davis Selected Advisers
2104502,"Davis Wealth Advisors, LLC"
1482171,DAVIS-REA LTD.
1980739,Dayah Capital LLC
2107111,"Daybright Advisory Services, Inc."
1956824,"DAYMARK WEALTH PARTNERS, LLC"
2101936,Daytona Street Capital LLC
1885767,"DB Fitzpatrick & Co, Inc"
2107377,"DB&C Advisors, LLC"
2067608,"DBA TRADING, LLC"
1869028,"DC Funds, LP"
1565951,"DC Investments Management, LLC"
1802493,"DCF Advisers, LLC"
1839498,"DCM Advisors, LLC"
1668343,"DCVC Opportunity Fund II GP, LLC"
1729673,"DDD Partners, LLC"
1967640,"DDFG, Inc"
1134288,DE BURLO GROUP INC
2011184,De Lisle Partners LLP
1455468,Dean Capital Management
846797,"DEAN INVESTMENT ASSOCIATES, LLC"
1869456,"Dean, Jacobson Financial Services, LLC"
1659346,"Deane Retirement Strategies, Inc."
1206792,DEARBORN PARTNERS LLC
1915836,DECADE RENEWABLE PARTNERS LP
1950677,Decagon Asset Management LLP
1920624,Decas Capital LLC
1505961,"Decatur Capital Management, Inc."
2010850,Decheng Capital LLC
2111652,"DECISION INVESTMENTS, INC"
2001526,"DecisionMap Wealth Management, LLC"
1938514,"DecisionPoint Financial, LLC"
1975700,Decker Retirement Planning Inc.
2129751,Decker Wealth Management LLC
2111350,Declaration Partners LP
2113408,Dedeker Financial LLC
1717658,"DeDora Capital, Inc."
1856083,"Deep Track Capital, LP"
1754535,DeepCurrents Investment Group LLC
1964171,"DEEPWATER ASSET MANAGEMENT, LLC"
1494127,Deer Management Co. LLC
1702490,Deer Park Road Corp
1009258,"DEERFIELD MANAGEMENT COMPANY, L.P."
1766929,"Defender Capital, LLC."
1732541,"Defiance ETFs, LLC"
2088557,"Defilade Capital Management, L.P."
2021320,"DEFINE FINANCIAL, LLC"
1849518,"DEFINED WEALTH MANAGEMENT, LLC"
1456228,DekaBank Deutsche Girozentrale
1610580,"Del-Sette Capital Management, LLC"
1661536,Delaney Dennis R
2070361,"DeLarme Wealth Management, Inc."
2056289,"Delaware Ladera Management Company, Inc."
1878326,"Delos Wealth Advisors, LLC"
859139,"Delphi Financial Group, Inc."
767684,DELPHI MANAGEMENT INC /MA/
1808389,"Delta Accumulation, LLC"
27904,"DELTA AIR LINES, INC."
860857,DELTA ASSET MANAGEMENT LLC/TN
893738,DELTA CAPITAL MANAGEMENT LLC
1790295,DELTA FINANCIAL ADVISORS LLC
1992724,Delta Global Management LP
1757043,"Delta Investment Management, LLC"
1970701,Delta Wealth Advisors LLC
1269950,DELTEC ASSET MANAGEMENT LLC
2104766,Deltroit Asset Management (UK) LLP
1723115,"Demars Financial Group, LLC"
760639,DEMMING FINANCIAL SERVICES CORP /ADV
1592614,Dempze Nancy E
1142941,DENALI ADVISORS LLC
1782124,DENDUR CAPITAL LP
1999514,denkapparat Operations GmbH
1657980,"Denver PWM, LLC"
1909800,"DENVER WEALTH MANAGEMENT, INC."
1008894,DEPRINCE RACE & ZOLLO INC
1278678,DEROY & DEVEREAUX PRIVATE INVESTMENT COUNSEL INC
1789351,Deseret Mutual Benefit Administrators
1278573,Destination Wealth Management
1965275,Destiny Capital Corp/CO
1844369,"Destiny Wealth Partners, LLC"
1799677,"Detalus Advisors, LLC"
1860487,"Deuterium Capital Management, LLC"
948046,DEUTSCHE BANK AG\
1090012,DEVON ENERGY CORP/DE
934999,DF DENT & CO INC
1512716,"DG Capital Management, LLC"
1900110,"DGS Capital Management, LLC"
1844716,"DHJJ Financial Advisors, Ltd."
2026172,DIADEMA PARTNERS LP
1731124,"DIAMANT ASSET MANAGEMENT, INC."
1727012,Diameter Capital Partners LP
1719087,"Diametric Capital, LP"
1217541,DIAMOND HILL CAPITAL MANAGEMENT INC
1633391,Diana Davis Spencer Foundation
2038325,"Dickmeyer Boyce Financial Management, Inc."
2108559,"Diesslin Group, Inc."
1679688,"DigitalBridge Group, Inc."
1276525,DIKER MANAGEMENT LLC
1922880,Dilation Capital Management LP
1549042,"Diligent Investors, LLC"
1054425,DILLON & ASSOCIATES INC
1041773,DIMENSION CAPITAL MANAGEMENT LLC
354204,DIMENSIONAL FUND ADVISORS LP
1994563,"DiNuzzo Private Wealth, Inc."
2111462,"DiPaolo Financial Group, Inc."
2105817,Directional Asset Management
1632958,Discerene Group LP
1993404,Disciplina Capital Management LLC
2010507,"Discipline Wealth Solutions, LLC"
1909380,"Disciplined Equity Management, Inc."
1050442,DISCIPLINED GROWTH INVESTORS INC /MN
1812492,"Disciplined Investments, LLC"
2056242,"Disciplined Investors, L.L.C."
1389507,"DISCOVERY CAPITAL MANAGEMENT, LLC / CT"
1750451,Discovery Value Fund
1741001,Distillate Capital Partners LLC
2089718,Div Capital Phoenix Assets Ltd
1561877,"Divco West Real Estate Services, LLC"
2037264,"Diversified Enterprises, LLC"
1427196,"Diversified Investment Strategies, LLC"
922372,DIVERSIFIED MANAGEMENT INC
1634212,"Diversified Portfolios, Inc."
1479844,Diversified Trust Co
2021232,"Diversify Advisory Services, LLC"
2030780,"DIVERSIFY WEALTH MANAGEMENT, LLC"
1365167,"DIVIDEND ASSETS CAPITAL, LLC"
1901865,"Divisadero Street Capital Management, LP"
1645721,Divisar Capital Management LLC
1909993,"DIXON FNANCIAL SERVICES, INC."
1993485,Dixon Mitchell Investment Counsel Inc.
1659196,DJE Kapital AG
2055833,"DKM Wealth Management, Inc."
2080627,DKRT Investments Corp.
1578299,"DLD Asset Management, LP"
2016793,"DLK Investment Management, LLC"
1893403,"DMC Group, LLC"
1489933,"DME Capital Management, LP"
1901337,"DMKC Advisory Services, LLC"
1456670,DNB Asset Management AS
1752759,DNCA FINANCE
1172779,DOCK STREET ASSET MANAGEMENT INC
2074563,Dockside LLC
1973728,"Dodds Wealth, LLC"
200217,Dodge & Cox
2056922,Dogwood Wealth Management LLC
936936,DOHENY ASSET MANAGEMENT /CA
938077,"DOLIVER ADVISORS, LP"
1962221,Doma Perpetual Capital Management LLC
1881335,"Dominguez Wealth Management Solutions, Inc."
814375,"DONALD SMITH & CO., INC."
1487438,"DONALDSON CAPITAL MANAGEMENT, LLC"
2111587,"Donalies Financial Planning, LLC"
1702435,Donoghue Forlines LLC
1535839,"Donor Advised Charitable Giving, Inc."
1904152,"DOPKINS WEALTH MANAGEMENT, LLC"
2095216,Dorato Capital Management
1547007,"Dorsal Capital Management, LP"
1384042,Dorsey & Whitney Trust CO LLC
1671657,"Dorsey Asset Management, LLC"
1376772,Dorsey Wright & Associates
1999144,DORVAL Corp
1959989,DoubleLine ETF Adviser LP
2109295,"Dougherty & Associates, LLC"
1755933,Dougherty Wealth Advisers LLC
1672594,"Douglas Lane & Associates, LLC"
1308527,"Douglass Winthrop Advisors, LLC"
1964541,"DOVER ADVISORS, LLC"
29915,DOW CHEMICAL CO /DE/
2118380,"Downshift Financial, LLC"
1602189,"Dragoneer Investment Group, LLC"
1935795,"Drake & Associates, LLC"
1847921,"Draper Asset Management, LLC"
1910389,DRAVO BAY LLC
2032148,Dream Peak Capital Ltd
1508512,Drexel Morgan & Co.
1630709,"DRH Investments, Inc."
938206,Driehaus Capital Management LLC
1952781,"DRIVE WEALTH MANAGEMENT, LLC"
1053292,DROMS STRAUSS ADVISORS INC /MO/ /ADV
2031642,"Drucker Wealth 3.0, LLC"
2054679,"Drum Hill Capital, LLC"
1808029,Drummond Knight Asset Management Pty Ltd
1481986,"DRW Securities, LLC"
1910462,Drystone LLC
1970572,DSC Meridian Capital LP
2060765,"DSG Capital Advisors, LLC"
1214639,DSM CAPITAL PARTNERS LLC
1537621,"DT Investment Partners, LLC"
2083656,Ducere Wealth Management LLC
883511,"DUDLEY & SHANLEY, INC."
1965760,"DUDLEY CAPITAL MANAGEMENT, LLC"
765443,DUFF & PHELPS INVESTMENT MANAGEMENT CO
1584258,"DUMAC, INC."
1287618,DUMONT & BLAKE INVESTMENT ADVISORS LLC
2011771,"Duncan Williams Asset Management, LLC"
1020585,DUNCKER STREETT & CO INC
1742418,Dundas Partners LLP
1948904,"Dunhill Financial, LLC"
1128251,DUPONT CAPITAL MANAGEMENT CORP
1989251,"Dupree Financial Group, LLC"
1536411,Duquesne Family Office LLC
1798849,Durable Capital Partners LP
1666582,"DURANTE & WATERS, LLC"
2115141,DUTCH ASSET Corp
1721757,DV Trading LLC
2123012,"DWR WEALTH MANAGEMENT, LLC"
1672142,DYMON ASIA CAPITAL (SINGAPORE) PTE. LTD.
1599747,Dynamic Advisor Solutions LLC
2061178,Dynamic Financial Group
1535387,Dynamic Technology Lab Private Ltd
1812853,"Dynamic Wealth Strategies, LLC"
1546790,DYNAMO INTERNACIONAL GESTAO DE RECURSOS LTDA.
1727599,"Dynasty Wealth Management, LLC"
1694217,"DZ BANK AG Deutsche Zentral Genossenschafts Bank, Frankfurt am Main"
1777469,"E Fund Management (Hong Kong) Co., Ltd."
1842296,"E Fund Management Co., Ltd."
1598550,"E&G Advisors, LP"
2109932,"E&R Wealth Management, LLC"
1697865,E-L Financial Corp Ltd
2129940,"E-Wealth Partners, LLC"
2009396,E. Ohman J:or Asset Management AB
2127793,E20 Capital Ltd
2110817,"E6 Portfolios, LLC"
1035912,EADS & HEALD WEALTH MANAGEMENT
1862864,Eagle Bay Advisors LLC
1906547,Eagle Bluffs Wealth Management LLC
945631,EAGLE CAPITAL MANAGEMENT LLC
1600746,"Eagle Capital Management, LLC"
1130787,EAGLE GLOBAL ADVISORS LLC
1842545,Eagle Health Investments LP
1607203,Eagle Point Credit Management LLC
1911407,"EAGLE ROCK INVESTMENT COMPANY, LLC"
1907666,Eagle Strategies LLC
2107271,Eagle Wealth Advisors LLC
2009882,EAGLE WEALTH STRATEGIES LLC
1607636,"EagleClaw Capital Managment, LLC"
1905663,"EARNED WEALTH ADVISORS, LLC"
1102578,EARNEST PARTNERS LLC
1579254,"East Coast Asset Management, LLC."
1766150,EASTERLY INVESTMENT PARTNERS LLC
1126395,EASTERN BANK
1472800,Eastover Investment Advisors LLC
1972322,"Eaton Financial Holdings Company, LLC"
2011052,Eaton-Cambridge Inc.
2102530,Ebert Capital Management Inc.
1846994,"Echo Wealth Management, LLC"
1908617,Echo45 Advisors LLC
1830823,"eCIO, Inc."
743482,ECLECTIC ASSOCIATES INC /ADV
1908066,"ECLIPSE OPERATIONS, LLC"
2034064,ECOFI INVESTISSEMENTS SA
1659718,Econ Financial Services Corp
1587114,"EcoR1 Capital, LLC"
1707921,"ECP ControlCo, LLC"
2078760,Eddie Patel Inc
1666682,"Edenbrook Capital, LLC"
1980273,EDENTREE ASSET MANAGEMENT Ltd
1013538,EDGAR LOMAX CO/VA
1567163,Edge Wealth Management LLC
1313792,"Edgemoor Investment Advisors, Inc."
1481669,EdgePoint Investment Group Inc.
1908378,EdgeRock Capital LLC
1535061,"Edgestream Partners, L.P."
860561,EDGEWOOD MANAGEMENT LLC
1649647,EDMOND DE ROTHSCHILD HOLDING S.A.
1016021,"EDMP, INC."
1542164,"Efficient Advisors, LLC"
2109868,EFG International AG
1581811,Egerton Capital (UK) LLP
1641043,Ehrenkranz Partners L.P.
2010632,EHRLICH FINANCIAL GROUP
1616895,"EIG Asset Management, LLC"
2011328,"EIGHT 31 FINANCIAL, LLC"
1353254,EJF Capital LP
2113915,EJMK Ventures LLC
1946901,"El Puerto de Liverpool, S.A.B. de C.V."
1690717,"ELCO Management Co., LLC"
1984180,"Eldred Rock Partners, LLC"
1727993,"Eldridge Investment Advisors, Inc."
2087133,"Electric Capital Partners, LLC"
1586986,"Electron Capital Partners, LLC"
1565641,Electrum Group LLC
1661535,Elefante Mark B
1535630,ELEMENT CAPITAL MANAGEMENT LLC
1764059,"ELEMENT POINTE ADVISORS, LLC"
2086643,Element Squared LLC
1802743,"Element Wealth, LLC"
1860672,Elemental Capital Partners LLC
1810873,"Elequin Capital, LP"
2054496,Eleva Capital SAS
1909571,"Elevate Capital Advisors, LLC"
2011651,"ELEVATE WEALTH ADVISORY, INC"
1802387,"Elevated Capital Advisors, LLC"
2063915,Elevated Financial Group LLC
2124354,Elevation Advisory Partners LLC
1871112,"Elevation Capital Advisory, LLC"
1744349,"ELEVATION POINT WEALTH PARTNERS, LLC"
2093518,Elevation Wealth Management LLC
1976256,"ELEVATION WEALTH PARTNERS, LLC"
1982776,ELEVATUS WELATH MANAGEMENT
1965267,"Eley Financial Management, Inc"
1638022,Elgethun Capital Management
1641643,"Eliot Finkel Investment Counsel, LLC"
2059349,"Elite Financial, Inc."
2010262,Elite Life Management LLC
1622757,"Elite Wealth Management, Inc."
1600583,"Elizabeth Park Capital Advisors, Ltd."
1844107,Elk River Wealth Management LLC
928400,ELKHORN PARTNERS LIMITED PARTNERSHIP
1731497,Ellenbecker Investment Group
935570,ELLERSON GROUP INC /ADV
1644128,"Ellevest, Inc."
1791786,Elliott Investment Management L.P.
1765590,"Ellis Investment Partners, LLC"
1843553,"Ellsworth Advisors, LLC"
1743941,Elm Partners Management LLC
2011201,"Elm3 Financial Group, LLC"
2052213,"Elmind Capital, LP"
1731927,"Elmwood Wealth Management, Inc."
1739877,Elo Mutual Pension Insurance Co
2028202,"Elser Financial Planning, Inc"
1752758,"Elwood & Goetz Wealth Advisory Group, LLC"
2050159,ELWOOD CAPITAL PARTNERS LP
2043538,"Elyxium Wealth, LLC"
2020860,Embree Financial Group
1847772,EMC Capital Management
1015083,"EMERALD ADVISERS, LLC"
1802611,"Emerald Advisors, LLC"
2127823,"Emerald Investment Advisers, LLC"
1352895,EMERALD MUTUAL FUND ADVISERS TRUST
1589115,"EMERGENCE GP PARTNERS, LLC"
1799880,"Emergent Wealth Advisors, LLC"
2053013,"Emeth Value Capital, LLC"
1478394,"EMG Holdings, L.P."
1107310,"EMINENCE CAPITAL, LP"
2107252,Emissary Wealth LLC
2042845,"Emmett Investment Management, LP"
1377635,EMORY UNIVERSITY
1469336,"Empery Asset Management, LP"
1971875,"Empire Financial Management Company, LLC"
1640951,Empire Life Investments Inc.
1926596,"Empirical Asset Management, LLC"
1642274,"Empirical Capital Management, LLC"
1572838,"Empirical Finance, LLC"
1510434,"Empirical Financial Services, LLC d.b.a. Empirical Wealth Management"
1600177,Employees Provident Fund Board
1398739,Employees Retirement System of Texas
1986812,Employees' Retirement Fund of the City of Fort Worth
1978885,"Empower Advisory Group, LLC"
1444597,Empower Annuity Insurance Co
2049453,"EMPOWER HARVEST MANAGEMENT SERVICES, INC."
1592828,"Empowered Funds, LLC"
2018815,Emprise Bank
1317195,"Empyrean Capital Partners, LP"
1953107,"ENAVATE SCIENCES GP, LLC"
1290910,EnCap Investments L.P.
1836110,Enclave Advisors LLC
1541901,Encompass Capital Advisors LLC
2011218,Encompass More Asset Management
1849614,"ENCOMPASS WEALTH ADVISORS, LLC"
2135356,"Encore Global Management, LP"
1906023,"ENDEAVOR PRIVATE WEALTH, INC."
1218749,ENDEAVOUR CAPITAL ADVISORS INC
1904477,"Endowment Wealth Management, Inc."
2011025,Endurance Services Ltd
2055657,"Endure Capital Management, LLC"
1388814,"Energy Income Partners, LLC"
1559771,Engaged Capital LLC
1665590,"Engine Capital Management, LP"
1620220,Engineers Gate Manager LP
1684868,"Engle Capital Management, L.P."
2097035,"Englebert Financial Advisers, LLC"
2010442,ENGLISH CAPITAL MANAGEMENT LLC
1909572,Enhancing Capital LLC
1955091,EnRich Financial Partners LLC
1454984,"Ensign Peak Advisors, Inc"
1363829,Enstar Group LTD
2109595,"Entelevest, LLC"
1025835,Enterprise Financial Services Corp
2052200,"ENTREWEALTH, LLC"
1976151,"Entropy Technologies, LP"
1719303,"Entruity Wealth, LLC"
2109860,ENTRUST FINANCIAL LLC
1080818,ENTRUST GLOBAL PARTNERS L L C
1992519,"EntryPoint Capital, LLC"
1407543,ENVESTNET ASSET MANAGEMENT INC
1998033,"Envestnet Portfolio Solutions, Inc."
2051355,Envision Financial LLC
1964460,"Envision Financial Planning, LLC"
2080849,"Envision Financial Transparency, LLC"
1887441,ENZI WEALTH
1548882,"Eos Management, L.P."
1540569,"EP Wealth Advisors, LLC"
1927623,"EPACRIA CAPITAL PARTNERS, LLC"
1803058,EPG Wealth Management LLC
1799435,"EPIQ PARTNERS, LLC"
1305841,"Epoch Investment Partners, Inc."
1757605,EQ LLC
2047572,"EQ WEALTH ADVISORS, LLC"
1834239,EQT Fund Management S.a r.l.
938552,Equinox Partners Investment Management LLC
1994461,"Equita Financial Network, Inc."
1333986,"Equitable Holdings, Inc."
33250,EQUITABLE TRUST CO
1143261,"EQUITEC PROPRIETARY MARKETS, LLC"
1685771,EQUITY INVESTMENT CORP
2097037,"Equity Wealth Partners, LLC"
2059227,"ER Collective Holdings, LLC"
1973209,"Ergawealth Advisors, Inc."
1797734,"Erickson Financial Group, LLC"
1768302,"ERn Financial, LLC"
2024532,Erste Asset Management GmbH
1907802,"Ervin Investment Management, LLC"
2095578,"ES4, LLC"
1910874,Eschler Asset Management LLP
1785545,"ESL Trust Services, LLC"
2136442,Essential Partners LLC
1949824,"Essential Planning, LLC."
1752212,Essex Bank
1315785,"Essex Financial Services, Inc."
201772,ESSEX INVESTMENT MANAGEMENT CO LLC
1889147,Essex LLC
1542339,"Essex Woodlands Management, Inc."
1344717,Estabrook Capital Management
1559832,"Estate Counselors, LLC"
2118977,"Estate Planners Group, LLC"
1965005,Estuary Capital Management LP
1997586,"Etesian Wealth Advisors, Inc."
1635342,"ETF Portfolio Partners, Inc."
1911470,"ETF Store, Inc."
1780570,Ethic Inc.
2106214,"Ethos Capital Management, Inc."
1954242,"Ethos Financial Group, LLC"
1080382,EUBEL BRADY & SUTTMAN ASSET MANAGEMENT INC
1825034,Euclidean Capital LLC
1632553,Eukles Asset Management
1540826,EULAV Asset Management
2110593,Eurizon Asset Management Hungary Ltd.
2109333,"Eurizon Asset Management Slovakia, sprav. spol., a.s."
2107286,Eurizon Capital SGR S.p.A.
2107309,Eurizon SLJ Capital Ltd
1796651,"Euro Pacific Asset Management, LLC"
1626379,"Evanson Asset Management, LLC"
2065207,Evelyn Partners Asset Management Ltd
2065055,Evelyn Partners Investment Management (Europe) Ltd
2065206,Evelyn Partners Investment Management LLP
2065205,Evelyn Partners Investment Management Services Ltd
1357867,Evensky & Katz LLC
1442891,"EVENTIDE ASSET MANAGEMENT, LLC"
1482689,"Evercore Wealth Management, LLC"
2056391,Everest Financial Group LLC
2056683,Everest Management Corp.
1009254,EVERETT HARRIS & CO /CA/
1762294,"Evergreen Advisors, LLC"
1260824,EVERGREEN CAPITAL MANAGEMENT LLC
2010098,Evergreen Private Wealth LLC
2016939,"Evergreen Quality Fund GP, Ltd."
1965292,"Evergreen Wealth Management, LLC"
2101006,Evergreen Wealth Partners LLC
1852858,"Everhart Financial Group, Inc."
1066816,EVERMAY WEALTH MANAGEMENT LLC
2009530,"Evernest Financial Advisors, LLC"
2010410,EVERPAR ADVISORS LLC
1697013,"Eversept Partners, LP"
1710537,"EverSource Wealth Advisors, LLC"
2023744,"Everstar Asset Management, LLC"
1975710,EVEXIA WEALTH LLC
1793432,"EVOKE WEALTH, LLC"
1906967,"Evolution Advisers, Inc."
1763121,"Evolution Wealth Advisors, LLC"
2010029,EVOLUTION WEALTH MANAGEMENT INC.
1844345,"Evolutionary Tree Capital Management, LLC"
2111131,"EVOLVE PRIVATE WEALTH, LLC"
1843019,EVR Research LP
1835252,"EWA, LLC"
1846838,Ewing Morris & Co. Investment Partners Ltd.
1666256,Exane Asset Management
1009003,EXCALIBUR MANAGEMENT CORP
2110679,Excelsior Advisor Network LLC
2001155,Exchange Bank
1457320,"EXCHANGE TRADED CONCEPTS, LLC"
1576151,"EXENCIAL WEALTH ADVISORS, LLC"
1752045,"Exeter Financial, LLC"
2082744,"Exit Wealth Advisors, LLC."
1736225,"ExodusPoint Capital Management, LP"
2011932,Exome Asset Management LLC
1589122,Exor N.V.
2007407,Expect Equity LLC
2026286,"Explore Capital Management, LLC"
2026980,Expressive Wealth LLC
1703148,Extract Advisors LLC
1569453,"F&V Capital Management, LLC"
1834499,F/m Investments LLC
1748271,"Facet Wealth, Inc."
1964400,"FACT Capital, LP"
2055816,Factor Wealth Management LTD
1697137,FACTORIAL MANAGEMENT Ltd
1732687,"Factorial Partners, LLC"
887818,FACTORY MUTUAL INSURANCE CO
1607866,"FAGAN ASSOCIATES, INC."
1681372,"Fairbanks Capital Management, Inc."
915191,FAIRFAX FINANCIAL HOLDINGS LTD/ CAN
2033232,"Fairfield Financial Advisors, LTD"
1717825,Fairfield University
1116247,"FAIRFIELD, BUSH & CO."
1056831,FAIRHOLME CAPITAL MANAGEMENT LLC
2016719,"Fairman Group, LLC"
1802528,Fairmount Funds Management LLC
2032350,"Fairscale Capital, LLC"
2059365,Fairtree Asset Management (Pty) Ltd
1056549,"FAIRVIEW CAPITAL INVESTMENT MANAGEMENT, LLC"
2046607,"Fairvoy Private Wealth, LLC"
1921009,"Fairway Financial, LLC"
2019393,Fairway Wealth LLC
1695078,"Faithward Advisors, LLC"
1839850,Falcon Wealth Planning
1964344,"Family Capital Management, Inc."
1123320,Family Capital Trust Co
1911695,Family CFO Inc
1897700,"Family Investment Center, Inc."
2076068,"Family Legacy Financial Solutions, LLC"
1706016,"Family Legacy, Inc."
1539947,Family Manage LLC
2041267,Family Office Research LLC
2016217,"FAMILY WEALTH PARTNERS, LLC"
909661,FARALLON CAPITAL MANAGEMENT LLC
1479465,FARLEY CAPITAL L.P.
1259969,FARMERS & MERCHANTS INVESTMENTS INC
1697375,Farmers & Merchants Trust Co of Chambersburg PA
1737090,FARMERS & MERCHANTS TRUST Co OF LONG BEACH
1632966,Farmers National Bank
1318055,FARMERS TRUST CO
2080267,Farnam Financial LLC
2031235,Farrell Financial LLC
1750980,"Farringdon Capital, Ltd."
2010644,"Farrow Financial, Inc."
1992825,"Farther Finance Advisors, LLC"
937729,Fayez Sarofim & Co
1683754,FC Advisory LLC
1166402,FCA CORP /TX
2011697,FCG Investment Co
2013410,FCPM III SERVICES B.V.
1566601,"FDx Advisors, Inc."
2094159,"Fearless Solutions, LLC dba Best Invest"
2056821,FEARNLEY ASSET MANAGEMENT AS
1056288,"FEDERATED HERMES, INC."
2022297,Federation des caisses Desjardins du Quebec
1954044,"Fee-Only Financial Planning, L.C."
850601,FELL CAPITAL MANAGEMENT /ADV
1660531,FengHe Fund Management Pte. Ltd.
884566,Fenimore Asset Management Inc
2109387,Ferguson Johnson Wealth Management Inc
1767433,Ferguson Shapiro LLC
869353,"FERGUSON WELLMAN CAPITAL MANAGEMENT, INC"
1859259,"Fermata Advisors, LLC"
1827734,FERNBRIDGE CAPITAL MANAGEMENT LP
2110123,Feynman Point Asset Management LLC
2011904,"FF Advisors,LLC"
2045972,"FFG Partners, LLC"
1966438,FFG RETIREMENT ADVISORS LLC
1653199,FFT WEALTH MANAGEMENT LLC
1862427,"Fi3 FINANCIAL ADVISORS, LLC"
1711360,Fidato Wealth LLC
1962755,"FIDELIS CAPITAL PARTNERS, LLC"
1894206,"FIDELIS iM, LLC"
2010051,Fidelis Wealth Advisors LLC
1098151,FIDELITY D & D BANCORP INC
1331875,"Fidelity National Financial, Inc."
1280487,FIDEURAM - INTESA SANPAOLO PRIVATE BANKING S.P.A.
2109923,Fideuram Asset Management (Ireland) dac
2047030,"FIDUCIARY ADVISORS, INC."
1954805,Fiduciary Alliance LLC
1270764,FIDUCIARY COUNSELLING INC
2020280,"FIDUCIARY FAMILY OFFICE, LLC"
1925420,"FIDUCIARY FINANCIAL GROUP, LLC"
1645890,"Fiduciary Group, LLC"
764532,FIDUCIARY MANAGEMENT INC /WI/
1792851,Fiduciary Planning LLC
35442,Fiduciary Trust Co
1666504,"Fiduciary Wealth Partners, LLC"
1729866,FIDUCIENT ADVISORS LLC
1594492,Field & Main Bank
2010765,Fielder Capital Group LLC
2040221,"Fieldview Capital Management, LLC"
1505817,Fiera Capital Corp
1858558,"FIFTH LANE CAPITAL, LP"
35527,FIFTH THIRD BANCORP
73956,"Fifth Third Securities, Inc."
1899030,Fifth Third Wealth Advisors LLC
1872766,FIFTHDELTA Ltd
1909570,FIGURE 8 INVESTMENT STRATEGIES LLC
318989,FIL Ltd
1758543,"Financial & Tax Architects, LLC"
1697856,"Financial Advisors Network, Inc."
1813369,Financial Advisory Corp
1994252,"FINANCIAL ADVISORY PARTNERS, LLC"
1967227,"Financial Alternatives, Inc"
2008540,"Financial Architects, LLC"
1844393,"Financial Avengers, Inc."
2112099,"Financial Concepts Unlimited, Inc."
1907157,"Financial Connections Group, Inc."
1624510,"FINANCIAL CONSULATE, INC"
1883629,"Financial Council, LLC"
949623,FINANCIAL COUNSELORS INC
1561383,Financial Designs Corp
1024431,FINANCIAL DISCOVERY GROUP INC
1420473,Financial Engines Advisors L.L.C.
1641438,Financial Enhancement Group LLC
1965484,"Financial Freedom, LLC"
1911616,Financial Futures Ltd Liability Co.
1741736,"Financial Gravity Asset Management, Inc."
1929349,"Financial Guidance Group, Inc."
2052933,"Financial Harvest, LLC"
1642058,"Financial Insights, Inc."
1730813,FINANCIAL LIFE ADVISORS
2053368,Financial Life Planners
1844831,FINANCIAL MANAGEMENT NETWORK INC
1568132,"Financial Management Professionals, Inc."
2012031,Financial Network Wealth Advisors LLC
1731169,"Financial Partners Group, Inc"
2003287,"Financial Perspectives, Inc"
2107584,"Financial Plan, Inc."
2111920,"Financial Planning Fort Collins, LLC"
2105146,"Financial Planning Hawaii, Inc."
2102043,Financial Planning Navigators CORP
1997602,"Financial Security Advisor, Inc."
1358828,"Financial Sense Advisors, Inc."
1774343,"Financial Strategies Group, Inc."
2004843,Financial Symmetry Inc
2017868,"Financial Synergies Wealth Advisors, Inc."
2113970,"Financially in Tune, LLC"
2040901,Financially Speaking Inc
1996846,Financiere des Professionnels - Fonds d'investissement inc.
2133911,"FinArc Investments, Inc."
1916066,"FinDec Wealth Services, Inc."
1814465,FINDELL CAPITAL MANAGEMENT LLC
1351950,Findlay Park Partners LLP
1608126,Finepoint Capital LP
1929071,"Finer Wealth Management, Inc."
1910248,"Fingerlakes Wealth Management, Inc."
2106949,Finhabits Advisors LLC
2101641,Finivi Inc.
2047823,"Finley Financial, LLC"
919864,Finward Bancorp
2059571,Fire Capital Management LLC
1799964,Firestone Capital Management
1845743,"FIRETHORN WEALTH PARTNERS, LLC"
1943822,FIRETRAIL INVESTMENTS PTY LTD
1656282,First Affirmative Financial Network
1291422,FIRST AMERICAN BANK
1472787,First American Financial Corp
36066,"FIRST AMERICAN TRUST, FSB"
765207,"First Bancorp, Inc /ME/"
1692632,First Bank & Trust
1701717,First Beijing Investment Ltd
1521951,"First Business Financial Services, Inc."
1964116,"First Citizens Asset Management, Inc."
1092203,FIRST CITIZENS BANK & TRUST CO
1800597,First Citizens Financial Corp
1427350,"First City Capital Management, Inc."
1727336,"First Command Advisory Services, Inc."
712537,First Commonwealth Financial Corp /PA/
1130344,FIRST COMMUNITY TRUST NA
1983616,First County Bank /CT/
1378559,First Dallas Securities Inc.
1325447,"First Eagle Investment Management, LLC"
1072843,"First Fiduciary Investment Counsel, Inc."
1315339,FIRST FINANCIAL BANK - TRUST DIVISION
36029,First Financial Bankshares Inc
714562,FIRST FINANCIAL CORP /IN/
2054920,First Financial Group Corp
1086763,FIRST FOUNDATION ADVISORS
2112081,First Growth Capital LLC
764106,FIRST HAWAIIAN BANK
1428793,"First Heartland Consultants, Inc."
36966,FIRST HORIZON CORP
2081196,First International Bank of Israel Ltd.
1125727,First Interstate Bank
1600004,"First Light Asset Management, LLC"
1490429,"First Long Island Investors, LLC"
728083,FIRST MANHATTAN CO. LLC.
712534,FIRST MERCHANTS CORP
1941030,"First National Advisers, LLC"
1339908,FIRST NATIONAL BANK & TRUST CO OF NEWTOWN
1313871,First National Bank of Hutchinson
36644,FIRST NATIONAL BANK OF OMAHA
1085041,FIRST NATIONAL BANK SIOUX FALLS
1277303,First National Trust Co
1377581,"First Pacific Advisors, LP"
1810089,First Pacific Financial
1653926,First PREMIER Bank
1706604,First Reserve GP XIII Ltd
1731530,FIRST SABREPOINT CAPITAL MANAGEMENT LP
1125816,FIRST TRUST ADVISORS LP
1406026,"First Trust Bank, Ltd."
1604488,First Trust Capital Management L.P.
1993440,"First Turn Management, LLC"
1214183,FIRST UNITED BANK & TRUST
1390043,First Washington CORP
1513189,First Western Trust Bank
732847,FIRST WILSHIRE SECURITIES MANAGEMENT INC
1476179,"Firsthand Capital Management, Inc."
2093108,FirstWave Capital Management LLC
2053757,"Fiscal Wisdom Wealth Management, LLC"
2064001,"Fischer Financial Services, Inc."
850529,"Fisher Asset Management, LLC"
1435028,Fisher Funds Management LTD
1006407,FISHMAN JAY A LTD/MI
1876326,Five Oceans Advisors
2041807,Five Pine Wealth Management
2040262,"Fivespan Partners, LP"
1599170,FJ Capital Management LLC
1903573,"FJ Investments, LLC"
1540880,FJARDE AP-FONDEN /FOURTH SWEDISH NATIONAL PENSION FUND
2053350,"Fjell Capital, LLC"
2106796,Flagship Capital Management Inc.
1691766,"FLAGSHIP HARBOR ADVISORS, LLC"
1400240,"Flagship Pioneering, LLC"
1842560,"Flagship Private Wealth, LLC"
1117233,FLAGSTAR ADVISORS INC
1968890,Flagstone Financial Management
1697882,"Flaharty Asset Management, LLC"
1799456,Flat Footed LLC
2130067,Flatrock Wealth Partners LLC
2052798,"Flavin Financial Services, Inc."
2106996,"FLAX POND CAPITAL, LLC"
1713697,FLC Capital Advisors
1861705,"Flight Deck Capital, LP"
2050972,"FLORIDA FINANCIAL ADVISORS, LLC"
1651023,Florida Trust Wealth Management Co
1696263,Florin Court Capital LLP
1575677,FLOSSBACH VON STORCH SE
1466697,FLOW TRADERS U.S. LLC
1808394,Flower City Capital
2007613,FLOYD FINANCIAL GROUP LLC
2052024,"FLP Wealth Management, LLC"
1140334,FLPUTNAM INVESTMENT MANAGEMENT CO
1722283,"Fluent Financial, LLC"
1857144,"FLYNN ZITO CAPITAL MANAGEMENT, LLC"
2029680,Flywheel Private Wealth LLC
2011155,"FMA Wealth Management, LLC"
2040224,FMB WEALTH MANAGEMENT
315066,FMR LLC
1742998,"FNY Investment Advisers, LLC"
2010942,"Focus Financial Network, Inc."
1868872,"Focus Partners Advisor Solutions, LLC"
1542153,Focus Partners Wealth
1845643,"FOCUS Wealth Advisors, LLC"
2105062,"FOCUSED ALPHA, LLC"
1426398,Focused Investors LLC
1586052,"Focused Wealth Management, Inc"
2011427,"FOGEL CAPITAL MANAGEMENT, INC."
885415,"FOLGER NOLAN FLEMING DOUGLAS CAPITAL MANAGEMENT, INC"
1269094,FOLKETRYGDFONDET
2008703,Fonville Wealth Management LLC
1742435,"FORA Capital, LLC"
1802986,"Forager Capital Management, LLC"
1911316,"Forbes Financial Planning, Inc."
1067532,FORBES J M & CO LLP
1714672,"Fore Capital, LLC"
1696802,"Forefront Analytics, LLC"
2068112,"Forefront Wealth Partners, LLC"
1909850,"FORERUNNER VENTURES MANAGEMENT, LLC"
1630936,"FORESIGHT CAPITAL MANAGEMENT ADVISORS, INC."
1973323,"Foresight Global Investors, Inc."
1943441,Foresight Group Ltd Liability Partnership
1704132,"Foresite Capital Management IV, LLC"
1792206,"Foresite Capital Management V, LLC"
2013341,Foresite Capital Management VI LLC
1944889,Forest Avenue Capital Management LP
1316550,"Forest Hill Capital, LLC"
2055357,Forge Financial Services LLC
2053294,"FORM Wealth Advisors, LLC"
1592613,"Formidable Asset Management, LLC"
1093219,FORMULA GROWTH LTD
2093400,FORMULATE FINANCIAL LLC
2040600,FORONJY FINANCIAL LLC
1603328,FORSTA AP-FONDEN
1688382,Fort Baker Capital Management LP
1843536,"Fort Henry Capital, LLC"
1589282,Fort Point Capital Partners LLC
1606666,Fort Sheridan Advisors LLC
2032698,"Fort Vancouver Investment Management, LLC"
1009016,FORT WASHINGTON INVESTMENT ADVISORS INC /OH/
1927129,FORTE ASSET MANAGEMENT LLC
1766509,"FORTEM FINANCIAL GROUP, LLC"
2107238,FORTERIS WEALTH MANAGEMENT INC.
2008648,Forthright Family Wealth Advisory LLC
1841633,"ForthRight Wealth Management, LLC"
1697478,"Fortis Advisors, LLC"
1959790,"Fortis Capital Advisors, LLC"
1802167,Fortis Capital Management LLC
1815183,"Fortis Group Advisors, LLC"
1928999,Fortitude Advisory Group L.L.C.
1950506,"Fortitude Family Office, LLC"
2066105,"Fortitude Financial, LLC"
2054451,"FORTRESS FINANCIAL GROUP, LLC"
2039501,"Fortress Financial Solutions, LLC"
1380393,Fortress Investment Group LLC
1718251,"FORTRESS PRIVATE LEDGER, LLC"
1918707,Fortune 45 LLC
1961828,"Fortune Financial Advisors, LLC"
2106311,"Fortune Financial Group, Inc."
2116323,"Forty-three Eighteen Advisors, LLC"
2133354,Forum Finance Group S.A.
1911832,"Forum Financial Management, LP"
1910636,Forum Private Client Group LLC
1352864,"Forvis Mazars Wealth Advisors, LLC"
1963030,"Forza Wealth Management, LLC"
1789908,Fosse Capital Partners LLP
1163902,FOSTER & MOTLEY INC
2011882,"FOSTER DYKEMA CABOT & PARTNERS, LLC"
1841544,"Foster Group, Inc."
1769063,"Foster Victor Wealth Advisors, LLC"
1447884,Fosun International Ltd
1179232,FOUNDATION RESOURCE MANAGEMENT INC
1966351,"Foundation Wealth Management, LLC"
2011000,"Foundation Wealth Management, LLC\PA"
1743404,"Foundations Investment Advisors, LLC"
1704300,Founders Capital Management
1585828,"FOUNDERS CAPITAL MANAGEMENT, LLC"
1832190,"Founders Financial Alliance, LLC"
1342396,FOUNDERS FINANCIAL SECURITIES LLC
2106825,"Founders Fund Growth II Management, LP"
2046157,"FOUNDERS GROVE WEALTH PARTNERS, LLC"
2007960,"Foundry Financial Group, Inc."
2085325,Foundry Financial LLC
1795487,FountainVest China Capital Partners GP3 Ltd.
2048142,Four Tree Island Advisory LLC
2107705,Fourier Capital Management Ltd
1894484,"FOURPATH CAPITAL MANAGEMENT, LLC"
1897652,FOURSIXTHREE CAPITAL LP
2056691,"Fourth Dimension Wealth, LLC"
1803158,Fourth Sail Capital LP
1956790,"FourThought Financial Partners, LLC"
1767803,Fourthstone LLC
1770525,FourWorld Capital Management LLC
2004131,"Fox Financial, Inc"
2016110,Fox Hill Wealth Management
1533457,"FOX RUN MANAGEMENT, L.L.C."
1590531,"Foxhaven Asset Management, LP"
1322853,"Foyston, Gordon & Payne Inc"
2021217,"FPC INVESTMENT ADVISORY, INC."
1843590,Fractal Investments LLC
1613331,Fragasso Financial Advisors Inc
2112734,Framtiden Holdings Management Co LLC
2083646,Franchise GP Ltd
1727514,"Francis Financial, Inc."
1197853,"Francisco Partners Management, LP"
1977560,"Frank, Rimerman Advisors LLC"
38777,FRANKLIN RESOURCES INC
1010873,FRANKLIN STREET ADVISORS INC /NC
1707856,"Franklin, Parlapiano, Turner & Welch, LLC"
2096338,"Frankly Finances, LLC"
2002745,"Frazier Financial Advisors, LLC"
1892134,"Frazier Life Sciences Management, L.P."
2111359,"Frec Markets, Inc."
3520,"FRED ALGER MANAGEMENT, LLC"
2055328,"Frederick Financial Consultants, LLC"
1467517,"Freedom Day Solutions, LLC"
2054598,Freedom Financial Partners LLC
1566653,"Freedom Investment Management, Inc."
2002798,Freedom Together Foundation
2032561,FreeGulliver LLC
1796107,Freemont Capital Pte Ltd
1609120,Freemont Management S.A.
1660328,Freestate Advisors LLC
1470876,"Freestone Capital Holdings, LLC"
2007591,Freestone Grove Partners LP
2064172,Fremen Capital Management LP
1459270,"Freshford Capital Management, LLC"
1893327,FRG Family Wealth Advisors LLC
2048792,Friday Financial
1598611,Friedenthal Financial
1767730,"Frisch Financial Group, Inc."
2133972,Frisco Financial Planning LLC
2059425,"Frist Capital, LLC"
1729254,Front Row Advisors LLC
1683182,"Front Street Capital Management, Inc."
1910146,"Frontier Asset Management, LLC"
351173,FRONTIER CAPITAL MANAGEMENT CO LLC
1416856,Fruth Investment Management
1905627,"FSA Advisors, Inc."
2051584,"FSA Investment Group, LLC"
1731221,"FSA WEALTH PARTNERS, INC."
887748,"FSB PREMIER WEALTH MANAGEMENT, INC."
1925685,"FSC Wealth Advisors, LLC"
1942548,"FSM Wealth Advisors, LLC"
2021589,"FTV Management Company, L.P."
2079200,FTX Recovery Trust
1033324,FUKOKU MUTUAL LIFE INSURANCE Co
1353395,Fulcrum Asset Management LLP
1724090,Fulcrum Capital LLC
1737888,Fulcrum Equity Management
2108790,"FULCRUM WEALTH ADVISORS, LLC"
1082327,"FULLER & THALER ASSET MANAGEMENT, INC."
2108355,"Fullerton Advisors, LLC"
1592746,Fullerton Fund Management Co Ltd.
883782,"Fulton Bank, N.A."
1119254,FULTON BREAKEFIELD BROENNIMAN LLC
1959730,"Fund 1 Investments, LLC"
2116327,Fund Advisors of America Inc/FL
1356249,"Fund Evaluation Group, LLC"
1652026,Fund Resources Investment Holding Group Co Ltd
2088289,Fundamenta Capital S.A.
1868537,FUNDSMITH INVESTMENT SERVICES LTD.
1569205,Fundsmith LLP
1802955,"Fusion Capital, LLC"
1696209,"Fusion Family Wealth, LLC"
1801892,Future Financial Wealth Managment LLC
1911970,Future Fund LLC
1862067,"FWG Holdings, LLC"
1944877,"FWG Investments, LLC."
1829231,"FWL INVESTMENT MANAGEMENT, LLC"
1731448,G&S Capital LLC
1910858,"G2 CAPITAL MANAGEMENT, LLC / OH"
1593404,G2 Investment Partners Management LLC
932724,"GABELLI & Co INVESTMENT ADVISERS, INC."
1081407,GABELLI FUNDS LLC
1740839,GABLES CAPITAL MANAGEMENT INC.
2087873,Gaddis Premier Wealth Advisors LLC
1599466,"Gagnon Advisors, LLC"
1125725,GAGNON SECURITIES LLC
1697857,Gainplan LLC
2118292,Galaxy Digital Capital Management GP LLC
1859392,Galaxy Digital Inc.
1912562,Galaxy Group Investments LLC
2043729,Galilei Investment Office LLP
1740858,Galileo (PTC) Ltd
1960749,Gallacher Capital Management LLC
2034519,"Gallagher Capital Advisors, LLC"
1527781,"Gallagher Fiduciary Advisors, LLC"
1708030,Gallatin Point Capital LLC
2015727,"Gallo Partners, LP"
1840945,"Galvin, Gaustad & Stein, LLC"
2107464,"Gambit Capital Management, LLC"
807249,"GAMCO INVESTORS, INC. ET AL"
1731132,"Game Creek Capital, LP"
1802952,"Game Plan Financial Advisors, LLC"
2010235,GAMMA Investing LLC
1666905,GARDA CAPITAL PARTNERS LP
1616328,"Garde Capital, Inc."
2044217,"Garden Investment Management, L.P."
1965351,Garden State Investment Advisory Services LLC
941560,GARDNER LEWIS ASSET MANAGEMENT L P
860643,GARDNER RUSSO & QUINN LLC
1714093,Garner Asset Management Corp
1423876,"GARNET EQUITY CAPITAL HOLDINGS, INC."
1729443,"Garrett Wealth Advisory Group, LLC"
1056488,GARRISON BRADFORD & ASSOCIATES INC
1767107,"GARRISON POINT ADVISORS, LLC"
2109857,Garton & Associates Financial Advisors LLC
1705447,"GATE CITY CAPITAL MANAGEMENT, LLC"
2087399,"GatePass Capital, LLC"
1312908,"Gates Capital Management, Inc."
1166559,GATES FOUNDATION TRUST
1114618,GATEWAY INVESTMENT ADVISERS LLC
1966037,"Gateway Wealth Partners, LLC"
1570284,"Gator Capital Management, LLC"
1963404,Gavilan Investment Partners LLC
2011169,"GC Wealth Management RIA, LLC"
1939480,"GCM Grosvenor Holdings, LLC"
2031554,GCQ FUNDS MANAGEMENT PTY Ltd
1940869,GDS Wealth Management
1125824,GE INVESTMENT MANAGEMENT CORP.
1963319,"GEM Asset Management, LLC"
1580018,"Gem Investment Advisors, LLC"
1607825,Gemmer Asset Management LLC
1724140,Gemsstock Ltd.
2032497,"GEN Financial Management, INC."
2023375,Gen-Wealth Partners Inc
1056581,GENDELL JEFFREY L
1764754,Geneos Wealth Management Inc.
40417,GENERAL AMERICAN INVESTORS CO INC
1017645,"GENERAL ATLANTIC, L.P."
1637946,"General Catalyst Group Management, LLC"
40545,General Electric Co
1700362,General Equity Holdings LP
1497345,General Motors Holdings LLC
1800508,"General Partner, Inc."
2057421,General Pension Society PZU Joint Stock Co
2046751,Generali Asset Management SPA SGR
2047540,"Generali Investments CEE, investicni spolecnost, a.s."
2043130,Generali Investments Towarzystwo Funduszy Inwestycyjnych
2043136,"Generali Investments, Management Co LLC"
2042955,Generali Powszechne Towarzystwo Emerytalne
2025905,Generate Investment Management Ltd
2054384,Generation Capital Management LLC
1375534,GENERATION INVESTMENT MANAGEMENT LLP
2070529,"Generations Wealth, LLC"
1652348,"Genesee Capital Advisors, LLC"
2097587,"Genesis Financial Group, LLC"
1965529,"GENESIS PRIVATE WEALTH, LLC"
1637241,"Genesis Wealth Advisors, LLC"
1009232,GENEVA CAPITAL MANAGEMENT LLC
1712671,"Geneva Partners, LLC"
2064813,Genoa Capital Gestora de Recursos Ltda.
1056907,GENRE PARTNERS L P
1697110,"GenTrust, LLC"
2022634,"GENTRY PRIVATE WEALTH, LLC"
1532385,Genus Capital Management Inc.
1713678,"GenWealth Group, Inc."
1276520,GENWORTH FINANCIAL INC
1214717,"GEODE CAPITAL MANAGEMENT, LLC"
1900576,Geometric Wealth Advisors
1265376,George Kaiser Family Foundation
1730469,Georgetown University
1426876,"GeoSphere Capital Management, LLC"
1593387,"GeoWealth Management, LLC"
2133489,Gerald Baker Financial Group LLC
1666736,Gerber Kawasaki Wealth & Investment Management
2014164,"GERBER, LLC"
2104898,"Geremia Financial Services, LLC"
714395,"GERMAN AMERICAN BANCORP, INC."
2057060,GF FUND MANAGEMENT CO. LTD.
1638520,"GFG Capital, LLC"
1688774,GFI Investment Counsel Ltd.
1427263,"GFS Advisors, LLC"
2021722,GGM Financial LLC
1910179,"GHE, LLC"
1825214,Ghisallo Capital Management LLC
1401561,"GHP Investment Advisors, Inc."
2081110,Gibbs Wealth Management
1625986,"Gibraltar Capital Management, Inc."
1427372,"Gibson Capital, LLC"
1911266,Gibson Wealth Advisors LLC
1713833,"Gigafund Management Company, LLC"
1675762,"Gilbert & Cook, Inc."
2035854,"Gilbert Capital Group, Inc."
902464,GILDER GAGNON HOWE & CO LLC
2108148,Gildi - lifeyrissjodur
882095,"GILEAD SCIENCES, INC."
729563,"GILL CAPITAL PARTNERS, LLC"
2009886,Gilliland Jeter Wealth Management LLC
1698055,Gillson Capital LP
1551969,"Gilman Hill Asset Management, LLC"
2058144,"GILPIN WEALTH MANAGEMENT, LLC"
1867040,Gimbel Daniel Scott
1641864,Giverny Capital Inc.
2069222,GK Wealth Management LLC
2052321,"GKV Capital Management Co., Inc."
1529872,GLADE BROOK CAPITAL PARTNERS LLC
1540656,Gladius Capital Management LP
1353394,Gladstone Capital Management LLP
1766530,Gladstone Institutional Advisory LLC
2078684,"Gladwyn Financial Advisors, Inc."
1964394,Glass Jacobson Investment Advisors llc
2017692,Glass Wealth Management Co LLC
1642160,Glassman Wealth Services
1914617,"Glassy Mountain Advisors, Inc."
1542161,"Glaxis Capital Management, LLC"
1076809,"GLAZER CAPITAL, LLC"
1822632,"Gleason Group, Inc."
2029317,"Glen Eagle Advisors, LLC"
1521365,Glencore plc
1604350,Glendon Capital Management LP
314949,GLENMEDE TRUST CO NA
2008506,Glenorchy Capital Ltd
1138995,"GLENVIEW CAPITAL MANAGEMENT, LLC"
1691827,Glenview Trust Co
1584691,Global Alpha Capital Management Ltd.
1942932,"Global Assets Advisory, LLC"
1512237,"Global Endowment Management, LP"
2023568,"Global Financial Private Client, LLC"
1821219,Global Frontier Investments LLC
1741619,Global IMC LLC
1843670,Global Media & Entertainment Investments Ltd
1760076,"Global Strategic Investment Solutions, LLC"
1413303,GLOBAL STRATEGIC MANAGEMENT INC
1729672,"Global Trust Asset Management, LLC"
2065265,Global Trust Wealth Management LLC
1994495,Global View Capital Management LLC
1767855,"Global Wealth Management Investment Advisory, Inc."
2039738,"Global Wealth Management, LLC"
1912297,Global Wealth Strategies & Associates
2027450,"Global X Japan Co., Ltd."
2011891,GLOBALT Investments LLC / GA
320335,GLOBE LIFE INC.
921531,GLOBEFLEX CAPITAL L P
2103074,GLP Holdings LLLP
2134831,"GLR Partners, LLC"
911270,GLYNN CAPITAL MANAGEMENT LLC
1598304,"GM Advisory Group, LLC"
1106191,GMT Capital Corp
1895678,"GoalFusion Wealth Management, LLC"
1839307,GoalVest Advisory LLC
2130895,GOANNA CAPITAL MANAGEMENT LLC
1698060,Gobi Capital LLC
2097943,"Godfrey Financial Associates, Inc."
887402,"GODSEY & GIBB, INC"
1631775,"Godshalk Welsh Capital Management, Inc."
1863154,"Goehring & Rozencwajg Associates, LLC"
1550057,"Goelzer Investment Management, Inc."
1844142,Goepper Burkhardt LLC
2006008,Gold Investment Management Ltd.
2044309,Golden Bell Financial Planning LLC
2066488,Golden Reserve Retirement LLC
2014454,GOLDEN ROAD ADVISORS LLC
1776033,"Golden State Wealth Management, LLC"
2078724,Golden Unicorn (BVI) Ltd
2109094,Goldenstone Wealth Management LLC
1278951,GOLDENTREE ASSET MANAGEMENT LP
886982,GOLDMAN SACHS GROUP INC
1963807,"Goldstein Advisors, LLC"
2040021,"Goldstone Financial Group, LLC"
1872787,Goldstream Capital Management Ltd
2133484,"Good Harbor Advisors, Inc."
2060772,"Good Steward Wealth Advisors,LLC"
1542300,"GoodHaven Capital Management, LLC"
2018973,"Goodlander Investment Management, LLC"
1864123,"Goodman Advisory Group, LLC"
1382303,Goodman Financial Corp
1362255,"GOODNOW INVESTMENT GROUP, LLC"
1803294,Goodwin Investment Advisory
2011856,Gordian Advisors LLC
1869164,Gordian Capital Singapore Pte Ltd
2039349,GordonMD Global Investments LP
1510387,"Gotham Asset Management, LLC"
1091961,GOULD ASSET MANAGEMENT LLC /CA/
1908965,"Gould Capital, LLC"
1908828,Gouws Capital LLC
1644187,Governors Lane LP
1860928,GP Brinson Investments LLC
1836021,"GPI CAPITAL, L.P."
1799367,"GPM Growth Investors, Inc."
1697233,GQG Partners LLC
2011751,"GR FINANCIAL GROUP, LLC"
1715783,"Grace & Mercy Foundation, Inc."
903064,GRACE & WHITE INC /NY
1727917,"Gradient Capital Advisors, LLC"
1542265,Gradient Investments LLC
2053877,Graetz Wealth LLC
1923769,"Grafton Street Partners Management Company, LLC"
1315421,"Graham Capital Management, L.P."
1907528,"GRAHAM CAPITAL WEALTH MANAGEMENT, LLC"
104889,Graham Holdings Co
1912699,Graham Holdings Co Master Retirement Trust
1548836,Gramercy Funds Management LLC
1026710,"Granahan Investment Management, LLC"
1857581,"Granby Capital Management, LLC"
1986124,Grand Alliance Asset Management Ltd
1844893,Grand Central Investment Group
1939443,"GRAND WEALTH MANAGEMENT, LLC"
1569137,"Grandeur Peak Global Advisors, LLC"
1308016,"GRANDFIELD & DODD, LLC"
1766791,Grandview Asset Management LLC
2051568,"Graney & King, LLC"
2048387,"Grange Capital, LLC"
1842881,Granger Management LLC
1911472,"Granite Bay Wealth Management, LLC"
2034090,Granite FO LLC
2018114,"Granite Group Advisors, LLC"
1967456,"Granite Harbor Advisors, Inc."
1542266,"Granite Investment Partners, LLC"
2111372,"GRANITE ISLANDS PRIVATE WEALTH, LLC"
1839545,GraniteShares Advisors LLC
2056418,Grant Private Wealth Management Inc
1740642,"Grant Street Asset Management, Inc."
1352662,"Grantham, Mayo, Van Otterloo & Co. LLC"
2055216,Grantvest Financial Group LLC
1404784,"GRANVILLE CAPITAL, INC."
1965776,Graphene Investments SAS
1599793,"GRATIA CAPITAL, LLC"
1619390,Graticule Asia Macro Advisors LLC
2022161,"Gratus Wealth Advisors, LLC"
2056589,"Graver Capital Management, LLC"
1759803,"Graves Light Lenhart Wealth, Inc."
2011602,Gray Foundation
1928877,"Gray Private Wealth, LLC"
1252007,"GRAYBILL WEALTH MANAGEMENT, LTD."
1801112,"Great Diamond Partners, LLC"
2096165,Great Hill Capital LLC
1231756,"GREAT HILL PARTNERS, L.P."
1078013,"GREAT LAKES ADVISORS, LLC"
1801667,"Great Lakes Retirement, Inc."
1815467,Great Mountain Partners LLC
2012868,"GREAT OAK CAPITAL PARTNERS, LLC"
1281446,GREAT POINT PARTNERS LLC
1760304,"Great Point Wealth Advisors, LLC"
1769897,"GREAT VALLEY ADVISOR GROUP, INC."
1964535,Great Waters Wealth Management
1427099,GreatBanc Trust CO
2025409,"Greater Midwest Financial Group, LLC"
1540944,"GREATMARK INVESTMENT PARTNERS, INC."
1439207,"Green Alpha Advisors, LLC"
1710785,Green Court Capital Management Ltd
2117069,Green Ridge Wealth Planning LLC
946626,GREENBERG FINANCIAL GROUP
1532262,"Greenbrier Partners Capital Management, LLC"
2061818,"Greenbush Financial Group, LLC"
1731029,Greencape Capital Pty Ltd
1842727,"Greenfield FTC, Inc."
1940406,Greenfield Savings Bank
2097528,"Greenfield Seitz Capital Management, LLC"
846222,GREENHAVEN ASSOCIATES INC
1741129,"Greenhaven Road Investment Management, L.P."
1626220,Greenhouse Funds LLLP
1843566,"Greenhouse Wealth Management, LLC"
1896430,Greenland Capital Management LP
1766504,"GREENLEA LANE CAPITAL MANAGEMENT, LLC"
1162170,GREENLEAF TRUST
1697323,"Greenline Partners, LLC"
2111541,Greenline Wealth Management LLC
1840735,Greenoaks Capital Partners LLC
1922200,"Greenspring Advisors, LLC"
1845565,"Greenstone Partners & Co., LLC"
1494311,"Greenstone Partners, L.P."
1909904,GREENUP STREET WEALTH MANAGEMENT LLC
1768041,Greenvale Capital LLP
1439805,Greenwich Wealth Management LLC
1161822,GREENWOOD CAPITAL ASSOCIATES LLC
1084683,GREENWOOD GEARHART LLC
1848138,Greenwoods Asset Management Hong Kong Ltd.
1965362,"Grey Fox Wealth Advisors, LLC"
1660694,"Grey Ledge Advisors, LLC"
2053459,"Grey Rock Energy Management, LLC"
1910274,GREYCROFT LP
2041220,"Greykasell Wealth Strategies, Inc."
1660424,Greylock XIV GP LLC
1845302,"Greystone Financial Group, LLC"
1910867,"Gridiron Partners, LLC"
883803,"GRIFFIN ASSET MANAGEMENT, INC."
2057200,"Griffith & Werner, Inc."
1321993,"GRIMES & Co WEALTH MANAGEMENT, LLC"
1964236,GRITSTONE ASSET MANAGEMENT LLC
2011732,"GRIZZLYROCK CAPITAL, LLC"
923116,GROESBECK INVESTMENT MANAGEMENT CORP /NJ/
1966094,Gross & Hartman Investments LLC
1534450,"Ground Swell Capital, LLC"
932540,GROUP ONE TRADING LLC
1055969,GROUPAMA ASSET MANAGMENT
1179313,Groupe Bruxelles Lambert
2056266,Groupe des Assurances du Credit Mutuel
2056088,Groupe la Francaise
1662212,Grove Bank & Trust
2054682,"Grove Street Fiduciary, LLC"
1544554,"GRS Advisors, LLC"
1103738,"Gruss & Co., LLC"
1729094,Gryphon Financial Partners LLC
1714590,"GS Investments, Inc."
1362033,GSA CAPITAL PARTNERS LLP
1995773,GSG Advisors LLC
1391974,GSI Capital Advisors LLC
1131399,GSK plc
1576350,GTCR LLC
2112647,"GTS FINANCIAL, LLC"
1452765,GTS SECURITIES LLC
1732008,GUARDCAP ASSET MANAGEMENT Ltd
2021272,"Guardian Asset Advisors, LLC"
1224324,GUARDIAN CAPITAL LP
2083963,"Guardian Capital, LLC"
1723514,"Guardian Financial Partners, LLC"
1365474,GUARDIAN INVESTMENT MANAGEMENT
1884799,Guardian Partners Inc.
1595932,"GUARDIAN POINT CAPITAL, LP"
1858828,"Guardian Wealth Advisors, LLC"
1901403,"GUARDIAN WEALTH ADVISORS, LLC / NC"
1910205,"Guardian Wealth Management, Inc."
2095373,"Guardian Wealth Management, LLC"
2110760,"GUARDSMAN PRIVATE CAPITAL MANAGEMENT, INC."
1910386,"GUERRA PAN ADVISORS, LLC"
1283072,GUGGENHEIM CAPITAL LLC
1958743,"GUIDANCE CAPITAL, INC"
1767710,"Guidance Point Advisors, LLC"
1849618,"Guided Capital Wealth Management, LLC"
2112951,"GuidedMoney, LLC"
1308668,"GuideStone Capital Management, LLC"
2134737,Guilbault Capital LLC
1317802,"Guild Investment Management, Inc."
1409661,Guinness Asset Management LTD
1409765,Guinness Atkinson Asset Management Inc
1598697,Gulf International Bank (UK) Ltd
2068251,"Gullane Capital, LLC"
1995382,Gumshoe Capital Management LLC
1792397,Gunderson Capital Management LLC
2114795,"Gunpowder Capital Management, LLC dba Oliver Wealth Management"
1965923,"Gutierrez Wealth Advisory, LLC"
928568,GUYASUTA INVESTMENT ADVISORS INC
1080369,GW HENSSLER & ASSOCIATES LTD
1082917,"GW&K Investment Management, LLC"
1265905,GWN SECURITIES INC.
1757491,"H Capital V GP, L.P."
1364412,"H PARTNERS MANAGEMENT, LLC"
2110996,H Squared Management LP
1767564,"H&F Corporate Investors IX, Ltd."
1767563,"H&F Corporate Investors VIII, Ltd."
1901930,"H&F Corporate Investors X, Ltd."
1759760,"H&H International Investment, LLC"
1813784,H/2 CREDIT MANAGER LP
1851813,"Hackensack Meridian Health, Inc."
2026645,"HAGER INVESTMENT MANAGEMENT SERVICES, LLC"
1171592,HAHN CAPITAL MANAGEMENT LLC
1484205,"HALBERT HARGROVE GLOBAL ADVISORS, LLC"
1122490,HALL CAPITAL MANAGEMENT CO INC
1512944,Hall Kathryn A.
1388382,HALL LAURIE J TRUSTEE
2040638,HALLSTATT ADVISORS L.P.
1842665,Halter Ferguson Financial Inc.
1599760,"HAMEL ASSOCIATES, INC."
2037578,"HAMILTON CAPITAL PARTNERS, LLC"
1646639,"Hamilton Capital, LLC"
1573767,HAMILTON LANE ADVISORS LLC
1599746,"Hamilton Point Investment Advisors, LLC"
1760263,"Hamilton Wealth, LLC"
1277403,"Hamlin Capital Management, LLC"
2126147,"Hamrick Investment Counsel, llc"
2017993,Hancock Prospecting Pty Ltd
750577,HANCOCK WHITNEY CORP
1398318,Handelsbanken Fonder AB
914973,HANOVER ADVISORS INC
1128074,HANSEATIC MANAGEMENT SERVICES INC
1873973,"Hansen & Associates Financial Group, Inc."
1393944,Hanson & Doremus Investment Management
1071061,"HANTZ FINANCIAL SERVICES, INC."
1695959,"Hapanowicz & Associates Financial Services, Inc"
2010015,Hara Capital LLC
1387921,Harber Asset Management LLC
1616659,"HARBERT FUND ADVISORS, INC."
1687156,Harbor Advisors LLC
1100710,HARBOR ADVISORY CORP /MA/
2077050,"Harbor Asset Planning, Inc."
1039128,"HARBOR CAPITAL ADVISORS, INC."
1840486,"Harbor Group, Inc."
1468792,"HARBOR INVESTMENT ADVISORY, LLC"
1730580,Harbor Island Capital LLC
1635409,"Harbor Spring Capital, LLC"
1682501,"Harbour Capital Advisors, LLC"
1275880,HARBOUR INVESTMENT MANAGEMENT LLC
810121,"HARBOUR INVESTMENTS, INC."
2003557,Harbour Trust & Investment Management Co
2085855,"Harbour Wealth Management Group, Inc."
1201001,HarbourVest Partners LLC
2033094,"Hardin Capital Partners, LLC"
928196,Harding Loevner LP
1006364,Hardman Johnston Global Advisors LLC
2098583,"Hardworking Capital Advisors, LLC"
1761871,Hardy Reed LLC
1429390,Harel Insurance Investments & Financial Services Ltd.
1649147,"Harfst & Associates, Inc."
2002815,HARMONY ASSET MANAGEMENT LLC
1430022,Harold Davidson & Associates Inc.
1806630,"Harpswell Capital Advisors, LLC"
1910592,"Harraden Circle Investments, LLC"
1802882,"HARRELL INVESTMENT PARTNERS, LLC"
1386364,"Harrington Investments, INC"
813917,HARRIS ASSOCIATES L P
1542826,Harrison Street Private Wealth LLC
1652327,"Harspring Capital Management, LLC"
1352526,Hartford Financial Management Inc.
1546587,Hartford Funds Management Co LLC
922439,HARTFORD INVESTMENT MANAGEMENT CO
945625,HARTLINE INVESTMENT CORP/
2058267,"Hartmann Taylor Wealth Management, LLC"
1597857,"Hartree Partners, LP"
1399518,"Hartz Capital, Inc."
1082621,HARVARD MANAGEMENT CO INC
1694126,"Harvest Fund Management Co., Ltd"
1591097,"Harvest Investment Services, LLC"
1140315,HARVEST MANAGEMENT LLC
1923739,Harvest Portfolios Group Inc.
1119032,HARVEY CAPITAL MANAGEMENT INC
1162781,HARVEY INVESTMENT CO LLC
1406484,"Harvey Partners, LLC"
1965270,"Hassell Wealth Management, LLC"
2049307,"HATCH COVE CAPITAL, LLC"
1508236,Hauser Brothers GmbH
2022286,Haveli Investment Management LLC
2026128,Havemeyer Place LP
2055804,"Haven Capital Group, Inc."
2051846,"Haven Global Partners, LLC"
2053665,"Haven Private, LLC"
1347683,"Haverford Financial Services, Inc."
842941,Haverford Trust Co
1609074,HAWK RIDGE CAPITAL MANAGEMENT LP
1430681,Hayek Kallen Investment Management
1705265,Hazelview Securities Inc.
46392,"HAZLETT, BURT & WATSON, INC."
1911253,"HB Wealth Management, LLC"
2104442,"HBE Wealth Management, LLC"
1011443,HBK INVESTMENTS L P
1379995,HBK Sorce Advisory LLC
1790525,HBW ADVISORY SERVICES LLC
1803295,"HC Advisors, LLC"
1822015,HCEP Management Ltd
1697715,HCR Wealth Advisors
1372130,"HEADINVEST, LLC"
2056637,"Headland Capital, LLC"
1570271,Headlands Technologies LLC
2036346,Headwater Capital Co Ltd
1535845,HEALTHCARE OF ONTARIO PENSION PLAN TRUST FUND
1519462,HealthCor Partners Management LP
1796409,Heard Capital LLC
937394,HEARTLAND ADVISORS INC
1866040,Heartland Bank & Trust Co
1794935,Heartwood Wealth Advisors LLC
1503269,Heathbridge Capital Management Ltd.
2046227,"Heck Capital Advisors, LLC"
1633910,"Hedeker Wealth, LLC"
1536230,"HEFFERNAN ADVISORY, INC"
2107727,"Hegarty Advisors, LLC"
1081698,"HEIGHTS CAPITAL MANAGEMENT, INC"
2050231,"Heights Point Management, LP"
1826937,Hein Park Capital Management LP
1882903,Heirloom Wealth Management
1080117,Heitman Real Estate Securities LLC
1840129,Hel Ved Capital Management Ltd
1839497,Helikon Investments Ltd
1727612,HELIOS CAPITAL MANAGEMENT PTE. LTD
2056653,Helium Advisors LLC
1995612,Helix Partners Management LP
1494234,Hemenway Trust Co LLC
1782624,"hemming& Wealth Management, Inc."
1541496,Hendershot Investments Inc.
2064329,"Henderson Brothers Financial Partners, LLC"
1084207,HENDLEY & CO INC
1536430,HENGEHOLD CAPITAL MANAGEMENT LLC
1574717,Hengistbury Investment Partners LLP
1145255,HENNESSY ADVISORS INC
1861642,"Hennion & Walsh Asset Management, Inc."
1903859,"Henrickson Nauta Wealth Advisors, Inc."
1750423,Henry James International Management Inc.
2131483,Henshaw Capital LLC
2115631,"Henson-Edgewater Management, LLC"
1512022,HERALD INVESTMENT MANAGEMENT Ltd
1909319,"HERBST GROUP, LLC"
2019316,"Heritage Family Offices, LLP"
1876811,"Heritage Investment Group, Inc."
937589,HERITAGE INVESTORS MANAGEMENT CORP
2035533,HERITAGE OAK WEALTH ADVISORS LLC
1706028,Heritage Trust Co
1591122,Heritage Wealth Advisors
1944755,"Heritage Wealth Management, Inc."
2012170,"Heritage Wealth Management, Inc. /CA/"
1966400,"Heritage Wealth Management, Inc./Texas"
1891713,"Herold Advisors, Inc."
1842149,Heron Bay Capital Management
1588225,"Heronetta Management, L.P."
2034214,"Hershey Financial Advisers, LLC"
908551,HERSHEY TRUST CO
1815344,"Hestia Capital Management, LLC"
1831542,Hexagon Capital Partners LLC
1963169,"HF Advisory Group, LLC"
2063476,"HF Capital, LLC"
1911087,"HFG Advisors, Inc."
2027836,"HFG Wealth Management, LLC"
2067972,"HFM Investment Advisors, LLC"
1877822,"HFR Wealth Management, LLC"
1525362,"HG Vora Capital Management, LLC"
1711200,HGC Investment Management Inc.
1762304,"HHLR ADVISORS, LTD."
1750086,"HHM Wealth Advisors, LLC"
1776074,"Hi-Line Capital Management, LLC"
1950637,"Hibernia Wealth Partners, LLC"
2039144,Hickory Point Bank & Trust
2062978,HICKS CAPITAL MANAGEMENT LLC
1963736,"Hidden Cove Wealth Management, LLC"
1750312,Hidden Lake Asset Management LP
1823823,Hiddenite Capital Partners LP
1941260,Higgins & Schmidt Wealth Strategies LLC
1828180,High Ground Investment Management LLP
1919142,High Net Worth Advisory Group LLC
1807283,"High Note Wealth, LLC"
2106882,"High Point Wealth Management, LLC"
2039415,"High Probability Advisors, LLC"
919185,HIGHBRIDGE CAPITAL MANAGEMENT LLC
860486,"HIGHLAND CAPITAL MANAGEMENT, LLC"
1939237,"Highland Financial Advisors, LLC"
1961320,"HIGHLAND PEAK CAPITAL, LLC"
1903866,"Highlander Partners, L.P."
2042654,HIGHLINE WEALTH PARTNERS LLC
1802451,HighMark Wealth Management LLC
1616034,HighPoint Advisor Group LLC
2079807,"HighRoad Wealth Advisors, LLC"
1462245,"HighTower Advisors, LLC"
1903786,Highview Capital Management LLC/DE/
1335325,HighVista Strategies LLC
1606152,Hikari Power Ltd
1423673,"Hikari Tsushin, Inc."
2048051,Hiley Hunt Wealth Management
1837343,"Hill City Capital, LP"
1979028,"Hill Investment Group Partners, LLC"
1909798,HILL ISLAND FINANCIAL LLC
1676292,Hill Path Capital LP
1767121,"Hillcrest Wealth Advisors - NY, LLC"
1314620,"Hillman Capital Management, Inc."
1036288,HILLMAN CO
1309148,Hills Bank & Trust Co
1368465,Hillsdale Investment Management Inc.
1265131,Hilltop Holdings Inc.
2021658,Hilltop National Bank
1957867,Hilltop Partners LLC
1786241,"HILLTOP WEALTH ADVISORS, LLC"
1541211,"Hilton Capital Management, LLC"
2109913,"Hilton Head Capital Partners, LLC"
1709323,Himalaya Capital Management LLC
1817652,HIMENSION CAPITAL (SINGAPORE) PTE. LTD.
2044671,Hingham Institution for Savings
2055803,"Hippocratic Financial Advisors, LLC"
1360710,"Hirtle & Co., LLC"
1568939,HITE Hedge Asset Management LLC
1806752,"Hixon Zuercher, LLC"
928052,HM PAYSON & CO
1469026,"HMI Capital Management, L.P."
1689470,"HMS Capital Management, LLC"
2054904,"HMV Wealth Advisors, LLC"
1767062,"Hobart Private Capital, LLC"
2012280,"Hobbs Group Advisors, LLC"
2019202,"Hobbs Wealth Management, LLC"
1337263,Hodges Capital Management Inc.
1598177,HOERTKORN RICHARD CHARLES
1840268,Hoese & Co LLP
1799544,"HOEY INVESTMENTS, INC"
1958491,Hofer & Associates. Inc
1848530,"Hoffman, Alan N Investment Management"
1989834,"HOGE FINANCIAL SERVICES, LLC"
1802533,"HOHIMER WEALTH MANAGEMENT, LLC"
2056177,"Holcombe Financial, Inc."
1724246,"HoldCo Asset Management, LP"
1184820,HOLDERNESS INVESTMENTS CO
1729304,Holistic Financial Partners
1890183,"Holland Advisory Services, Inc."
1161722,HOLLENCREST CAPITAL MANAGEMENT
1455251,Hollow Brook Wealth Management LLC
1700574,"Holocene Advisors, LP"
2080096,Holos Integrated Wealth LLC
1428569,Holowesko Partners Ltd.
1599852,"Holt Capital Advisors, L.L.C. dba Holt Capital Partners, L.P."
1665446,HOME FEDERAL BANK OF TENNESSEE
944804,Homestead Advisers Corp
1675688,Honeycomb Asset Management LP
1578177,Hood River Capital Management LLC
1943395,"Hook Mill Capital Partners, LP"
2023166,"Hopwood Financial Services, Inc."
2072569,"HORAN Wealth, LLC"
1762718,Horiko Capital Management LLC
1799006,"Horizon Advisory Services, Inc."
706129,HORIZON BANCORP INC /IN/
1910660,"Horizon Family Wealth, Inc."
1674020,"HORIZON FINANCIAL SERVICES, LLC"
1426940,"Horizon Investment Services, LLC"
1560717,"Horizon Investments, LLC"
1056823,HORIZON KINETICS ASSET MANAGEMENT LLC
1815123,"Horizon Wealth Management, LLC"
1943228,Horizons Wealth Management
1385925,"Horrell Capital Management, Inc."
1818207,Horst & Graben Wealth Management LLC
1650135,Hosking Partners LLP
1164833,HOTCHKIS & WILEY CAPITAL MANAGEMENT LLC
1802879,"Houlihan Financial Resource Group, Ltd."
1353316,"Hound Partners, LLC"
1442573,"HOURGLASS CAPITAL, LLC"
2043986,"HOWARD BAILEY SECURITIES, LLC"
1860501,"Howard Capital Management Group, LLC"
1733173,Howard Capital Management Inc.
1768130,"HOWARD FINANCIAL SERVICES, LTD."
810386,Howard Hughes Medical Institute
1766286,"HOWARD WEALTH MANAGEMENT, LLC"
769963,HOWE & RUSLING INC
1079112,HOWLAND CAPITAL MANAGEMENT LLC
1954782,"Hoxton Planning & Management, LLC"
1756985,"Hoya Capital Real Estate, LLC"
1731296,HPC Germany GmbH & Co. KG
2009521,"HRC WEALTH MANAGEMENT, LLC"
1475597,HRT FINANCIAL LP
1537455,"HRTG GPE, LLC"
2103418,HS Investments III Ltd
2065165,HS Investments IV Ltd
1455253,"HS Management Partners, LLC"
873630,HSBC HOLDINGS PLC
1470766,HSG Holding Ltd
1552999,HT Partners LLC
1963875,"HTG Investment Advisors, Inc."
1841815,"HUB Investment Partners, LLC"
1791555,"Hubbell Strickland Wealth Management, LLC"
1511697,Huber Capital Management LLC
1543536,"Hudock, Inc."
1393825,Hudson Bay Capital Management LP
1978883,Hudson Canyon Capital Management
1727342,Hudson Capital Management LLC
740272,HUDSON EDGE INVESTMENT PARTNERS INC.
1652522,Hudson Executive Capital LP
2088700,Hudson Oak Wealth Advisory LLC
1847700,Hudson Portfolio Management LLC
1840501,"Hudson Value Partners, LLC"
1697597,Hudson Way Capital Management LLC
2054465,"Hughes Financial Services, LLC"
2106035,HughesLittle Investment Management Ltd.
1767513,Human Investing LLC
1845373,Humankind Investments LLC
1802279,Hummer Financial Advisory Services Inc
1380137,HUNTER ASSOCIATES INVESTMENT MANAGEMENT LLC
1808919,"Hunter Perkins Capital Management, LLC"
1697398,"Hunting Hill Global Capital, LLC"
49196,HUNTINGTON BANCSHARES INC /MD/
49205,HUNTINGTON NATIONAL BANK
1367653,"Huntleigh Advisors, Inc."
1632844,"Hurley Capital, LLC"
1747749,"Hurlow Wealth Management Group, Inc."
1179475,"HUSSMAN STRATEGIC ADVISORS, INC."
1920117,"Hutchens & Kramer Investment Management Group, LLC"
1078246,HUTCHINSON CAPITAL MANAGEMENT/CA
944733,HUTNER CAPITAL MANAGEMENT INC
1599390,HWG Holdings LP
1619844,Hyperion Asset Management Ltd
1794499,Hyperion Capital Advisors LP
2111640,Hyposwiss Advisors SA
1892772,"Hyundai Investments Co., Ltd."
1811472,I.G.Y. Ltd
1969566,iA Global Asset Management Inc.
1827261,"IAG Wealth Partners, LLC"
1825292,"IAM Advisory, LLC"
1998182,"IAMS WEALTH MANAGEMENT, LLC"
1633625,IAT REINSURANCE CO LTD.
1531964,Ibex Investors LLC
1686242,IBEX WEALTH ADVISORS
921669,ICAHN CARL C
2089727,"ICG Advisors, LLC"
1697850,ICICI Prudential Asset Management Co Ltd
1058470,ICON ADVISERS INC/CO
1963212,"Icon Wealth Advisors, LLC"
1569709,"ICONIQ Capital, LLC"
1794820,ICW Investment Advisors LLC
1568069,Idaho Trust Co
1649611,IDG China Capital Fund GP III Associates Ltd.
1649614,IDG China Capital Fund III Associates L.P.
1609021,IDG China Venture Capital Fund IV Associates L.P.
1709671,IDG China Venture Capital Fund V Associates L.P.
1846013,IDG-Accel China Capital GP II Associates Ltd.
1535769,IDG-Accel China Capital II Associates L.P.
1779789,"IEQ CAPITAL, LLC"
1048268,"IES Holdings, Inc."
2109472,"IF Advisors, LLC"
2095709,"IFC & Insurance Marketing, Inc."
2053348,IFC Advisors LLC
1783412,"IFG Advisors, LLC"
1728319,"IFG Advisory, LLC"
1698246,IFM Investors Pty Ltd
1641866,"IFP Advisors, Inc"
1382646,"Ifrah Financial Services, Inc."
1765617,"IFS Advisors, LLC"
2087139,"IFS Group,LLC"
1849348,"Ignite Planners, LLC"
1697490,"IHT Wealth Management, LLC"
1783139,III Capital Management
1778253,"Ikarian Capital, LLC"
1985486,Ilex Capital Partners (UK) LLP
1541910,Illinois Municipal Retirement Fund
2052970,"Illumine Investment Management, LLC"
1661580,Ilmarinen Mutual Pension Insurance Co
1455495,"IMA Advisory Services, Inc."
1452861,"IMC-Chicago, LLC"
2032103,"IMG Wealth Management, Inc."
2089761,Immaculate Wealth Management LLC
1636441,Immersion Capital LLP
1058811,IMMERSION CORP
2054916,Impact Capital Partners LLC
1824539,"Impact Investors, Inc"
1984555,"Impact Partnership Wealth, LLC"
1896447,"IMPACTfolio, LLC"
1786767,Impactive Capital LP
1317679,Impala Asset Management LLC
1749768,Impax Asset Management Group plc
1972653,Imprint Wealth LLC
2017735,IMZ Advisory Inc
1513137,INCA Investments LLC
1821561,INCEPTIONR LLC
2049997,Incision Capital Management LP
1567195,Incline Global Management LLC
2022801,Income Insurance Ltd
1165830,INCOME RESEARCH & MANAGEMENT
1524362,"Indaba Capital Management, L.P."
2010929,"Independence Asset Advisors, LLC"
1730479,Independence Bank of Kentucky
2066080,"Independence Financial Advisors, LLC"
2001765,"Independence Wealth Advisors, LLC"
1696899,Independent Advisor Alliance
1756485,"Independent Family Office, LLC"
275484,"INDEPENDENT FINANCIAL GROUP, LLC"
1483866,Independent Franchise Partners LLP
1121908,INDEPENDENT INVESTORS INC
1538037,Independent Order of Foresters
1818391,"Independent Solutions Wealth Management, LLC"
2136099,Independent Wealth Advisors LLC
1891240,Independent Wealth Network Inc.
1665097,"Index Fund Advisors, Inc."
2095322,Index Technologies Group LLC
1503683,Index Venture Associates III Ltd
1755035,Index Venture Associates VI Ltd
1785453,Index Venture Growth Associates III Ltd
1865141,Index Venture Growth Associates IV Ltd
1873834,Index Venture Growth Associates V Ltd
1865139,Index Venture Life Associates VI Ltd
1356407,Indiana Trust & Investment Management Co
1802244,"Indie Asset Partners, LLC"
1846122,Indigo Partners LLC
2098400,Indivisible Partners
1350879,"INDUS CAPITAL PARTNERS, LLC"
1630798,Industrial Alliance Investment Management Inc.
1936249,Infini Capital Management Ltd
2058093,"INFINITUM ASSET MANAGEMENT, LLC"
2066524,"Infinity Wealth Counsel, LLC"
1970530,Inflection Point Holdings II LLC
1510989,Informed Momentum Co LLC
1621802,"INFRASTRUCTURE CAPITAL ADVISORS, LLC"
1749333,Infusive Asset Management Inc.
1039765,ING GROEP NV
1041885,INGALLS & SNYDER LLC
2026217,Inherent Management Corp.
2050138,INKWELL CAPITAL LLC
1759751,"Inlet Private Wealth, LLC"
1731795,"Inlight Wealth Management, LLC"
2052044,"Inman Jager Wealth Management, LLC"
1752579,"INNEALTA CAPITAL, LLC"
1888831,Innova Wealth Partners
2127147,"Innovative Asset Advisors Group, LLC"
2062596,Innovative Wealth Building LLC
1708237,"Innovator Capital Management, LLC"
1767868,"Inscription Capital, LLC"
1334952,"INSIGHT 2811, INC."
1844880,"Insight Advisors, LLC/ PA"
1305473,"Insight Holdings Group, LLC"
1909322,Insight Inv LLC
1627003,"Insight Wealth Partners, LLC"
1749914,"Insight Wealth Strategies, LLC"
1964958,"INSIGNEO ADVISORY SERVICES, LLC"
1810558,"Inspire Advisors, LLC"
1670139,"Inspire Investing, LLC"
1993352,"INSPIRE TRUST CO, N.A."
1633448,"INSPIRION WEALTH ADVISORS, LLC"
1533954,"Institute for Wealth Management, LLC."
1640275,"INSTITUTIONAL VENTURE MANAGEMENT XV, LLC"
1976010,"INSTRUMENTAL WEALTH, LLC"
1443077,INTACT INVESTMENT MANAGEMENT INC.
1086318,INTECH INVESTMENT MANAGEMENT LLC
1773206,"Integral Health Asset Management, LLC"
1902826,"INTEGRAL INVESTMENT ADVISORS, INC."
2055384,Integras Partners LLC
1660177,Integrated Advisors Network LLC
1608826,"INTEGRATED CAPITAL MANAGEMENT, INC."
2040070,"Integrated Capital Management, LLC"
2086529,"Integrated Financial Solutions, Inc."
1665337,"Integrated Investment Consultants, LLC"
2046834,Integrated Quantitative Investments LLC
1737109,Integrated Wealth Concepts LLC
2113155,Integrated Wealth Management
1962105,"INTEGRATED WEALTHCARE, LLC"
1750852,"Integris Wealth Management, LLC"
2057931,"Integrity Advisory Solutions, LLC"
1352260,"INTEGRITY ALLIANCE, LLC."
1917704,Integrity Financial Corp /WA
2066359,"Integrity Investment Advisors, LLC"
1951908,"INTEGRITY WEALTH ADVISORS, INC."
2121884,"Integrity Wealth Partners, LLC"
2006918,Integrity Wealth Solutions LLC
50863,Intel Corp
1677253,"Intellectus Partners, LLC"
1819955,"Intelligence Driven Advisers, LLC"
1911000,Intelligent Financial Strategies
2055137,Intellus Advisors LLC
2119881,"Intentional Wealth Strategies, LLC"
1419099,"INTERACTIVE FINANCIAL ADVISORS, INC."
2108411,"INTERCAPITAL, LLC"
1845998,"Interchange Capital Partners, LLC"
1911342,"Intergy Private Wealth, LLC"
1664713,Intermede Investment Partners Ltd
1818604,"INTERNATIONAL ASSETS INVESTMENT MANAGEMENT, LLC"
1691813,International City Management Association Retirement Corp
2022637,International Private Wealth Advisors LLC
1590228,"Interval Partners, LP"
1374384,Intesa Sanpaolo S.p.A.
2110902,Intesa Sanpaolo Wealth Management
1847343,InTrack Investment Management Inc
1092838,INTREPID CAPITAL MANAGEMENT INC
1596197,INTREPID FAMILY OFFICE LLC
1641296,Intrepid Financial Planning Group LLC
1671754,INTRINSIC EDGE CAPITAL MANAGEMENT LLC
1910364,"Intrinsic Value Partners, LLC"
1812792,"Intrua Financial, LLC"
1034771,INTRUST BANK NA
1850871,Invariant Investment Management
1989341,INVENIO WEALTH PARTNERS LLC
1769456,Invenomic Capital Management LP
1976780,"Invera Wealth Advisors, LLC"
914208,Invesco Ltd.
2090165,INVESTED ADVISORS
1953154,Investidor Profissional Gestao de Recursos Ltda.
1926349,Investmark Advisory Group LLC
1910273,"Investment Advisory Group, LLC"
2099157,Investment Advisory Services Group LLC
925953,INVESTMENT ADVISORY SERVICES INC /TX /ADV
2056576,INVESTMENT COUNSEL CO OF NEVADA
1566030,INVESTMENT HOUSE LLC
1737917,"Investment Insight Wealth Management, LLC"
52024,INVESTMENT MANAGEMENT ASSOCIATES INC /ADV
789307,INVESTMENT MANAGEMENT CORP /VA/ /ADV
1811568,Investment Management Corp of Ontario
2131759,"Investment Management Trust, LLC"
1384416,"Investment Partners Asset Management, Inc."
1050068,"INVESTMENT PARTNERS, LTD."
2024049,"Investment Planning Advisors, Inc."
1802136,"Investment Research & Advisory Group, Inc."
2069274,Investment Research Partners LLC
1909307,"Investments & Financial Planning, LLC"
889232,INVESTOR AB
2044901,"Investor's Fiduciary Advisor Network, LLC"
867926,INVESTORS ASSET MANAGEMENT OF GEORGIA INC /GA/ /ADV
2073833,Investors Portfolio Services LLC
1730630,Investors Research Corp
2079571,Investors Towarzystwo Funduszy Inwestycyjnych Spolka Akcyjna
2050848,InvesTrust
1476993,"Investure, LLC"
1939208,"INVICTUS PRIVATE WEALTH, LLC"
1867587,"Invst, LLC"
1803307,ION Crossover Partners Ltd
2105906,ION Fund Management Ltd
1386462,Ionic Capital Management LLC
1546967,Iowa State Bank
1602237,IPG Investment Advisors LLC
1964922,Ipsen Advisor Group LLC
1463753,"Ipswich Investment Management Co., Inc."
1620943,IQ EQ FUND MANAGEMENT (IRELAND) Ltd
1929389,Irenic Capital Management LP
1033427,IRIDIAN ASSET MANAGEMENT LLC/CT
1595509,IRON Financial LLC
1131181,Iron Gate Global Advisors LLC
1850996,"IronBridge Private Wealth, LLC"
1824600,Ironclad Investments LLC
1615135,"Ironsides Asset Advisors, LLC"
1730478,"Ironvine Capital Partners, LLC"
1630360,"Ironwood Financial, llc"
1330463,"Ironwood Investment Counsel, LLC"
1127761,IRONWOOD INVESTMENT MANAGEMENT LLC
1844821,"IRONWOOD WEALTH MANAGEMENT, INC."
1692820,"Ironwood Wealth Management, LLC."
2046144,Irth Capital Management LP
2134988,Isabella Capital Management LLP
1919867,iSAM Funds (UK) Ltd
2111609,Ishara Investments LP
2081714,"Islander Capital Partners, L.P."
1738560,"ISLAY CAPITAL MANAGEMENT, LLC"
1706511,Israel Discount Bank of New York
1639666,"ISTHMUS PARTNERS, LLC"
1132597,Itau Unibanco Holding S.A.
1484043,ITHAKA GROUP LLC
1842811,IVC Wealth Advisors LLC
2065347,Ivory Union Consulting Ltd
1839851,"IVY LANE CAPITAL MANAGEMENT, LLC"
1809525,IvyRock Asset Management (HK) Ltd
1890435,"Iyo Bank, Ltd."
2090663,J Digital 6 LLC
2059107,"J HAGAN CAPITAL, INC."
2077884,J. Derek Lewis & Associates Inc.
1412741,J. Goldman & Co LP
1394517,"J. H. Whitney Equity Partners VI, LLC"
1742315,"J. L. Bainbridge & Co., Inc."
1811161,J. Mark Nickell & Co.
1890222,J. Safra Sarasin Holding AG
2011335,J. Stern & Co. LLP
2107629,"J. Team Financial, Inc."
2111381,"J.E. Simmons & Co., P.C."
1567459,"J.H. Whitney Equity Partners VII, LLC"
2099154,"J.M. Arbour, LLC"
1426755,"J.P. Marvel Investment Advisors, LLC"
1535293,J.Safra Asset Management Corp
1404763,"J.W. COLE ADVISORS, INC."
1586882,J2 Capital Management Inc
1594167,JABODON PT CO
2125215,Jackson Brooke LLC
1831003,Jackson Creek Investment Advisors LLC
1911159,"JACKSON HILL ADVISORS, LLC"
1767049,"Jackson Hole Capital Partners, LLC"
1812178,"JACKSON SQUARE CAPITAL, LLC"
1903880,"JACKSON THORNTON WEALTH MANAGEMENT, LLC"
1536799,"Jackson Wealth Management, LLC"
1650300,"Jackson, Grant Investment Advisers, Inc."
2048486,"Jacksonville Wealth Management, LLC"
1689646,Jacobi Capital Management LLC
1055544,JACOBS & CO/CA
1351063,"JACOBS ASSET MANAGEMENT, LLC"
2111761,Jacobs Equity LLC
884414,"JACOBS LEVY EQUITY MANAGEMENT, INC"
1782491,Jacobsen Capital Management
1632096,"JACOBSON & SCHMITT ADVISORS, LLC"
1404652,"Jaffetilchin Investment Partners, LLC"
1080374,"JAG CAPITAL MANAGEMENT, LLC"
2024579,Jain Global LLC
1731152,James Hambro & Partners LLP
810384,"JAMES INVESTMENT RESEARCH, INC."
1949059,"James J. Burns & Company, LLC"
1911052,"James Reed Financial Services, Inc."
2006637,"JAMISON PRIVATE WEALTH MANAGEMENT, INC."
1998597,"JANA Partners Management, LP"
1595888,"JANE STREET GROUP, LLC"
1329948,Janney Montgomery Scott LLC
1855967,January Capital Advisors LLC
1274173,JANUS HENDERSON GROUP PLC
1783464,"Japan Post Holdings Co., Ltd."
1948391,Japan Science & Technology Agency
1453381,"Jasper Ridge Partners, L.P."
1834438,JAT Capital Mgmt LP
1879371,JB Capital LLC
1138532,JB CAPITAL PARTNERS LP
1483864,"JBF Capital, Inc."
2051348,JBGlobal.com LLC
2017878,JBR Co Financial Management Inc
1492040,JCIC Asset Management Inc.
1461945,"JCP Investment Management, LLC"
1444055,"JCSD Capital, LLC"
2022512,"JDH Wealth Management, LLC"
1960212,JDM Financial Group LLC
96223,Jefferies Financial Group Inc.
2102009,"Jefferson Bridge Capital, LLC"
53417,JENNISON ASSOCIATES LLC
1106129,JENSEN INVESTMENT MANAGEMENT INC
1831263,"JEPPSON WEALTH MANAGEMENT, LLC"
1525234,Jericho Capital Asset Management L.P.
1841173,"JERICHO FINANCIAL, LLP"
1963536,"Jessup Wealth Management, Inc"
2093023,Jeter Robert S II
1568068,"JFS WEALTH ADVISORS, LLC"
1536562,JGP Global Gestao de Recursos Ltda.
1748278,"JGP Wealth Management, LLC"
2110669,"JHP Wealth Management, LLC"
1966595,JIA INVESTMENT ALLIANCE PTE. LTD.
2044420,"JIM SAULNIER & ASSOCIATES, LLC"
1085227,JLB & ASSOCIATES INC
2103359,JM2 Capital Inc.
1907294,JMAC ENTERPRISES LLC
1314404,"JMG Financial Group, Ltd."
2113267,JMN Financial LLC
1569118,JNBA Financial Advisors
1770120,JNE Partners LLP
2020459,"Joel Adams & Associates, Inc."
1599330,"Joel Isaacson & Co., LLC"
1910790,John & Kathleen Schreiber Foundation
2118722,"John A. Wolfe & Associates, Inc."
919530,JOHN G ULLMAN & ASSOCIATES INC
1798926,"John W. Brooker & Co., CPAs"
1764756,Johns Hopkins University
200406,JOHNSON & JOHNSON
1954136,"Johnson & White Wealth Management, LLC"
1844238,"Johnson Bixby & Associates, LLC"
1477024,"Johnson Financial Group, Inc."
1706327,"Johnson Financial Group, LLC"
821197,JOHNSON INVESTMENT COUNSEL INC
2110653,"Johnson Wealth Management, LLC"
1106500,JOHO CAPITAL LLC
815917,JONES FINANCIAL COMPANIES LLLP
2102314,Jones Hill Capital LP
2104438,"Jones Kertz & Associates, Inc."
1842361,"JONES ROAD CAPITAL MANAGEMENT, L.P."
1707975,Jordan Park Group LLC
2051108,Jordan Park Trust Co LLC
1910383,Joseph Group Capital Management
1775391,"Joseph P. Lucia & Associates, LLC"
1911348,"JOSH ARNOLD INVESTMENT CONSULTANT, LLC"
1929070,"Joule Financial, LLC"
1840085,"Journey Advisory Group, LLC"
2052989,"Journey Beyond Wealth, LLC"
2122180,JOURNEY RETIREMENT PLANNING & INVESTMENT MANAGEMENT LLC
1909316,JOURNEY STRATEGIC WEALTH LLC
1967622,"JP Wealth Management, Inc."
2010710,"JPL Wealth Management, LLC"
19617,JPMORGAN CHASE & CO
1631084,"JRM Investment Counsel, LLC"
1562668,JS Capital Management LLC
1802224,"JSF Financial, LLC"
1689013,JT Stratford LLC
1875645,JTC Employer Solutions Trustee Ltd
1831577,"Jump Financial, LLC"
1632866,"JUNCTURE WEALTH STRATEGIES, LLC"
2011609,"Juniper Capital Advisors, L.P."
1803460,Juniper Hill Capital Management LP
1794034,"Juniper Investment Company, LLC"
2112570,"Junk Investment Group, LLC"
2106874,Juno Financial Group LLC
1595880,Junto Capital Management LP
1215838,JUPITER ASSET MANAGEMENT LTD
1774207,Jupiter Wealth Management LLC
1915765,jvl associates llc
1549738,"JW Asset Management, LLC"
1418359,K.J. Harrison & Partners Inc
2044711,K2 Financial Inc.
1461790,"K2 PRINCIPAL FUND, L.P."
1720980,KADENSA CAPITAL Ltd
2064489,Kagan Cocozza Asset Management
1039565,KAHN BROTHERS GROUP INC
1970731,Kailix Advisors LLC
1842013,Kaizen Financial Strategies
2106181,Kalehua Capital Management LLC
1702912,KALEIDOSCOPE CAPITAL LP
1999898,Kampmann Melissa S.
1317267,"Kamunting Street Capital Management, L.P."
1164478,KANAWHA CAPITAL MANAGEMENT LLC
2109915,"Kane Co Wealth Management, Inc."
2056671,"KANE INVESTMENT MANAGEMENT, INC."
1681614,Kanen Wealth Management LLC
1798686,Kapitalo Investimentos Ltda
1966087,Kapstone Financial Advisors LLC
1792430,Karani Asset Management LLC
2058849,Karl Kapital LLC
2110887,Karnit Road Accident Victims Compensation Fund
1048703,"Karpus Management, Inc."
2109847,"Karras Company, Inc."
2095972,Kassira Wealth Management LLC
2111663,"Kastel Capital Advisors, LLC"
2025353,Katamaran Capital LLP
1794543,"Kathmere Capital Management, LLC"
2049750,"Kaufman Rossin Wealth, LLC"
1841766,"KAVAR CAPITAL PARTNERS GROUP, LLC"
1964532,"Kaydan Wealth Management, Inc."
949615,KAYNE ANDERSON CAPITAL ADVISORS LP
1021223,KAYNE ANDERSON RUDNICK INVESTMENT MANAGEMENT LLC
1580415,"Kazazian Asset Management, LLC"
1411133,KBC Group NV
2026745,KCM Capital Inc
1109228,KCM INVESTMENT ADVISORS LLC
1776910,"KDK Private Wealth Management, LLC"
2054458,"KDT Advisors, LLC"
1908695,Kearns & Associates LLC
2103443,"Keating Financial Advisory Services, Inc."
1020580,KEATING INVESTMENT COUNSELORS INC
1903035,"KEB ASSET MANAGEMENT, LLC"
2041209,Kedalion Capital Management LLP
1803675,Keebeck Wealth Management
2035883,KEELER & NADLER FINANCIAL PLANNING & WEALTH MANAGEMENT
1730660,Keeler Thomas Management LLC
1647363,"Keenan Capital, LLC"
2111703,"Keenan, LLC"
2004495,Keener Financial Planning LLC
2055512,Keewaydin Investments LLC
1507971,KELLEHER FINANCIAL ADVISORS
1910381,"Kellett Wealth Advisors, LLC"
1197921,KELLOGG W K FOUNDATION TRUST
1128066,KELLY FINANCIAL GROUP LLC
2023336,Kelly Financial Services LLC
920441,KELLY LAWRENCE W & ASSOCIATES INC/CA
1672067,"Kelman-Lazarov, Inc."
2022609,"Kelsey Financial, LLC"
1555283,Kemnay Advisory Services Inc.
1731372,Kendall Capital Management
2043536,Kennebec Savings Bank
884589,KENNEDY CAPITAL MANAGEMENT LLC
1978005,"KENNEDY INVESTMENT GROUP, INC."
1863265,KENNICOTT CAPITAL MANAGEMENT LLC
1963352,"Kennon-Green & Company, LLC"
2055199,Kennondale Capital Management LLC
1990080,"Kenora Financial, LLC"
1113000,KENSICO CAPITAL MANAGEMENT CORP
1979884,"Kensington Asset Management, LLC"
1845536,"Kensington Investment Counsel, LLC"
2131132,Kentucky Farm Bureau Mutual Insurance Co
1537783,Kentucky Retirement Systems
1584686,Kentucky Retirement Systems Insurance Trust Fund
2054100,Kentucky Trust Co
2096459,Kepler Cheuvreux (Suisse) SA
1512020,Kepos Capital LP
2040353,"Kera Capital Partners, Inc."
1890748,"Kercheville Advisors, LLC"
2095947,KERR FINANCIAL PLANNING Corp
1569688,"Kerrisdale Advisers, LLC"
2029597,Kerusso Capital Management LLC
1840455,"Kesler, Norman & Wride, LLC"
1525947,"Kessler Investment Group, LLC"
1830819,"Kestra Advisory Services, LLC"
1962449,"Kestra Investment Management, LLC"
1649451,"KESTRA PRIVATE WEALTH SERVICES, LLC"
917579,KESTREL INVESTMENT MANAGEMENT CORP
2113129,Ketron Financial
1387369,"KETTLE HILL CAPITAL MANAGEMENT, LLC"
1785498,Keudell/Morrison Wealth Management
2107249,"Key Capital Management, INC"
1912612,"Key Client Fiduciary Advisors, LLC"
1801720,Key Financial Inc
1089877,KEYBANK NATIONAL ASSOCIATION/OH
2011352,"Keyes, Stange & Wooten Wealth Management, LLC"
1830175,"Keyframe Capital Partners, L.P."
2026127,KEYNOTE FINANCIAL SERVICES LLC
1729299,Keystone Financial Group
2053642,"Keystone Financial Group, Inc."
1596906,"Keystone Financial Planning, Inc."
1865158,Keystone Financial Services
2046033,"Keystone Financial Services, LLC"
1764057,"Keystone Global Partners, LLC"
806250,"KEYSTONE GROUP, L.P."
1866189,"Keystone Wealth Services, LLC"
2050555,"KEYVANTAGE WEALTH, LLC"
1474069,KEYWISE CAPITAL MANAGEMENT (HK) Ltd
1800556,"KFA Private Wealth Group, LLC"
1919344,"KFG WEALTH MANAGEMENT, LLC"
1771687,KG Capital Management
1569242,KHALL LLC
1699292,Khan Imran
2055575,KHIS Custodian LP
1877963,Khrom Capital Management LLC
2000355,"KICKSTAND VENTURES, LLC."
1314377,Kidder Stephen W
1909180,"KIDS CAPITAL MANAGEMENT, L.P."
2051613,KIECKHEFER GROUP LLC
2042502,"Kiker Wealth Management, LLC"
1723223,"KILEY JUERGENS WEALTH MANAGEMENT, LLC"
2109522,"KILNER CAPITAL ADVISORS, LLC"
1582633,Kiltearn Partners LLP
2058915,Kilter Group LLC
1759354,KilterHowling LLC
1888968,"KIM, LLC"
1318103,"Kimelman & Baird, LLC"
1706220,"Kimmeridge Energy Management Company, LLC"
1911448,"Kinetic Partners Management, LP"
310051,KING LUTHER CAPITAL MANAGEMENT CORP
1218199,"KING STREET CAPITAL MANAGEMENT, L.P."
1568235,King Wealth Management Group
1962236,Kingdom Financial Group LLC.
1000097,"KINGDON CAPITAL MANAGEMENT, L.L.C."
2066184,"Kingsman Wealth Management, Inc."
2057208,"Kingstone Capital Partners Texas, LLC"
1791965,"Kingsview Wealth Management, LLC"
1987855,"KINGSWOOD WEALTH ADVISORS, LLC"
1818557,"Kinloch Capital, LLC"
1669162,"Kinsale Capital Group, Inc."
2032385,Kintayl Capital LP
1569518,"Kintegral Advisory, LLC"
1904432,"KINTRA WEALTH, LLC"
1795594,Kirkoswald Asset Management LLC
764112,KIRR MARBACH & CO LLC /IN/
2019084,"KIRTLAND HILLS CAPITAL MANAGEMENT, LLC"
2010145,"KITCHING PARTNERS, LLC"
1687444,Kite Lake Capital Management (UK) LLP
1798860,KIZE CAPITAL LP
2001943,KKM Financial LLC
1819279,"Klaas Financial Asset Advisors, LLC"
1166620,"KLCM Advisors, Inc."
1907480,"KLEIN PAVLIS & PEASLEY FINANCIAL, INC."
859872,KLINGENSTEIN FIELDS & CO LP
1662449,"Klingman & Associates, LLC"
1717443,KLP KAPITALFORVALTNING AS
1963514,KM Capital Management Ltd.
1773205,"KMG FIDUCIARY PARTNERS, LLC"
2058235,"KMT WEALTH MANAGEMENT, LLC"
1512397,"Knighthead Capital Management, LLC"
1688666,Knights of Columbus Asset Advisors LLC
1332811,"KNIGHTSBRIDGE ASSET MANAGEMENT, LLC"
1325083,"Knoll Capital Management, LLC"
1999346,"Knollwood Investment Advisory, LLC"
1892770,Knott David M Jr
2109564,Knox Lane LP
1768089,Knuff & Co LLC
2022118,"Koa Wealth Management, LLC"
2027344,"Koch, Inc."
2114481,"Koenig Investment Advisory, LLC"
1963421,"Koesten, Hirschmann & Crabtree, INC."
1399770,Kohlberg Kravis Roberts & Co. L.P.
1696615,"Kohmann Bosshard Financial Services, LLC"
1804116,"KOM Wealth Management Group, LLC"
2070929,"Kondo Wealth Advisors, Inc."
1713390,Kontiki Capital Management (HK) Ltd.
1961850,Kooman & Associates
1599814,"Kopernik Global Investors, LLC"
1728689,"Kopion Asset Management, LLC"
1683689,"Kopp Family Office, LLC"
1659815,Kora Management LP
1971339,Kore Advisors LP
1441689,Korea Investment CORP
898358,KORNITZER CAPITAL MANAGEMENT INC /KS
1633389,"Koshinski Asset Management, Inc."
1861163,"Koss-Olinger Consulting, LLC"
1728321,"Kovack Advisors, Inc."
1764970,"Kozak & Associates, Inc."
2036769,KP Management LLC
1989349,KPP Advisory Services LLC
1799162,KPS Global Asset Management UK Ltd
2103364,KR Capital LP
1910852,"KRAEMATON INVESTMENT ADVISORS, INC"
1919438,"Kraft, Davis & Associates, LLC"
2136913,Krane Financial Solutions LLC
1536592,Krane Funds Advisors LLC
1639754,Kranot Hishtalmut Le Morim Tichoniim Havera Menahelet LTD
1639753,Kranot Hishtalmut Le Morim Ve Gananot Havera Menahelet LTD
1609251,"Krensavage Asset Management, LLC"
1659047,Krilogy Financial LLC
2126518,KRM WEALTH MANAGEMENT L.L.C.
2084205,"Kropog Financial Group, LLC"
1910876,"KRS Capital Management, LLC"
2123957,Kryger Capital LLC
2099997,"KTF INVESTMENTS, LLC"
2011958,Kuhn & Co Investment Counsel
2064545,Kultura Capital Management LP
1986795,"Kure Advisory, LLC"
2027462,Kurv Investment Management LLC
1858198,"KVP Capital Advisors, LP"
2078696,KW WEALTH MANAGEMENT LLC
1822236,KWB Wealth
1633024,"KWMG, LLC"
1907884,"Kynam Capital Management, LP"
1392364,L & S Advisors Inc
809339,"L. Roy Papp & Associates, LLP"
2055235,"L.K. Benson & Company, P.C."
2009023,L1 Capital International Pty Ltd
1817646,L1 Capital Pty Ltd
1878742,L1 Global Manager Pty Ltd
1686988,"L2 Asset Management, LLC"
1308377,"Lafayette Investments, Inc."
1307878,"LAFFER TENGLER INVESTMENTS, INC."
1387458,LaFleur & Godfrey LLC
1632108,"Lagoda Investment Management, L.P."
1800608,Laidlaw Wealth Management LLC
723204,"Laird Norton Wetherby Trust Company, LLC"
1705594,"Lake Hills Wealth Management, LLC"
1772031,"LAKE STREET PRIVATE WEALTH, LLC"
1844830,Lakehouse Capital Pty Ltd
2012028,Lakeridge Wealth Management LLC
2057465,"Lakeshore Capital Group, Inc."
2000571,"Lakeshore Financial Planning, Inc."
1913467,"Lakeside Advisors, INC."
1966581,Lakewood Asset Management LLC
1424381,"LAKEWOOD CAPITAL MANAGEMENT, LP"
2106818,"Lalia Capital, LLC"
1961944,"LAM GROUP, INC."
1630064,Lancaster Investment Management
1536520,"Land & Buildings Investment Management, LLC"
913990,LANDAAS & CO /WI /ADV
2025964,"Landing Point Financial Group, LLC"
2023551,"LANDMARK INVESTMENT PARTNERS, L.P."
1985016,"LANDMARK WEALTH MANAGEMENT, INC."
1728778,"Landmark Wealth Management, LLC"
1536186,"LANDSCAPE CAPITAL MANAGEMENT, L.L.C."
1177416,LANE BROTHERS & CO INC
1901384,Lane Generational LLC
2111148,Langdon Equity Partners
1608485,LANSDOWNE PARTNERS (UK) LLP
2059323,Lansforsakringar Fondforvaltning AB (publ)
1691908,Lansing Management LP
1926571,Lansing Street Advisors
1950218,"Lantern Wealth Advisors, LLC"
1766883,Lantz Financial LLC
1908275,Laraway Financial Advisors Inc
2112646,LARCH CAPITAL PARTNERS LLC
2118274,"Larry Mathis Financial Planning, LLC"
1731061,Larson Financial Group LLC
1085601,LASALLE INVESTMENT MANAGEMENT SECURITIES LLC
1966193,"LaSalle St. Investment Advisors, LLC"
1317961,"Latash Investments, LLC"
1124841,LATHROP INVESTMENT MANAGEMENT CO
1914668,"Latigo Investments, LLC"
1843715,"Latitude Advisors, LLC"
1937769,"Latko Wealth Management, Ltd."
1710207,"Lattice Capital Management, LLC"
1860063,"Lauer Wealth, LLC"
2111628,Laura & John Arnold Foundation
2111403,"LAUREL OAK WEALTH MANAGEMENT, LLC"
1757128,Laurel Wealth Advisors LLC
1842010,Laurel Wealth Planning LLC
1390202,Laurion Capital Management LP
2082507,Laurore Ltd
1869316,Laurus Global Equity Management Inc.
1909828,"Lauterbach Financial Advisors, LLC"
1641447,Lavaca Capital LLC
2136566,LAVELLE CAPITAL LP
2109484,LAWOOD & CO
1013701,LAWSON KROEKER INVESTMENT MANAGEMENT INC/NE
1207017,LAZARD ASSET MANAGEMENT LLC
1426748,Lazard Freres Gestion S.A.S.
1986389,"LAZARI CAPITAL MANAGEMENT, INC."
2007877,LB Partners LLC
1601622,"LBJ Family Wealth Advisors, Ltd."
1536924,"LBMC INVESTMENT ADVISORS, LLC"
1970075,LBP AM SA
2080628,LCC Family Corp.
1861752,LCM Capital Management Inc
1074902,LCNB CORP
2110690,"LCW Services, LLC"
1566089,LDR Capital Management LLC
1802797,"Lead Edge Capital Management, LLC"
1967205,Leading Edge Financial Planning LLC
924181,"LEAVELL INVESTMENT MANAGEMENT, INC."
1845766,"Lebenthal Global Advisors, LLC"
1990849,LECAP ASSET MANAGEMENT LTD
2056667,LeClair Wealth Partners LLC
2060443,"LeConte Wealth Management, LLC"
1089707,LEDERER & ASSOCIATES INVESTMENT COUNSEL/CA
2064043,"Ledgewood Wealth Advisors, LLC"
1310658,Ledyard National Bank
939219,LEE DANNER & BASS INC
1391166,Lee Financial Co
1674836,"LEE JOHNSON CAPITAL MANAGEMENT, LLC"
2063827,Lee-Kelleher Wealth Management
1777817,"Leelyn Smith, LLC"
1735201,"Leeward Financial Partners, LLC"
1923173,"Leeward Investments, LLC - MA"
1957370,"Left Brain Wealth Management, LLC"
1720969,"Legacy Advisors, LLC"
2068847,"Legacy Advisory Services, LLC"
1689144,"Legacy Bridge, LLC"
1977092,"Legacy Capital Group California, Inc."
2071183,"LEGACY CAPITAL WEALTH MANAGEMENT, LLC"
1766228,"Legacy Capital Wealth Partners, LLC"
1904825,"Legacy CG, LLC"
2105396,"Legacy Edge Advisors, LLC"
1730810,"Legacy Financial Advisors, Inc."
1834011,Legacy Financial Group LLC
1965579,"LEGACY FINANCIAL GROUP, INC."
2131510,LEGACY FINANCIAL INDEPENDENT ADVISORS LLC
1723925,"Legacy Financial Strategies, LLC"
1952532,"Legacy PCG, LLC"
1352547,Legacy Private Trust Co.
2053314,"LEGACY SOLUTIONS, LLC"
1772483,Legacy Trust
2111463,"Legacy Wealth Advisors, LLC"
1846151,"Legacy Wealth Asset Management, LLC"
1488921,"Legacy Wealth Management, LLC"
2047443,"Legacy Wealth Management, LLC / MS"
2045082,"Legacy Wealth Managment, LLC/ID"
2066638,"Legacy Wealth Partners, LLC"
764068,Legal & General Group Plc
1841769,"Legal Advantage Investments, Inc."
1442641,Legato Capital Management LLC
2111719,Legend Capital Advisors LLC
1781948,"Legend Financial Advisors, Inc."
1560207,"Legion Partners Asset Management, LLC"
2006661,"Leibman Financial Services, Inc."
1710666,"Leicht Financial Planning & Wealth Management, Inc."
946629,"LEIGH BALDWIN & CO., LLC"
1631507,Leisure Capital Management
1353651,Leith Wheeler Investment Counsel Ltd.
920760,Lennar Corp /New/
1920405,"Leo H. Evart, Inc."
1912202,"Leo Wealth, LLC"
1175523,"Leonard Green & Partners, L.P."
1731447,Leonard Rickey Investment Advisors P.L.L.C.
1535950,Leonteq Securities AG
1854423,Lepercq De Neuflize Asset Management LLC
1492162,Lesa Sroufe & Co
1954832,"Leslie Global Wealth, LLC"
1725888,Lester Murray Antman dba SimplyRich
1297496,"LETKO, BROSSEAU & ASSOCIATES INC"
2078069,"LETSON INVESTMENT MANAGEMENT, INC."
1170152,"LEUTHOLD GROUP, LLC"
1871734,Level Financial Advisors
1696715,"LEVEL FOUR ADVISORY SERVICES, LLC"
2036775,Level Wealth Management LLC
1908386,"Leverty Financial Group, LLC"
1354821,"LEVIN CAPITAL STRATEGIES, L.P."
2004520,"Lewis Asset Management, LLC"
1729677,"LexAurum Advisors, LLC"
2111980,"Lexington Hill Partners, LLC"
1621157,Lexington Partners L.P.
1737871,LFA - Lugano Financial Advisors SA
1694127,"LFL Advisers, LLC"
1653202,"LGL PARTNERS, LLC"
1641992,LGT CAPITAL PARTNERS LTD.
1965191,LGT Financial Advisors LLC
1911284,LGT Fund Management Co Ltd.
1911278,LGT Group Foundation
2009224,"LHM, INC."
1905374,Liberty 77 Capital L.P.
2101909,Liberty Atlantic Advisors LLC
1533497,Liberty Mutual Group Asset Management Inc.
1807328,"LIBERTY ONE INVESTMENT MANAGEMENT, LLC"
2057655,LIBERTY SQUARE WEALTH PARTNERS LLC
1489178,"Liberty Street Advisors, Inc."
1769302,LIBERTY WEALTH MANAGEMENT LLC
1925385,LIBRA WEALTH LLC
1650150,"Lido Advisors, LLC"
2072459,Life Cycle Investment Partners Ltd
2035872,LIFE LINE WEALTH MANAGEMENT LLC
1910934,"Life Planning Partners, Inc"
2054684,"LifeGoal Investments, LLC"
1908585,"LifeGuide Financial Advisors, LLC"
2051717,"Lifelong Wealth Advisors, Inc."
1739485,"LifePlan Financial, LLC"
2045484,"LifePlan Investment Advisors, Inc."
1801373,"LifeSteps Financial, Inc."
1845675,"Lifestyle Asset Management, Inc."
2116339,Lifetime Wealth Management P.C.
2033794,"LifeWealth Investments, LLC"
1882132,"Lifeworks Advisors, LLC"
2110810,LiftPoint Family Wealth Advisors LLC
1569049,"LIGHT STREET CAPITAL MANAGEMENT, LLC"
2057556,Lighthouse Financial LLC
1068979,LIGHTHOUSE FINANCIAL SERVICES INC /ADV
1600344,"Lighthouse Investment Partners, LLC"
2042810,Lighthouse Wealth Management Inc.
2041485,Lightrock Netherlands B.V.
1702122,"LIGHTSPEED MANAGEMENT COMPANY, L.L.C."
2118318,"LightSquare Wealth Management, LLC"
316011,LILLY ENDOWMENT INC
2075597,Limestone Investment Advisors LP
1058231,LINCLUDEN MANAGEMENT LTD
872359,LINCOLN CAPITAL CORP
1633862,Lincoln Capital LLC
59558,LINCOLN NATIONAL CORP
1891185,Lind Value II ApS
1279396,Linden Advisors LP
1833819,Linden Rose Investment LLC
1965702,"Linden Thomas Advisory Services, LLC"
1484150,Lindsell Train Ltd
2093311,Lineage Point Capital LP
1797873,"Lineweaver Wealth Advisors, LLC"
1732768,Lingotto Investment Management LLP
1985479,Linonia Partnership LP
1313294,"Linscomb Wealth, Inc."
1643354,"Lion Point Capital, LP"
1800533,Lionsbridge Wealth Management LLC
2056752,"Lionshead Wealth Management, LLC"
1575662,Lionstone Capital Management LLC
1544204,Liontrust Investment Partners LLP
1570396,Lipe & Dalton
1774727,"Liquid Strategies, LLC"
1424467,"Lisanti Capital Growth, LLC"
1539639,"Little Harbor Advisors, LLC"
1748814,LITTLE HOUSE CAPITAL LLC
1042537,LITTLEJOHN & CO LLC
2031637,"LITTLEJOHN FINANCIAL SERVICES, INC."
1822262,Live Oak Investment Partners
1799877,Live Oak Private Wealth LLC
2111409,"Livet Wealth, LLC"
1547926,"Livforsakringsbolaget Skandia, Omsesidigt"
1988563,"LJI Wealth Management, LLC"
1802474,"Lloyd Advisory Services, LLC."
1847935,"Lloyd Harbor Capital Management, LLC"
2011314,LM Advisors LLC
2057190,LM Asset Management Inc.
1470944,"LMCG INVESTMENTS, LLC"
1965772,"LMG Wealth Partners, LLC"
1578621,LMR Partners LLP
1698810,Local Pensions Partnership Investment Ltd
1906539,"LOCKERMAN FINANCIAL GROUP, INC."
897599,LOCKHEED MARTIN INVESTMENT MANAGEMENT CO
1349434,"LOCUST WOOD CAPITAL ADVISERS, LLC"
1963040,LODESTAR PRIVATE ASSET MANAGEMENT LLC
1950158,Lodestone Wealth Management LLC
1598245,"Lodge Hill Capital, LLC"
60086,Loews Corp
1121330,LOGAN CAPITAL MANAGEMENT INC
1535521,"Logan Stone Capital, LLC"
1792126,Logos Global Management LP
2077907,LOM Asset Management Ltd
1535784,Lombard Odier Asset Management (Europe) Ltd
1535660,Lombard Odier Asset Management (Switzerland) SA
1491719,Lombard Odier Asset Management (USA) Corp
1767559,London & Capital Asset Management Ltd
1259887,LONDON CO OF VIRGINIA
1730467,LONE PEAK GLOBAL INVESTORS LLC
1061165,LONE PINE CAPITAL LLC
1317410,LONESTAR CAPITAL MANAGEMENT LLC
1845501,Long Corridor Asset Management Ltd
1602716,"Long Focus Capital Management, LLC"
2011177,"Long Island Wealth Management, Inc."
1905112,Long Path Partners LP
1499066,"Long Pond Capital, LP"
1620081,"Long Road Investment Counsel, LLC"
1869470,LONG WALK MANAGEMENT LP
2054122,Longaeva Partners L.P.
2045792,"Longboard Asset Management, LP"
1965552,Longbow Finance SA
1167487,LONGFELLOW INVESTMENT MANAGEMENT CO LLC
1664999,Longitude (Cayman) Ltd.
1086477,"LONGVIEW ASSET MANAGEMENT, LLC"
2076077,Longview Financial Advisors LLC
1786915,"Longview Financial Advisors, Inc."
1426092,Longview Partners (Guernsey) LTD
1990190,LongView Wealth Management
312348,LOOMIS SAYLES & CO L P
2045252,"Lord & Richards Wealth Management, LLC"
728100,"LORD, ABBETT & CO. LLC"
932974,LORING WOLCOTT & COOLIDGE FIDUCIARY ADVISORS LLP/MA
1851362,Lorne Steinberg Wealth Management Inc.
1177206,LOS ANGELES CAPITAL MANAGEMENT LLC
2095243,"Lotus Technology Management, LP"
1597089,"Loudon Investment Management, LLC"
2053050,LOUISBOURG INVESTMENTS INC.
1537191,Louisiana State Employees Retirement System
1821168,"LOUNTZIS ASSET MANAGEMENT, LLC"
22657,LOWE BROCKENBROUGH & CO INC
1919701,"LOWERY THOMAS, LLC"
1403438,LPL Financial LLC
1801101,LPWM LLC
2023325,"LRI Investments, LLC"
1798923,"LRT Capital Management, LLC"
2111919,LRZ CAPITAL LLC
1455845,"LS Investment Advisors, LLC"
1728850,"LSP Investment Advisors, LLC"
1050470,LSV ASSET MANAGEMENT
1936987,LTG Capital LLC
1973154,LTS Liquid Investments LLC
1473033,"Lubar & Co., Inc"
1730546,"Luken Investment Analytics, LLC"
2087462,Luma Capital S.A. - SPF
1602476,"Lumbard & Kellner, LLC"
1992915,LuminArx Capital Management LP
1807270,Luminist Capital LLC
1279151,LUMINUS MANAGEMENT LLC
2036517,Luminvest Wealth Management LLC
2011652,"Lummis Asset Management, LP"
2056786,Lunate Capital Ltd
1608034,"Lunt Capital Management, Inc."
1967844,"LUTS & GREENLEIGH GROUP, INC."
1737112,Lutz Financial Services LLC
1316580,"Luxor Capital Group, LP"
1053054,LVM CAPITAL MANAGEMENT LTD/MI
1576053,"LVW Advisors, LLC"
1574408,"LVZ, Inc."
2067328,LWM ADVISORS INC
1697716,"LWM Advisory Services, LLC"
1686444,"LYELL WEALTH MANAGEMENT, LP"
2009895,"Lykos Global Management, LP"
1108965,LYNCH & ASSOCIATES/IN
1906719,"Lynch Asset Management, Inc."
2110354,"Lynch Investment Planning, LLC"
1734341,Lynrock Lake LP
2046605,LYNWOOD PRICE CAPITAL MANAGEMENT LP
2028812,Lynx Investment Advisory
1910456,Lynx1 Capital Management LP
1542302,LYRICAL ASSET MANAGEMENT LP
1927627,M & L Capital Management Ltd
1569638,"M Holdings Securities, Inc."
2026150,"M Wealth Management, LLC"
1802539,M&G PLC
36270,M&T Bank Corp
1593688,M. Kraus & Co
1842370,"M. Kulyk & Associates, LLC"
922940,"M.D. Sass, LLC"
1619532,"M.E. ALLISON & CO., INC."
1976157,M1 Capital Management LLC
1807489,M28 Capital Management LP
2014826,"M3 Advisory Group, LLC"
2109365,"M3 Wealth Management, LLC"
2056045,M37 Management LP
1511291,"M3F, Inc."
1536336,"Ma Investment Partnership, LP"
1767474,MA Private Wealth
2111003,"MAC Alpha Capital Management, LP"
2111816,"Macco Financial Group, Inc."
1843358,"Mach-1 Financial Group, LLC"
1744373,Machina Capital S.A.S.
61227,MACKAY SHIELDS LLC
919859,MACKENZIE FINANCIAL CORP
1418333,MACQUARIE GROUP LTD
1821406,"Macro Advisors, Inc."
1551727,MACROVIEW INVESTMENT MANAGEMENT LLC
1384484,MAD RIVER INVESTORS
1542284,"Madden Advisory Services, Inc."
1803566,MADDEN SECURITIES Corp
1535862,"Mader & Shannon Wealth Management, Inc."
1299351,"Madison Asset Management, LLC"
1801265,"Madison Avenue Partners, LP"
1640680,"Madison International Realty Holdings, LLC"
1993022,"Madison Park Capital Advisors, LLC"
1844424,"Madison Wealth Partners, Inc"
2135336,Madrid Financial Services
2106678,"Madrid Wealth Management, LLC"
1578370,"Madrona Financial Services, LLC"
1964563,"MADRONE ADVISORS, LLC"
1787423,"Madryn Asset Management, LP"
2129795,Madson Wealth Advisors Inc
2000390,Maestria Partners LLC
1536105,Magellan Asset Management Ltd
1907544,Magma Venture Partners General Partner Ltd.
1352851,Magnetar Financial LLC
1556278,"Magnitude Capital, LLC"
1803662,MAGNOLIA CAPITAL ADVISORS LLC
1802361,MAGNOLIA CAPITAL MANAGEMENT LTD
1618376,"MAGNOLIA GROUP, LLC"
2055130,"Magnolia Private Wealth, LLC"
1908732,"Magnolia Wealth Management, LLC"
1765216,Magnus Financial Group LLC
1040197,MAI Capital Management
2010858,Maia Wealth LLC
1760401,MAIMON WEALTH MANAGEMENT LTD.
1809416,"Main Line Retirement Advisors, LLC"
1698607,"Main Management ETF Advisors, LLC"
1862787,Main Management Fund Advisors LLC
1583092,Main Management LLC
1965796,"Main Street Group, LTD"
1513211,Main Street Research LLC
2016972,"MAINSAIL ASSET MANAGEMENT, LLC"
1961290,"Mainsail Financial Group, LLC"
1127612,MAINSTAY CAPITAL MANAGEMENT LLC /ADV
2043084,Mainstream Capital Management LLC
1729854,MainStreet Investment Advisors LLC
1070134,MAIRS & POWER INC
1730525,Maj Invest Holding A/S
1385702,MAK CAPITAL ONE LLC
1540866,Makaira Partners LLC
1359262,MAKENA CAPITAL MANAGEMENT LLC
1603001,"Malaga Cove Capital, LLC"
2049540,Mallini Complete Financial Planning LLC
1040762,MALTESE CAPITAL MANAGEMENT LLC
1764260,"Maltin Wealth Management, Inc."
1637460,Man Group plc
1633312,Man Investment Partners (US) LP
1600999,"MANAGED ASSET PORTFOLIOS, LLC"
1467902,"Manatuck Hill Partners, LLC"
1393389,Manchester Capital Management LLC
866590,MANCHESTER FINANCIAL INC
1965104,Manchester Global Management (UK) Ltd
1664324,Mandatum Life Insurance Co Ltd
1856155,MANE GLOBAL CAPITAL MANAGEMENT LP
1535392,"MANGROVE PARTNERS IM, LLC"
1904770,"Manhattan West Asset Management, LLC"
2102426,Maniro Ltd
1657428,Manitou Investment Management Ltd.
2093991,"Mann Financial Group, Inc."
62039,MANNING & NAPIER ADVISORS LLC
2095143,Manske Wealth Management
1695459,Mantle Ridge LP
928047,"MANUFACTURERS LIFE INSURANCE COMPANY, THE"
2049064,"Manuka Financial, LLC"
1313893,"Maple Capital Management, Inc."
1658363,Maple Rock Capital Partners Inc.
1512173,"MAPLELANE CAPITAL, LLC"
1419999,MAR VISTA INVESTMENT PARTNERS LLC
1279913,MARATHON ASSET MANAGEMENT LP
1861026,Marathon Asset Management Ltd
1213206,MARATHON CAPITAL MANAGEMENT
1987261,"Marathon Mission, Inc."
1353311,"Marathon Partners Equity Management, LLC"
2021711,"Marathon Strategic Advisors, LLC"
1572748,Marathon Trading Investment Management LLC
1346570,Marble Bar Asset Management LLP
1387130,"Marble Harbor Investment Counsel, LLC"
2110081,"Marble Wealth, LLC"
1782974,Marcho Partners LLP
1080493,MARCO INVESTMENT MANAGEMENT LLC
1961415,Maren Capital LLC
2010315,"Marest Capital, LLC"
1997464,Marex Group plc
2056245,Maridea Wealth Management LLC
1114702,MARIETTA INVESTMENT PARTNERS LLC
1697847,"Marietta Wealth Management, LLC"
2109834,"Marin Bay Wealth Advisors, LLC"
1096978,MARINER INVESTMENT GROUP LLC
1373442,"Mariner, LLC"
1845680,"Marino Management, LLC"
1099762,"MARINO, STRAM & ASSOCIATES LLC"
1911097,Marion Wealth Management
1890698,MARIPAU WEALTH MANAGEMENT LLC
860176,MARK ASSET MANAGEMENT LP
1607355,"MARK SHEPTOFF FINANCIAL PLANNING, LLC"
1096343,Markel Group Inc.
1767601,MARKET STREET WEALTH MANAGEMENT ADVISORS LLC
2110806,"Markin Asset Management, LP"
2073603,Markin Volterra Fund LP
1802473,"Marks Group Wealth Management, Inc"
1838660,"Marks Wealth, LLC"
1964829,"Marmo Financial Group, LLC"
1852314,Marnell Management LLC
1802091,Marotta Asset Management
1395067,"Marquette Asset Management, LLC"
2042617,"MARQUETTE ASSOCIATES, INC."
2109850,"marrick wealth, LLC"
2079098,"MARS JEWETT FINANCIAL GROUP, INC."
2056315,Marshall & Sterling Wealth Advisors Inc.
1841496,"Marshall Financial Group, LLC"
2022427,"MARSHALL INVESTMENT MANAGEMENT, LLC"
1318757,"MARSHALL WACE, LLP"
914976,MARSHFIELD ASSOCIATES
1055966,MARSICO CAPITAL MANAGEMENT LLC
2039437,Martel Wealth Advisors LLC
1008868,MARTIN & CO INC /TN/
1904126,"Martin Capital Advisors, LLP"
1731216,"Martin Capital Partners, LLC"
1511888,"Martin Investment Management, LLC"
936944,MARTINGALE ASSET MANAGEMENT L P
860645,MARVIN & PALMER ASSOCIATES INC
1795552,Maryland State Retirement & Pension System
2063074,"Mascagni Wealth Management, Inc."
1695664,Mascoma Wealth Management LLC
2074052,MASECO LLP
1917686,Mason & Associates Inc
1895045,"Mason & Associates, LLC"
1218735,MASON CAPITAL MANAGEMENT LLC
1635007,"Mason Investment Advisory Services, Inc."
1167711,"MASON STREET ADVISORS, LLC"
1678378,"Mass General Brigham, Inc"
912938,MASSACHUSETTS FINANCIAL SERVICES CO /MA/
351051,MASSACHUSETTS INSTITUTE OF TECHNOLOGY
225602,MASSACHUSETTS MUTUAL LIFE INSURANCE CO
1966011,Massachusetts Wealth Management
2037238,"Massar Capital Management, LP"
1103653,"MassMutual Private Wealth & Trust, FSB"
2056521,MASTER'S WEALTH MANAGEMENT INC.
2006397,MASTERCARD FOUNDATION ASSET MANAGEMENT CORP
2075029,MASTERINVEST Kapitalanlage GmbH
1104186,MASTERS CAPITAL MANAGEMENT LLC
1817145,"Masterton Capital Management, LP"
2052964,"MATAURO, LLC"
1527641,"MATHER GROUP, LLC."
1389223,"Mathes Company, Inc."
1668256,Matisse Capital
1016287,MATRIX ASSET ADVISORS INC/NY
1410830,"Matrix Capital Management Company, LP"
1906866,MATRIX PRIVATE CAPITAL GROUP LLC
1784277,Matrix Trust Co
1672512,Matson Money. Inc.
1803227,"MATTERN CAPITAL MANAGEMENT, LLC"
1802376,Mattern Wealth Management LLC
2110838,MATTERS CAPITAL LLC
1351431,Matthew 25 Management Corp
935359,"Matthew Goff Investment Advisor, LLC"
1028074,MATTHEWS INTERNATIONAL CAPITAL MANAGEMENT LLC
2034595,"Mattson Financial Services, LLC"
1633046,Maven Securities LTD
934639,MAVERICK CAPITAL LTD
1538449,Mawer Investment Management Ltd.
1838222,Maxi Investments CY Ltd
2052759,May Barnhard Investments LLC
2056340,"May Hill Capital, LLC"
1858699,Mayar Capital Ltd.
1801926,"Mayfair Advisory Group, LLC"
1852930,"Mayflower Financial Advisors, LLC"
1922875,"MAYPORT, LLC"
1731134,"MayTech Global Investments, LLC"
1869683,Maytree Asset Management Ltd
1708759,"Maytus Capital Management, LLC"
2009056,"MB Generational Wealth, LLC"
2065807,"MB, LEVIS & ASSOCIATES, LLC"
1848704,MBA Advisors LLC
1892378,MBB PUBLIC MARKETS I LLC
1775850,"MBE Wealth Management, LLC"
1845785,"MBL Wealth, LLC"
1762068,"MBM WEALTH CONSULTANTS, LLC"
1695490,"McAdam, LLC"
1774087,"McAlister, Sweet & Associates, Inc."
2123857,McAlvany Wealth Management LLC
1908893,"McBroom & Associates, LLC"
2036922,MCCARTER PRIVATE WEALTH SERVICES LLC
2110693,McCartney Wealth Management LLC
1842974,"McClarren Financial Advisors, Inc."
1727573,McCollum Christoferson Group LLC
1104366,MCDANIEL TERRY & CO
1033225,MCDONALD CAPITAL INVESTORS INC/CA
1331074,MCDONALD PARTNERS LLC
1912128,"McDonough Capital Management, Inc"
1886813,"McElhenny Sheffield Capital Management, LLC"
1602905,MCF Advisors LLC
1845031,"McGinn Penninger Investment Management, Inc."
1964819,"McGlone Suttner Wealth Management, Inc."
1633227,"McGowan Group Asset Management, Inc."
2054701,"McGrath & Associates, Inc."
2112006,MCGUIRE CAPITAL ADVISORS INC
1756959,"McGuire Investment Group, LLC"
2052657,"McHugh Group, LLC"
1701714,"McIlrath & Eck, LLC"
1015877,MCINTYRE FREEDMAN & FLYNN INVESTMENT ADVISERS INC
1484265,"McKinley Carter Wealth Services, Inc."
2133532,"McKinney Capital Management, LLC"
2112239,"McLaughlin Asset Management, Inc."
1833140,McLean Asset Management Corp
2056447,McMill Wealth Management
2109205,"McMillan Office, Inc."
1162695,MCMORGAN & CO LLC
1622431,"McNamara Financial Services, Inc."
1802691,"McNaughton Wealth Management, LLC"
320376,MCRAE CAPITAL MANAGEMENT INC
1801107,Meadow Creek Wealth Advisors LLC
2119283,"Meadowbrook Advisors Group, LLC"
1308290,MeadowBrook Investment Advisors LLC
2090468,"Meadowbrook Wealth Management, LLC"
701516,"MEANS INVESTMENT CO., INC."
1576704,"Measured Risk Portfolios, Inc."
1720235,"Measured Wealth Private Client Group, LLC"
1439743,Mechanics Bank Trust Department
1821336,Mechanics Financial Corp
2131139,"Medallion Wealth Advisors, LLC"
1133939,MEDIATEL PARTNERS
1777234,MEDICI CAPITAL LLC
1715579,Medicxi Ventures Management (Jersey) Ltd
1843543,"Medina Value Partners, LLC"
2022028,Mediolanum International Funds Ltd
1792167,"Meeder Advisory Services, Inc."
809443,MEEDER ASSET MANAGEMENT INC
2072353,Meiji Yasuda America Inc
1491685,Meiji Yasuda Asset Management Co Ltd.
1144492,Meiji Yasuda Life Insurance Co
1398346,MEITAV INVESTMENT HOUSE LTD
1911615,"Meixler Investment Management, Ltd."
1962465,"MELFA WEALTH MANAGEMENT, INC."
1964047,Melia Wealth LLC
1905765,"Melone Private Wealth, LLC"
1712901,Melqart Asset Management (UK) Ltd
1908587,Members Advisory Group LLC
1677560,Members Trust Co
2059574,MEMBERS WEALTH LLC
1803156,Menard Financial Group LLC
1911384,Mendel Capital Management LLC
1600585,Mendel Money Management
1177043,MENDON CAPITAL ADVISORS CORP
1964538,"Mendota Financial Group, LLC"
1609674,"Mengis Capital Management, Inc."
1911541,"Menlo Ventures Management, L.P."
1351917,MENORA MIVTACHIM HOLDINGS LTD.
2100778,"Meramec Financial Planners, LLC"
2113675,"Mercato Management Legacy, LLC"
853758,MERCER GLOBAL ADVISORS INC /ADV
310158,"Merck & Co., Inc."
2048079,"Mercuria Capital Strategies, LLC"
1956471,Meredith Wealth Planning
1736852,"Merewether Investment Management, LP"
2032629,"Meridian Financial Advisors, LLC"
1763722,Meridian Financial Partners LLC
1427351,MERIDIAN INVESTMENT COUNSEL INC.
806097,MERIDIAN MANAGEMENT CO
1768095,"Meridian Wealth Advisors, LLC"
1697300,"Meridian Wealth Management, LLC"
1781942,"Meridian Wealth Partners, LLC"
2026798,Meridiem Capital Partners LP
1621225,"Merit Financial Group, LLC"
1427119,Meritage Group LP
1990690,"Meritas Wealth Management, LLC"
1613048,Meritech Capital Associates V L.L.C.
2123943,"Merited Wealth, LLC"
2055554,"Meriwether Wealth & Planning, LLC"
1302842,Merk Investments LLC
2040317,Merkkuri Wealth Advisors LLC
1911372,"Meros Investment Management, LP"
1383782,"Merrion Investment Management Co, LLC"
2107460,Merrithew & Thorsten Inc
1469475,"Mesirow Financial Investment Management, Inc."
1864835,Metavasi Capital LP
1905106,"METEORA CAPITAL, LLC"
1594916,"Metis Global Partners, LLC"
1099219,MetLife Inc
1529735,"MetLife Investment Management, LLC"
1765388,Metropolis Capital Ltd
728618,Metropolitan Life Insurance Co/NY
45319,MEYER HANDELMAN CO
1864916,"Mezzasalma Advisors, LLC"
1688184,"MFA WEALTH ADVISORS, LLC"
1989379,MFA Wealth Services
2104888,MFF Capital Investments Ltd
2053046,"MFG WEALTH MANAGEMENT, INC."
1732811,"MFN Partners Management, LP"
1731444,MGO ONE SEVEN LLC
354201,MH & ASSOCIATES SECURITIES MANAGEMENT CORP /ADV
1277742,MHR FUND MANAGEMENT LLC
1889830,MIC Capital Management UK LLP
1599858,Michael & Susan Dell Foundation
2095497,"Michael Brady & Co., LLC"
2053733,"Michels Family Financial, LLC"
1965304,"Michelson Medical Research Foundation, Inc."
1911264,"Mid-American Wealth Advisory Group, Inc."
2042068,"MidAtlantic Capital Management, Inc."
919497,MIDDLETON & CO INC/MA
2077076,MidFirst Bank
1990058,"MIDLAND WEALTH ADVISORS, LLC"
2115416,Midway Capital Research & Management
2026480,"Midwest Capital Advisors, LLC"
1967193,Midwest Financial Group LLC
1968851,"Midwest Financial Partners Investments, Inc."
1906805,"Midwest Heritage Bank, FSB"
1730575,"Midwest Professional Planners, LTD."
2077080,Midwest Trust Co
2083276,"Midwestern Financial, LLC /IA"
1415912,Migdal Insurance & Financial Holdings Ltd.
2063452,"Milestone Asset Management Group, LLC"
1964722,"MILESTONE ASSET MANAGEMENT, LLC"
1967018,Milestone Investment Advisors LLC
1708139,Milestone Resources Group Ltd
1912095,Milestones Administradora de Recursos Ltda.
1726041,Milestones Private Investment Advisors LLC
1728825,MILFAM LLC
1775715,MILFORD FUNDS LTD
2130487,Militia Capital Management LLC
1901166,"Mill Capital Management, LLC"
1964962,"Mill Creek Capital Advisors, LLC"
1512275,Mill Road Capital Management LLC
2098560,MILLBANK DARTMOOR PORTSMOUTH LLC
1294571,Millburn Ridgefield LLC /DE/
2097025,"Millennium Capital Advisors, LLC"
1273087,MILLENNIUM MANAGEMENT LLC
2111377,"Miller Capital Partners, Inc."
2022893,Miller Financial Services LLC
2099097,"Miller Global Investments, LLC"
903947,MILLER HOWARD INVESTMENTS INC /NY
1407382,"Miller Investment Management, LP"
1135778,"Miller Value Partners, LLC"
1908158,"MILLER WEALTH ADVISORS, LLC"
1924615,"Millington Financial Advisors, LLC"
2029294,Mills Wealth Advisors LLC
2041943,"Millstone Evans Group, LLC"
1590729,Millstreet Capital Management LLC
1972750,MilWealth Group LLC
2044232,"MINDSET WEALTH MANAGEMENT, LLC"
1802994,"Mine & Arao Wealth Creation & Management, LLC."
1541536,Minerva Advisors LLC
1744318,"MinichMacGregor Wealth Management, LLC"
2052205,Mink Brook Asset Management LLC
1317253,"Minneapolis Portfolio Management Group, LLC"
1475933,Minot DeBlois Advisors LLC
1666606,Mint Tower Capital Management B.V.
1535457,"MIO PARTNERS, INC."
1869685,Mirabaud & Cie SA
2033031,Mirabaud Asset Management (France) SAS
1680493,Mirabaud Asset Management Ltd
1538853,MIRABELLA FINANCIAL SERVICES LLP
1633446,Mirador Capital Partners LP
1705339,MIRAE ASSET GLOBAL ETFS HOLDINGS Ltd.
1569395,"Mirae Asset Global Investments Co., Ltd."
890203,MIRAE ASSET SECURITIES (USA) INC.
1767812,"Miramar Capital, LLC"
1587301,Miramar Fiduciary Corp
1767843,MIROVA
1802900,Mirova US LLC
2111655,MISHPACHA HOLDINGS CORP
1801583,"Mission Creek Capital Partners, Inc."
2113810,"Mission Financial Group, LLC"
2043220,"Mission Hills Financial Advisory, LLC"
1645382,"MISSION WEALTH MANAGEMENT, LP"
2093346,Missouri Education Pension Trust
1908186,Missouri Trust & Investment Co
1836506,"MITCHELL & PAHL PRIVATE WEALTH, LLC"
1080351,MITCHELL CAPITAL MANAGEMENT CO
1632105,MITCHELL MCLEOD PUGH & WILLIAMS INC
1048921,MITCHELL SINKLER & STARR/PA
1834600,Mithaq Capital SPC
1694895,Mitsubishi UFJ Asset Management (UK) Ltd.
1466546,"Mitsubishi UFJ Asset Management Co., Ltd."
67088,MITSUBISHI UFJ FINANCIAL GROUP INC
1545545,"Mitsubishi UFJ Morgan Stanley Securities Co., Ltd."
1462160,Mitsubishi UFJ Trust & Banking Corp
1142206,Mitsui Sumitomo Insurance Co Ltd
2021464,Mittelman Wealth Management
1352272,"Miura Global Management, LLC"
1599719,Mivtachim The Workers Social Insurance Fund Ltd. (Under Special Management)
1512734,"Mizuho Bank, Ltd."
1825516,MIZUHO MARKETS AMERICAS LLC
1803149,Mizuho Markets Cayman LP
1520309,Mizuho Securities Co. Ltd.
812291,MIZUHO SECURITIES USA LLC
715113,MJP ASSOCIATES INC /ADV
2065777,"MJT & Associates Financial Advisory Group, Inc."
2010351,MKA Charitable Fund
1536549,"MKD WEALTH COACHES, LLC"
1534949,"MKP Capital Management, L.L.C."
1906802,MKT Advisors LLC
2109061,"MLP3, LLC"
1842667,MMA ASSET MANAGEMENT LLC
1765876,MMBG INVESTMENT ADVISORS CO.
1304857,MMCAP International Inc. SPC
701059,"MML INVESTORS SERVICES, LLC"
1666940,Mn Services Vermogensbeheer B.V.
1992972,"MN Wealth Advisors, LLC"
1542143,"Modera Wealth Management, LLC"
2001900,"Modern Wealth Management, LLC"
1799284,"Modus Advisors, LLC"
1742647,Moerus Capital Management LLC
1126735,MOGY JOEL R INVESTMENT COUNSEL INC
1649107,"Moisand Fitzgerald Tamayo, LLC"
2053727,MOKAN Wealth Management Inc.
1713112,"Mokosak Advisory Group, LLC"
1475271,MOLLER WEALTH PARTNERS
2055889,"Moment Partners, LLC"
2055574,"Momentous Wealth Management, Inc."
2087652,"Momentum Wealth Planning, LLC"
1803593,Monaco Asset Management SAM
1281084,Monarch Alternative Capital LP
938759,MONARCH CAPITAL MANAGEMENT INC
1627608,Monashee Investment Management LLC
1317724,Mondrian Investment Partners LTD
1765690,"MONECO ADVISORS, LLC"
1536361,Moneda S.A. Administradora General de Fondos
1120927,MONETA GROUP INVESTMENT ADVISORS LLC
1133014,MONETARY MANAGEMENT GROUP INC
2112370,"Monetary Solutions, Ltd"
869179,MONETTA FINANCIAL SERVICES INC
716851,MONEY CONCEPTS CAPITAL CORP
1703080,"MONEYWISE, INC."
1848831,"MONIMUS CAPITAL MANAGEMENT, LP"
1776588,"MONOGRAPH WEALTH ADVISORS, LLC"
2008306,Monolith Management Ltd
829407,MONTAG A & ASSOCIATES INC
2104890,Montaka Global Pty Ltd
1831133,Montanaro Asset Management Ltd
1940660,"MONTCHANIN ASSET MANAGEMENT, LLC"
1755651,"Monte Financial Group, LLC"
1422508,Montecito Bank & Trust
1272544,MONTGOMERY INVESTMENT MANAGEMENT INC
1844314,"Montis Financial, LLC"
1475940,MONTRUSCO BOLTON INVESTMENTS INC.
2008758,"MontVue Capital Management, Inc."
1918613,Montz Harcus Wealth Management LLC
1729428,Monument Capital Management
1965665,"Monument Group Wealth Advisors, LLC"
936941,Moody Aldrich Partners LLC
938592,"MOODY LYNN LIEBERSON & WALKER, LLC"
1092903,MOODY NATIONAL BANK TRUST DIVISION
1387303,MOON CAPITAL MANAGEMENT LP
1448574,"MOORE CAPITAL MANAGEMENT, LP"
1607239,"Moors & Cabot, Inc."
2092389,"MOR Wealth Management, LLC"
1965334,"Moran Wealth Management, LLC"
2056670,Morangie Management LLC
2055521,"Morey & Quinn Wealth Partners, LLC"
1623781,"Morgan Creek Capital Management, LLC"
1050463,MORGAN DEMPSEY CAPITAL MANAGEMENT LLC
895421,MORGAN STANLEY
2026079,Morgan Stanley Institutional Investment Advisors LLC
1753218,"MorganRosel Wealth Management, LLC"
1016150,MORGENS WATERFALL VINTIADIS & CO INC
1626494,"Mork Capital Management, LLC"
1905198,"Morling Financial Advisors, LLC"
1673385,Morningstar Investment Management LLC
1387386,"MORRIS FINANCIAL CONCEPTS, INC."
1705711,"Morse Asset Management, Inc"
1909851,"Morton Brown Family Wealth, LLC"
2002628,Morton Capital Management LLC/CA
2011821,MORTON COMMUNITY BANK
1808523,Mosaic Advisors LLC
1965241,"MOSAIC FAMILY WEALTH PARTNERS, LLC"
2011050,"MOSAIC FINANCIAL GROUP, LLC"
906396,MOSELEY INVESTMENT MANAGEMENT INC
2011849,Mosley Wealth Management
1661245,Moss Adams Wealth Advisors LLC
1306333,MOTCO
1877093,MOTIVE WEALTH ADVISORS
1512814,Motley Fool Asset Management LLC
1607978,"Motley Fool Wealth Management, LLC"
1792510,"MOULTON WEALTH MANAGEMENT, INC"
1896379,Mount Capital Ltd
1185072,Mount Lucas Management LP
799003,MOUNT VERNON ASSOCIATES INC /MD/
1714506,Mountain Capital Investment Advisors Inc.
2096127,"Mountain Capital Management, LLC"
2055557,Mountain Hill Investment Partners Corp.
1308555,Mountain Lake Investment Management LLC
1067324,MOUNTAIN PACIFIC INVESTMENT ADVISERS LLC
1730532,"Mountaineer Partners Management, LLC"
2019946,"Mowery & Schoenfeld Wealth Management, LLC"
2116489,MOZAYYX MANAGEMENT LLC
1687078,MPM BIOIMPACT LLC
1716180,"MPS Loria Financial Planners, LLC"
2056693,"MPWM ADVISORY SOLUTIONS, LLC"
1759395,MQS Management LLC
1841816,MRA Advisory Group
1542324,"Mraz, Amerine & Associates, Inc."
1964831,"MRP Capital Investments, LLC"
1732949,"MRWM Advisors, LLC"
1040410,"MSA Advisors, LLC"
1105497,"MSD CAPITAL, L.P."
1514334,"MSD Partners, L.P."
2056306,MSH Capital Advisors LLC
2122489,"MSRH, LLC"
1821455,MTC Wealth Management LLC
2095669,MTCO Ltd.
1831416,"MTM Investment Management, LLC"
1704268,Mubadala Investment Co PJSC
1907809,Mudita Advisors LLP
1655183,"Mudrick Capital Management, L.P."
2110608,"Mueller Wealth, LLC"
852743,"MUFG BANK, LTD."
1656187,"MUFG SECURITIES (CANADA), LTD."
867626,MUFG SECURITIES AMERICAS INC.
1597694,MUFG Securities EMEA plc
1133219,MUHLENKAMP & CO INC
2014898,MUIRFIELD WEALTH ADVISORS LLC
2135840,"Mullaney, Keating & Wright, Inc."
1950591,"Mullooly Asset Management, Inc."
2017172,"Multicoin Capital Management, LLC"
2090208,Munich Reinsurance Co Stock Corp in Munich
1588873,Municipal Employees' Retirement System of Michigan
1768744,Munro Partners
1838556,Murchinson Ltd.
2047271,Murphy & Mullick Capital Management Corp
1569148,Murphy Pohlad Asset Management LLC
1730521,"Murphy, Middleton, Hinkle & Parker, Inc."
2011321,"Mustard Seed Financial, LLC"
2034361,"MUSTICO FINANCIAL GROUP, INC."
1694080,"Mutual Advisors, LLC"
922127,MUTUAL OF AMERICA CAPITAL MANAGEMENT LLC
1618824,"Muzinich & Co., Inc."
1633366,"MV CAPITAL MANAGEMENT, INC."
1947083,"MVM Partners, LLC"
1903058,MWA Asset Management
1916366,"My Personal CFO, LLC"
2132204,"My Portfolio Guide, LLC"
1827845,MY Wealth Management Inc.
1910173,MY.Alpha Management HK Advisors Ltd
1371726,"MYCIO WEALTH PARTNERS, LLC"
1589689,MYDA Advisors LLC
1986457,"MYECFO, LLC"
2069031,Myriad Asset Management Advisors LLC
1857187,Myriad Asset Management US LP
1912460,"Mystic Asset Management, Inc."
1803456,N.E.W. Advisory Services LLC
2044851,Nabity-Jensen Investment Management Inc
1541787,"Nadler Financial Group, Inc."
1622904,Nalanda India Equity Fund Ltd
1767500,"Nalls Sherbakoff Group, LLC"
1946136,Naman Capital Ltda
1782539,Nan Fung Group Holdings Ltd
1781880,NAN FUNG TRINITY (HK) LTD
1730464,"Nan Shan Life Insurance Co., Ltd."
1277890,NANO CAP NEW MILLENNIUM GROWTH FUND L P
1472322,"Nantahala Capital Management, LLC"
2011874,Napean Trading & Investment Co (Singapore) PTE Ltd
2086579,"Napier Financial, LLC"
1582151,"NAPLES GLOBAL ADVISORS, LLC"
2012185,Naria Inc.
2126778,Narodna banka Slovenska
1698091,"Narus Financial Partners, LLC"
1461287,Narwhal Capital Management
1106051,NASPERS LTD
926171,NATIONAL BANK OF CANADA /FI/
1966440,NATIONAL MUTUAL FUNDS MANAGEMENT LTD
1542927,National Mutual Insurance Federation of Agricultural Cooperatives
1608046,National Pension Service
1785342,National Philanthropic Trust
1977723,"National Wealth Management Group, LLC"
2011081,Nationale-Nederlanden Powszechne Towarzystwo Emerytalne S.A.
1109767,"NATIONS FINANCIAL GROUP INC, /IA/ /ADV"
1097218,Nationwide Fund Advisors
1274981,NATIXIS
1018331,"NATIXIS ADVISORS, LLC"
1053187,"Natixis Investment Managers, LLC"
1800245,"NATURAL INVESTMENTS, LLC"
844150,NatWest Group plc
2083253,Nautilus Advisors LLC
1820593,"Navalign, LLC"
872163,NAVELLIER & ASSOCIATES INC
1842702,Navera Investment Management Ltd.
2044610,Navi International - Administradora e Gestora de Recursos Financeiros Ltda.
2127791,"Navigate Wealth Management, LLC"
2132497,"Navigation Group, LLC"
1839930,"Navigation Wealth Management, Inc."
2056100,"Navigoe, LLC"
1849055,"Navis Wealth Advisors, LLC"
1855567,"Naviter Wealth, LLC"
2009813,"NavPoint Financial, Inc."
1665012,NAYA CAPITAL MANAGEMENT UK LTD
791540,"NBC SECURITIES, INC."
898413,NBT BANK N A /NY
1998018,NBZ Investment Advisors LLC
1907054,"NCM Capital Management, LLC"
2023709,NCP Inc.
1818386,NDWM LLC
1512848,"NEA Management Company, LLC"
1915842,"Nearwater Capital Markets, Ltd"
1792635,Nebula Research & Development LLC
1167212,NEEDHAM INVESTMENT MANAGEMENT LLC
1846677,Nellore Capital Management LLC
1512611,"Nelson Capital Management, LLC"
1982273,Nemes Rush Group LLC
1727783,Neo Ivy Capital Management
2001019,NEOS Investment Management LLC
1424799,NEPC LLC
1587643,Nepsis Inc.
2079593,"NerdWallet Wealth Partners, LLC"
2062716,"NESTEGG ADVISORS, INC."
1791998,Net Worth Advisory Group
1110646,"NetEase, Inc."
2099019,"Networth Advisors, LLC"
1465109,NEUBERGER BERMAN GROUP LLC
1727862,Neumann Advisory Hong Kong Ltd
1631930,"Neumann Capital Management, LLC"
1044936,NEUMEIER POMA INVESTMENT COUNSEL LLC
71210,NEVILLE RODIE & SHAW INC
1764807,"New Age Alpha Advisors, LLC"
1696731,New Capital Management LP
2023097,"New Covenant Trust Company, N.A."
2068447,"New Dimensions Wealth Management, LLC"
1004244,NEW ENGLAND ASSET MANAGEMENT INC
1964652,New England Capital Financial Advisors LLC
1582813,New England Private Wealth Advisors LLC
1540867,New England Professional Planning Group Inc.
1596077,"New England Research & Management, Inc."
1961742,New Hampshire Trust
1548577,"New Harbor Financial Group, LLC"
2022328,New Insight Wealth Advisors
1482010,New Jersey Better Educational Savings Trust
862469,NEW MEXICO EDUCATIONAL RETIREMENT BOARD
1407718,"New Mountain Capital, L.L.C."
1598130,"New Paradigm Capital Management, LLC"
1909565,"New Perspectives, Inc"
1989988,"New Republic Capital, LLC"
1044797,NEW SOUTH CAPITAL MANAGEMENT INC
1512538,NEW VERNON CAPITAL HOLDINGS II LLC
1500605,NEW VERNON INVESTMENT MANAGEMENT LLC
2035324,NEW WAVE WEALTH ADVISORS LLC
1767724,New World Advisors LLC
71633,NEW YORK LIFE INSURANCE CO
1133639,New York Life Investment Management LLC
810265,NEW YORK STATE COMMON RETIREMENT FUND
314969,NEW YORK STATE TEACHERS RETIREMENT SYSTEM
2069154,New York University
1389875,Newbrook Capital Advisors LP
2110453,"NewCorp Financial Services, Inc."
1633516,"NewEdge Advisors, LLC"
1861796,"NewEdge Wealth, LLC"
1845012,NewGen Asset Management Ltd
1908450,Newlands Management Operations LLC
1566493,"Newman Dignan & Sheerar, Inc."
1607597,Newport Asia LLC
1869032,"Newport Capital Group, LLC"
1722329,"Newport Trust Company, LLC"
1546989,NewSquare Capital LLC
1842787,Newton One Investments LLC
1569241,"Newtyn Management, LLC"
1469877,"NEXPOINT ASSET MANAGEMENT, L.P."
1752762,Next Capital Management LLC
1134007,NEXT CENTURY GROWTH INVESTORS LLC
1910366,Next Level Private LLC
2044208,"Next Level Wealth Planning, LLC"
2038158,NEXTBio Capital Management LP
1595430,"Nextech Invest, Ltd."
1476329,Nexus Investment Management ULC
1512858,"NFC Investments, LLC"
1862664,"NFJ INVESTMENT GROUP, LLC"
1879757,NFSG Corp
1815217,"NIA IMPACT ADVISORS, LLC"
2093071,Niatross Investments Ltd
903949,"NICHOLAS COMPANY, INC."
1678953,"Nicholas Hoffman & Company, LLC."
1389574,"Nicholas Investment Partners, LP"
1911391,"Nicholas Wealth, LLC."
1141781,NICHOLS & PRATT ADVISERS LLP /MA
2065771,"Nicholson Meyer Capital Management, Inc."
2035982,"Nicholson Wealth Management Group, LLC"
1734493,NICOLA WEALTH MANAGEMENT LTD.
1174850,NICOLET BANKSHARES INC
1729048,"Nicollet Investment Management, Inc."
1282683,"Nierenberg Investment Management Company, LLC"
1410833,"Night Owl Capital Management, LLC"
2058786,Night Squared LP
1680843,"NIGHTVIEW CAPITAL, LLC"
1729847,"Nikulski Financial, Inc."
2016708,"Niles Investment Management, LLC"
1913043,"Nilsine Partners, LLC"
1569356,NINE MASTS CAPITAL Ltd
1635236,Nine Ten Capital Management LLC
1633343,"Ninety One North America, Inc."
1491998,Ninety One SA (Pty) Ltd
1418329,Ninety One UK Ltd
1040190,"Nippon Life Global Investors Americas, Inc."
905591,NIPPON LIFE INSURANCE CO
1781566,"Nipun Capital, L.P."
937615,"NISA INVESTMENT ADVISORS, LLC"
1633799,"Nishkama Capital, LLC"
869589,NISSAY ASSET MANAGEMENT CORP /JAPAN
2019017,Nitor Capital Management LLC
1630243,"Nitorum Capital, L.P."
1846352,"Nixon Capital, LLC"
1626757,NIXON PEABODY TRUST CO
1483259,NJ State Employees Deferred Compensation Plan
1757282,NKCFO LLC
2110897,"NLB Skladi, upravljanje premozenja, d.o.o."
1407024,NNS Holding
1794290,NNS Investments (Cyprus) Ltd
1765774,No Street GP LP
1976065,"Noble Family Wealth, LLC"
2055065,Noble Wealth Management PBC
1262677,NOESIS CAPITAL MANGEMENT CORP
1767750,Noked Israel Ltd
1541055,"Nokomis Capital, L.L.C."
2056656,"Nolet Wealth Management, LLC"
1055964,NOMURA ASSET MANAGEMENT CO LTD
921739,NOMURA ASSET MANAGEMENT INTERNATIONAL INC.
1163653,NOMURA HOLDINGS INC
1218210,NORDEA INVESTMENT MANAGEMENT AB
1990699,NORDEN GROUP LLC
1962713,"Nordwand Advisors, LLC"
1374170,NORGES BANK
1496637,"Norinchukin Bank, The"
1352449,"Norman Fields, Gottscho Capital Management, LLC"
2129318,"Norris Financial Group, LLC"
1092290,NORRIS PERNE & FRENCH LLP/MI
2062383,"North Berkeley Wealth Management, LLC"
2065938,"North Capital, Inc."
2064039,North Dakota State Investment Board
2035144,NORTH DALLAS BANK & TRUST CO
2055134,North Forty Two & Co.
2055446,North Ground Capital
1745796,North Growth Management Ltd.
1891936,North Horizon Holdings Inc.
2033334,North of South Capital LLP
1747888,"North Peak Capital Management, LLC"
1105344,NORTH POINT PORTFOLIO MANAGERS CORP/OH
1867831,North Reef Capital Management LP
1974277,"North Ridge Wealth Advisors, Inc."
1056559,NORTH STAR ASSET MANAGEMENT INC
1342857,North Star Investment Management Corp.
2123735,NorthAvenue LLC
1968850,"NORTHBRIDGE FINANCIAL GROUP, LLC"
1686776,Northcape Capital Pty Ltd
1902806,"NORTHCAPE WEALTH MANAGEMENT, LLC"
1665198,NorthCoast Asset Management LLC
1893159,"NorthCrest Asset Manangement, LLC"
1965773,"Northeast Financial Group, Inc."
1082215,NORTHEAST INVESTMENT MANAGEMENT
1914515,"NORTHEAST PLANNING ASSOCIATES, INC. / NH /"
1581794,"Northern Capital Management, Inc."
1962457,Northern Financial Advisors Inc
2127798,"Northern Lights Advisors, Inc."
1346543,"Northern Right Capital Management, L.P."
73124,NORTHERN TRUST CORP
1693032,Northland Capital Management LLC
1006938,"NORTHLAND SECURITIES, INC."
1655982,"NorthLanding Financial Partners, LLC"
1632097,"NorthRock Partners, LLC"
1631052,"Northside Capital Management, LLC"
1816000,"Northstar Advisory Group, LLC"
1132708,NORTHSTAR ASSET MANAGEMENT Co
869304,NORTHSTAR ASSET MANAGEMENT INC
2011587,NorthStar Asset Management LLC /NJ/
2059828,"Northstar Financial Companies, Inc."
1631408,"Northstar Group, Inc."
2033536,Northwest & Ethical Investments L.P.
1471265,"Northwest Bancshares, Inc."
2010635,Northwest Financial Advisors
1697767,"Northwest Quadrant Wealth Management, LLC"
2094564,"Northwest Wealth Advisors, LLC"
1695344,"NORTHWEST WEALTH MANAGEMENT, LLC"
1629649,"NORTHWESTERN MUTUAL INVESTMENT MANAGEMENT COMPANY, LLC"
1141802,NORTHWESTERN MUTUAL WEALTH MANAGEMENT CO
873687,NORTHWESTERN UNIVERSITY
1846038,Northwoods Investments LLC
1692227,Norway Savings Bank
1888610,"Norwood Investment Partners, LP"
2065606,"NOTABLE CAPITAL MANAGEMENT, L.L.C."
2056243,"Note Advisors, LLC"
1592616,Notis-McConarty Edward
1093276,"NOTTINGHAM ADVISORS, INC."
1729457,"Nova R Wealth, Inc."
2051980,"Nova Wealth Management, Inc."
2011548,"Novak & Powell Financial Services, Inc."
1815025,"NovaPoint Capital, LLC"
1388409,NOVARE CAPITAL MANAGEMENT LLC
1926783,NOVEM GROUP
1388325,NOVO HOLDINGS A/S
2042508,"NOVUS ADVISORS, LLC"
1657111,NS Partners Ltd
1284208,NTV Asset Management LLC
1473182,"NUANCE INVESTMENTS, LLC"
1668527,Numerai GP LLC
1661655,"Nut Tree Capital Management, LP"
2021442,Nutshell Asset Management Ltd
1871926,"Nuveen, LLC"
2011399,"nVerses Capital, LLC"
1915315,"Nvest Financial, LLC"
2106942,"Nvest Wealth Strategies, Inc."
1045810,NVIDIA CORP
1545692,"NVP ASSOCIATES, LLC"
1697274,"NVWM, LLC"
1655006,NWAM LLC
2045735,NWF Advisory Services Inc.
1103887,NWI MANAGEMENT LP
1803054,"NWK Group, Inc."
2098824,"NWM ADVISORS, LLC"
1606720,NYL Investors LLC
1816616,"NZS Capital, LLC"
1768635,O'Brien Greene & Co. Inc
2081629,O'Connor Alternative Investments LLC
1973783,O'Connor Financial Group LLC
2020582,"O'Domhnaill Enterprises, Inc."
1780565,"O'Keefe Stevens Advisory, Inc."
1861159,"O'Neil Global Advisors, Inc."
1911468,"O'ROURKE & COMPANY, Inc"
1423442,"O'SHAUGHNESSY ASSET MANAGEMENT, LLC"
1726375,"Oak Asset Management, LLC"
836372,OAK ASSOCIATES LTD /OH/
2116315,Oak Barrel Wealth Advisory LLC
1846161,"OAK FAMILY ADVISORS, LLC"
1661762,Oak Grove Capital LLC
1839430,Oak Harvest Investment Services
1164688,OAK HILL ADVISORS LP
1054554,OAK RIDGE INVESTMENTS LLC
2027377,Oak Root LLC
1755987,Oak Thistle LLC
2056728,Oak Wealth Advisors LLC
1657335,"Oakcliff Capital Partners, LP"
1169683,OAKLAND FINANCIAL CORP
2115370,"Oakmont Advisory Group, LLC"
924171,OAKMONT Corp
1550660,"OAKTOP CAPITAL MANAGEMENT II, L.P."
949509,OAKTREE CAPITAL MANAGEMENT LP
1822973,"Oaktree Fund Advisors, LLC"
2113908,"OakTrust Wealth Advisors, LLC"
1571727,Oakum Bay Capital LLC
1844024,"Oakwell Private Wealth Management, LLC"
1588871,"OAKWORTH CAPITAL, INC."
1569667,"OARSMAN CAPITAL, INC."
2124777,"Oasis Advisors, LLC"
1317904,Oasis Management Co Ltd.
2109944,"Oath Planning, LLC"
1349654,Obermeyer Wealth Partners
1218663,OBERNDORF WILLIAM E
937886,OBERWEIS ASSET MANAGEMENT INC/
2011555,Obion Capital Management LP
1924152,"Objective Capital Management, LLC"
2011113,"Objectivity Squared, LLC"
1843581,"OBSIDIAN CIO, LLC"
2067281,Obsido Oy
2085909,Occam Crest Management LP
1770994,"Occidental Asset Management, LLC"
1819697,OCCUDO QUANTITATIVE STRATEGIES LP
1538052,"Ocean Park Asset Management, LLC"
1438258,Oceanic Investment Management LTD
2012184,Oceanside Advisors LLC
1764525,"OCO Capital Partners, L.P."
1132716,"OCONNOR, A Distinct Business Unit of UBS ASSET MANAGEMENT AMERICAS (LLC)"
1839435,Octagon Capital Advisors LP
1891904,Octahedron Capital Management L.P.
1841259,"Octavia Wealth Advisors, LLC"
2078353,October Effect Ltd
1686970,ODDO BHF ASSET MANAGEMENT SAS
1845109,"Oder Investment Management, LLC"
1730962,"ODonnell Financial Services, LLC"
2092853,"Odyssean, LLC"
2104872,"Odyssey Capital Advisors, Inc."
1817681,"OEP CAPITAL ADVISORS, L.P."
2052590,"OFC FINANCIAL PLANNING, LLC"
1977602,OFI INVEST ASSET MANAGEMENT
2107566,OFS Enterprise LLC
1619083,"OGBORNE CAPITAL MANAGEMENT, LLC"
714364,OGOREK ANTHONY JOSEPH /NY/ /ADV
1157519,OKABENA INVESTMENT SERVICES INC
1455915,OLD MISSION CAPITAL LLC
707179,OLD NATIONAL BANCORP /IN/
1760444,"Old North State Trust, LLC"
2041262,"Old North State Wealth Management, LLC"
2080991,Old Peak Finance LLC
1744348,Old Port Advisors
74260,OLD REPUBLIC INTERNATIONAL CORP
903783,OLD SECOND NATIONAL BANK OF AURORA
1549358,"Old West Investment Management, LLC"
1840760,"Olde Wealth Management, LLC"
1492815,Oldfield Partners LLP
1906766,OLIO Financial Planning
1962695,"Olistico Wealth, LLC"
1666239,Oliver Luxxe Assets LLC
1738126,OLP CAPITAL MANAGEMENT Ltd
947996,"Olstein Capital Management, L.P."
1787147,Olympiad Research LP
1841359,Olympus Peak Asset Management LP
2026391,OMC Financial Services LTD
1767982,"Omega Financial Group, LLC"
1637359,"Omega Fund Management, LLC"
1053321,OMERS ADMINISTRATION Corp
2010436,"OMNI 360 Wealth, Inc."
1696136,"Omnia Family Wealth, LLC"
1698777,"OmniStar Financial Group, Inc."
2108483,"Omnitrust Wealth Management, Inc"
1712892,"ONCE CAPITAL MANAGEMENT, LLC"
1819695,"ONE Advisory Partners, LLC"
1606588,"One Capital Management, LLC"
1800938,"One Charles Private Wealth Services, LLC"
1823172,One Day In July LLC
2005743,One Degree Advisors Inc
1753875,One Fin Capital Management LP
1728278,One Madison Group LLC
1860132,"ONE PLUS ONE WEALTH MANAGEMENT, LLC"
1616336,"One River Asset Management, LLC"
2061426,"One Rock Capital Partners, LLC"
1725297,"One Wealth Advisors, LLC"
2050308,"ONE WEALTH CAPITAL MANAGEMENT, LLC"
1802635,One Wealth Map LLC
1534300,"One William Street Capital Management, L.P."
1755535,"One68 Global Capital, LLC"
2053138,"one8zero8, LLC"
2055812,"OneAscent Family Office, LLC"
1780985,OneAscent Financial Services LLC
1974438,OneAscent Investment Solutions LLC
1844707,OneAscent Wealth Management LLC
1690370,OneDigital Investment Advisors LLC
905790,Onex Canada Asset Management Inc.
937567,ONTARIO TEACHERS PENSION PLAN BOARD
1819476,Onyx Bridge Wealth Group LLC
1957840,"Onyx Financial Advisors, LLC"
1961491,OnyxPoint Global Management LP
2097005,OP Asset Management Ltd
2100122,OPAL CAPITAL LLC
1844201,"Opal Wealth Advisors, LLC"
1595855,Opaleye Management Inc.
2111345,"OpenArc Corporate Advisory, LLC"
1909750,Operose Advisors LLC
1766918,Opes Wealth Management LLC
1844640,Ophir Asset Management Pty Ltd
2009743,"OPINICUS CAPITAL, INC."
1591377,"Oppenheimer & Close, LLC"
822581,OPPENHEIMER & CO INC
1269119,OPPENHEIMER ASSET MANAGEMENT INC.
1802961,"Optas, LLC"
1738654,"Opti Capital Management, LP"
2070972,OPTIMA CAPITAL LLC
1750585,OPTIMAS CAPITAL Ltd
2011850,Optimist Retirement Group LLC
2033266,Optimize Financial Inc
1732539,"Optimus Prime Fund Management Co., Ltd."
1859606,Optiver Holding B.V.
2042876,Optivise Advisory Services LLC
2055099,Opulen Financial Group LLC
1330325,"Opus Capital Group, LLC"
1934041,Opus Financial Solutions LLC
1097833,OPUS INVESTMENT MANAGEMENT INC
2107791,Orange County Employees Retirement System
943442,"Orange Investment Advisors, Inc."
2010248,"ORBA Wealth Advisors, L.L.C."
1055951,ORBIMED ADVISORS LLC
1663865,Orbis Allan Gray Ltd
1511229,"Orca Investment Management, LLC"
2043765,"Orca Wealth Management, LLC"
1905367,Orcam Financial Group
1858319,"Orchard Capital Management, LLC"
2043757,"Oregon Pacific Wealth Management, LLC"
1107314,OREGON PUBLIC EMPLOYEES RETIREMENT FUND
1658535,"Orgel Wealth Management, LLC"
1661140,"Oribel Capital Management, LP"
2046333,Oriental Harbor Investment Master Fund
1844227,"Orin Green Financial, LLC"
1846758,Orion Capital Management LLC
2033920,Orion Investment Co
1360533,"Orion Porfolio Solutions, LLC"
2032200,Orion Resource Partners LP
1550093,Orland Properties Ltd
1013234,ORLEANS CAPITAL MANAGEMENT CORP/LA
2135775,"Orographic Financial Advisors, LLC"
826154,ORRSTOWN FINANCIAL SERVICES INC
1785717,"ORSER CAPITAL MANAGEMENT, LLC"
2052484,"Orvieto Partners, L.P."
1677044,"OSAIC HOLDINGS, INC."
1784418,Osbon Capital Management LLC
1005607,"OSBORNE PARTNERS CAPITAL MANAGEMENT, LLC"
1828808,Oslo Pensjonsforsikring AS
1780700,Osmosis Investment Management UK Ltd
2041805,Osprey Private Wealth LLC
1767471,OSSIAM
1007524,OSTERWEIS CAPITAL MANAGEMENT INC
1767945,OSTRUM ASSET MANAGEMENT
1846505,OUTFITTERS FINANCIAL LLC
1767151,"Outlook Wealth Advisors, LLC"
2010766,OV Management LLC
1724517,Ovata Capital Management Ltd
1269786,Overbrook Management Corp
1291318,OVERSEA-CHINESE BANKING Corp Ltd
1965328,"Owen LaRue, LLC"
1313756,"Owl Creek Asset Management, L.P."
2133805,Owl Creek Wealth Partners LLC
2007953,Owlhouse Capital LP
1845806,"Owls Nest Partners IA, LLC"
1564770,"Oxbow Advisors, LLC"
1713269,Oxbow Capital Management (HK) Ltd
2009781,OxenFree Capital LLC
1438284,OXFORD ASSET MANAGEMENT LLP
1245862,"OXFORD FINANCIAL GROUP, LTD. LLC"
2007082,"Oxford Wealth Group, LLC"
1759320,"Oxinas Partners, LLC"
1846002,Oxler Private Wealth LLC
1040198,P SCHOENFELD ASSET MANAGEMENT LP
949853,P.A.W. CAPITAL CORP
1910344,P/E Global LLC
1406313,"P2 Capital Partners, LLC"
1616667,"Pacer Advisors, Inc."
1819919,"PACES FERRY WEALTH ADVISORS, LLC"
1563634,Pachira Investments Inc.
2054012,"Pacific Asset Management, LLC"
2064920,Pacific Capital Partners Ltd
1803523,"Pacific Capital Wealth Advisors, Inc."
1698222,Pacific Center for Financial Services
2110884,"Pacific Excel Wealth Advisors, Inc."
1279926,PACIFIC FINANCIAL GROUP INC
1323414,Pacific Heights Asset Management LLC
1499091,Pacific Life Fund Advisors LLC
2107255,"Pacific Park Financial, Inc."
2056976,"Pacific Point Advisors, LLC"
1591546,"Pacific Ridge Capital Partners, LLC"
1936845,"Pacific Sage Partners, LLC"
947517,Pacific Sun Financial Corp
1852338,Pacific Wealth Management
1766571,"Pacific Wealth Strategies Group, Inc."
1486713,"Pacifica Capital Investments, LLC"
1799900,Pacifica Partners Inc.
1907212,"PACK Private Wealth, LLC"
1664017,Packer & Co Ltd
2024585,Painted Porch Advisors LLC
2053829,"Palacios Wealth Management, LLC"
1899703,"Paladin Advisory Group, LLC"
2040377,"Paladin Wealth, LLC"
2107248,"Palatine Hill Wealth Management, LLC"
1922318,Pale Fire Capital SE
1568788,Palestra Capital Management LLC
2043694,Palidye Holdings (Caymans) Ltd
1434323,"Palisade Asset Management, LLC"
1009006,"PALISADE CAPITAL MANAGEMENT, LP"
1388443,"Palisades Hudson Asset Management, L.P."
1427373,"Palisades Investment Partners, LLC"
1629271,"PALLADIEM, LLC"
1862282,Pallas Capital Advisors LLC
2095931,Paller Financial Services Inc
1881490,Palliser Capital (UK) Ltd
1767735,Palmer Knight Co
1306923,Palo Alto Investors LP
1977128,"Palo Duro Investment Partners, LP"
1532943,"Palogic Value Management, L.P."
1103882,Paloma Partners Management Co
1056516,"Palouse Capital Management, Inc."
1846310,Palumbo Wealth Management LLC
1554913,"Pamplona Capital Management, LLC"
883677,PANAGORA ASSET MANAGEMENT INC
2058702,"Pandi, LLC"
2052992,"Panoramic Capital Partners, LLC"
1950490,"Panoramic Capital, LLC"
2083095,Panoramic Hills Capital Ltd
1967332,"PANORAMIC INVESTMENT ADVISORS, LLC"
2067181,Pantera Capital Partners LP
2035224,Panview Capital Ltd
2063952,Papamarkou Wellner Asset Management inc.
1051359,PAR CAPITAL MANAGEMENT INC
1620275,Paradice Investment Management LLC
1733356,"Paradiem, LLC"
1034549,PARADIGM ASSET MANAGEMENT CO LLC
1855655,Paradigm Biocapital Advisors LP
1037792,PARADIGM CAPITAL MANAGEMENT INC/NY
1910312,"Paradigm Capital Management, LLC/NV"
1911136,Paradigm Operations LP
1859579,"Paradigm, Strategies in Wealth Management, LLC"
1556198,Parafestas Anastasios
1919332,ParaFi Capital LP
1799719,"Paragon Advisors, LLC"
1047859,PARAGON ASSOCIATES & PARAGON ASSOCIATES II JOINT VENTURE
2038506,PARAGON CAPITAL MANAGEMENT INC
1388437,Paragon Capital Management LLC
1569765,Paragon Capital Management Ltd
1910845,"PARAGON FINANCIAL PARTNERS, INC."
1922684,"Paragon Private Wealth Management, LLC"
1895911,Paralel Advisors LLC
1521001,"Parallax Volatility Advisers, L.P."
1690010,"Parallel Advisors, LLC"
1535110,Parametrica Management Ltd
1801263,Parcion Private Wealth LLC
1716659,Parisi Gray Wealth Management
1640801,Park Avenue Institutional Advisers LLC
1071640,PARK AVENUE SECURITIES LLC
1998000,"Park Capital Management, LLC / WI"
1546592,PARK CIRCLE Co
1965659,"Park Edge Advisors, LLC"
805676,PARK NATIONAL CORP /OH/
1965810,Park Place Capital Corp
1596510,PARK PRESIDIO CAPITAL LLC
2058285,"Park Square Financial Group, LLC"
1908423,Park State Asset Management
1386928,Park West Asset Management LLC
1965668,Parker Financial LLC
1672070,"Parker Investment Management, LLC"
1777015,Parkman Healthcare Partners LLC
2024251,"Parkshore Wealth Management, Inc."
1455267,Parkside Financial Bank & Trust
1706248,"Parkside Investments, LLC"
2065679,"Parkway Wealth Management Group, LLC"
1597823,Parkwood LLC
2042772,"Parkwoods Wealth Partners, LLC"
948669,"PARNASSUS INVESTMENTS, LLC"
2026926,"PARR MCKNIGHT WEALTH MANAGEMENT GROUP, LLC"
2131053,Parrish Capital LLC
1776090,"Parsifal Capital Management, LP"
2107398,"Parsonex Advisory Services, Inc."
1018674,PARSONS CAPITAL MANAGEMENT INC/RI
1088859,PARTHENON LLC
1301542,PartnerRe Asset Management CORP
1694870,"PARTNERS CAPITAL INVESTMENT GROUP, LLP"
1534259,Partners Group Holding AG
2054264,Partners in Financial Planning
1162777,Partners Value Investments L.P.
2054714,"PARTNERS WEALTH MANAGEMENT, LLC"
2010656,"Partnership Wealth Management, LLC"
1611519,PARUS FINANCE (UK) Ltd
2056764,"Parvin Asset Management, LLC"
2061470,Parvus Asset Management Jersey Ltd
1760578,"Pasadena Private Wealth, LLC"
1905809,Passaic Partners LLC
1958250,"Passive Capital Management, LLC."
2108842,"Pathfinder Wealth Consulting, Inc."
2011612,"Pathstone Holdings, LLC"
1037353,"PATHWAY CAPITAL MANAGEMENT, LP"
2024152,"Pathway Financial Advisers, LLC"
1738828,Pathway Financial Advisors LLC
2135623,PATHWAY WEALTH MANAGEMENT LLC
1854794,"Patient Capital Management, LLC"
1819257,Patient Square Capital LP
2010453,"PATRICK M SWEENEY & ASSOCIATES, INC"
1953787,"Patrick Mauro Investment Advisor, INC."
1694883,"Patriot Financial Group Insurance Agency, LLC"
2061817,"Patriot Financial Partners GP II, L.P."
1773830,"PATRIOT INVESTMENT MANAGEMENT GROUP, INC."
1841768,"PATRON PARTNERS, LLC"
1044905,PATTEN & PATTEN INC/TN
1633207,"Patten Group, Inc."
1511037,"PATTON ALBERTSON MILLER GROUP, LLC"
1689232,"PATTON FUND MANAGEMENT, INC."
2033053,"Paul R. Ried Financial Group, LLC"
1035674,PAULSON & CO. INC.
1731878,Paulson Wealth Management Inc.
1792565,"Pavion Blue Capital, LLC"
1803673,"PAX Financial Group, LLC"
919219,PAYDEN & RYGEL
2094426,Payne Capital LLC
1994332,"Payne Capital Management, LLC"
1908623,PayPay Securities Corp
1910391,"PB INVESTMENT PARTNERS, L.P."
2013737,PBCay One RSC Ltd
2103310,PBU - The Pension Fund of Early Childhood & Youth Educators
1977044,PCA Investment Advisory Services Inc.
2123661,PCB Capital LLC
2054906,"PCG ASSET MANAGEMENT, LLC"
1905393,"PCG Wealth Advisors, LLC"
1426318,PCJ Investment Counsel Ltd.
2109846,"PCM Encore, LLC"
838618,"PDS Planning, Inc"
1564702,"PDT Partners, LLC"
1743863,"Peachtree Investment Partners, LLC"
1632512,"Peak Asset Management, LLC"
1843309,PEAK FINANCIAL ADVISORS LLC
1669662,"Peak Financial Management, Inc."
2097384,"Peak Planning Group, LLC"
2056697,"Peak Retirement Planning, Inc."
2094948,Peak Wealth Management LLC
1886840,Peak XV Partners Operations LLC
1389958,PEAK6 LLC
2113507,PeakShares LLC
1050743,PEAPACK GLADSTONE FINANCIAL CORP
2050979,Peapod Lane Capital LLC
2100519,Pearl Planning LLC
1594540,"PEAVINE CAPITAL, LLC"
1597200,PECAUT & CO.
2135125,"Peck Wealth Management, LLC"
1050464,PECONIC PARTNERS LLC
1597843,"PEDDOCK CAPITAL ADVISORS, LLC"
1729049,"Pegasus Asset Management, Inc."
2008166,"Peirce Capital Management, LLC"
2104543,Pekao Towarzystwo Funduszy Inwestycyjnych S.A.
1020317,"Pekin Hardy Strauss, Inc."
1654111,Pelham Capital Ltd.
1080132,Peloton Wealth Strategists
1063497,"Pembroke Management, LTD"
1381055,Penbrook Management LLC
1706164,PenderFund Capital Management Ltd.
1091923,PENINSULA ASSET MANAGEMENT INC
1158202,"Penn Capital Management Company, LLC"
1108893,PENN DAVIS MCFARLAND INC
855702,Penn Mutual Asset Management
1759176,"Pennant Investors, LP"
2011563,"Pennant Select, LLC"
2049857,"Penney Financial, LLC"
1779355,"PENNINGTON PARTNERS & CO., LLC"
1004140,PENNSYLVANIA CAPITAL MANAGEMENT INC /ADV
2134719,Pennsylvania State University
1394866,"Penobscot Investment Management Company, Inc."
1875768,PENOBSCOT WEALTH MANAGEMENT
1593324,Penserra Capital Management LLC
1297731,Pensionfund PDN
1637246,Pensionfund Sabic
1425851,Pentwater Capital Management LP
934866,PEOPLES BANK /OH
1998269,Peoples Bank/KS
1056943,PEOPLES FINANCIAL SERVICES CORP.
1689933,"Per Stirling Capital Management, LLC."
1968437,Perbak Capital Partners LLP
1224962,PERCEPTIVE ADVISORS LLC
1535227,"Peregrine Asset Advisers, Inc."
764529,PEREGRINE CAPITAL MANAGEMENT LLC
2053303,PEREGRINE INVESTMENT MANAGEMENT INC
1697360,"Perennial Advisors, LLC"
1801523,"Perennial Investment Advisors, LLC"
1650303,"Performa Ltd (US), LLC"
1908765,"Performance Wealth Partners, LLC"
1575239,"Perigon Wealth Management, LLC"
1695320,Periscope Capital Inc.
2023071,"Perissos Private Wealth Management, LLC"
884300,PERKINS CAPITAL MANAGEMENT INC
1513038,Perkins Coie Trust Co
1599637,Permanens Capital L.P.
2054108,"Permanent Capital Management, LP"
1472850,"Permian Investment Partners, LP"
1337150,Permira Holdings LTD
1313978,"Permit Capital, LLC"
1647273,Perpetual Ltd
1769704,PERRY CREEK CAPITAL LP
934040,PERRYMAN FINANCIAL ADVISORY INC /AD
1802695,Perseverance Asset Management International
1336528,"Pershing Square Capital Management, L.P."
2026053,PERSHING SQUARE INC.
2056052,Persistent Asset Partners Ltd
2033683,"Persium Advisors, LLC"
1677501,"PERSONAL CFO SOLUTIONS, LLC"
2080427,PERSPECTIVE WEALTH ADVISORS LLC
1894571,Pertento Partners LLP
2109614,Petersen Hastings Wealth Advisors Inc.
1713558,"Peterson Wealth Advisors, LLC"
1785144,PETERSON WEALTH MANAGEMENT
1906799,Peterson Wealth Services
1600202,Petiole USA ltd
1803255,Petix & Botte Co
1971427,PETRA FINANCIAL ADVISORS INC
1964544,PETREDIS INVESTMENT ADVISORS LLC
2004963,"Petros Family Wealth, LLC"
1473429,"Petrus Trust Company, LTA"
1596901,"Pettee Investors, Inc."
1694592,Pettinga Financial Advisors LLC
1128213,"PETTYJOHN, WOOD & WHITE, INC"
1730073,"PFA Pension, Forsikringsaktieselskab"
2010374,"PFC CAPITAL GROUP, INC."
1694435,PFG Advisors
1973224,"PFG Investments, LLC"
1799957,"PFG Private Wealth Management, LLC"
78003,Pfizer Inc
1740063,"Pflug Koory, LLC"
1442756,"PFM Health Sciences, LP"
2002654,"PFS Partners, LLC"
1989744,PFW Advisors LLC
1472190,PGGM Investments
1845793,PGIM Custom Harvest LLC
1898824,"PharVision Advisers, LLC"
2063635,"Phil A. Younker & Associates, Ltd."
1351407,"Philadelphia Financial Management of San Francisco, LLC"
2131511,"Philadelphia Investment Partners, LLC"
1110806,PHILADELPHIA TRUST CO
2002630,"Philip James Wealth Mangement, LLC"
2111830,Phillip James Consulting Co.
1350660,"PHILLIPS FINANCIAL MANAGEMENT, LLC"
1962628,Phillips Wealth Planners LLC
1942361,PhiloSmith Capital Corp
1869199,Philosophy Capital Management LLC
1356783,Phocas Financial Corp.
1679543,Phoenix Financial Ltd.
1842362,Phoenix Wealth Advisors
1907803,Phraction Management LLC
1795173,"Physician Wealth Advisors, Inc."
2007116,Physician Wealth Solutions Inc.
1665518,"PHYSICIANS FINANCIAL SERVICES, INC."
2054677,PIAR LLC
1979670,PICKERING ENERGY PARTNERS LP
1993888,Pictet Asset Management Holding SA
1535631,PICTET BANK & TRUST Ltd
1599576,Pictet North America Advisors SA
1539041,PICTON MAHONEY ASSET MANAGEMENT
1656150,"Piedmont Capital Management, LLC"
2108281,"Piedmont Capital Management, LLC/NC"
1697366,PIER 88 INVESTMENT PARTNERS LLC
1310051,"Pier Capital, LLC"
1963918,PILGRIM GLOBAL ADVISORS LLC
2012674,Pilgrim Partners Asia Pte Ltd
2054958,"Pillar Financial Advisors, LLC"
2111915,Pillsbury Lake Capital LLC
1094584,PIN OAK INVESTMENT ADVISORS INC
2109652,"PINCUS CAPITAL MANAGEMENT, LP"
1630691,"Pine Brook Road Advisors, L.P."
2016051,"Pine Harbor Wealth Management, LLC"
1899753,"Pine Haven Investment Counsel, Inc"
1845915,Pine Ridge Advisers LLC
2111095,PINEBRIDGE INVESTMENTS ASIA LTD
2088548,PINEBRIDGE INVESTMENTS LLC
2011811,"Pinegrove Venture Partners, LLC"
2037426,"Pines Wealth Management, LLC"
1904893,PineStone Asset Management Inc.
1804352,"PING CAPITAL MANAGEMENT, INC."
2011176,Pingora Partners LLC
1738738,"Pinion Investment Advisors, LLC"
1536446,"PINKERTON WEALTH, LLC"
743127,PINNACLE ASSOCIATES LTD
1703383,"Pinnacle Bancorp, Inc."
1679064,"Pinnacle Family Advisors, LLC"
1905962,"Pinnacle Financial Group, LLC / IL"
2082866,"Pinnacle Financial Partners, Inc."
1411784,"Pinnacle Holdings, LLC"
1631864,"Pinnacle Wealth Management Advisory Group, LLC"
1868491,"Pinnacle Wealth Management Group, Inc."
1911464,"Pinnacle Wealth Management, LLC"
1726752,"Pinnacle Wealth Planning Services, Inc."
1975730,"Pinnacle West Asset Management, Inc."
1856103,PINNBROOK CAPITAL MANAGEMENT LP
2056763,"PINNEY & SCOFIELD, INC."
2080247,Pinpoint Asset Management (Singapore) Pte. Ltd.
2135110,"Pioneer Family Office, LLC"
1006435,PIONEER TRUST BANK N A/OR
1973339,Pioneer Wealth Management Group
724683,PIPER SANDLER & CO.
1855835,Piscataqua Savings Bank
315014,PITCAIRN CO
2089089,Pitcairn Wealth Advisors LLC
1034886,PITTENGER & ANDERSON INC
1909664,"Pitti Group Wealth Management, LLC"
1844645,Pivotal bioVenture Partners Investment Advisor LLC
2080606,PJT Investments Corp.
2055875,PKO BP BANKOWY Universal Pension Society JSC
2059321,PKO Investment Management Joint-Stock Co
1605401,"PKS Advisory Services, LLC"
1569147,"PL Capital Advisors, LLC"
2093645,Plan A Wealth LLC
1940033,"Plan Group Financial, LLC"
1599579,"Plancorp, LLC"
1831332,"Planned Solutions, Inc."
712011,PLANNING ALTERNATIVES LTD /ADV
1910966,"Planning Center, Inc."
821103,PLANNING DIRECTIONS INC
1424717,"Plante Moran Financial Advisors, LLC"
2135239,"PlanVest Financial, Inc"
2043741,"PLANWISER FINANCIAL, LLC"
1830817,Platform Technology Partners
1803274,"Platinum Equity Advisors, LLC/DE"
1228754,"PLATINUM EQUITY, LLC"
1256071,PLATINUM INVESTMENT MANAGEMENT LTD
2089123,PLATINUM PARAMOUNT INVESTMENT LTD.
1984475,Plato Investment Management Ltd
1859195,"Platt Investment Counsel, LLC"
2109497,Platt Wealth Management LLC
1623678,PLIMOTH TRUST CO LLC
1826394,"Plotkin Financial Advisors, LLC"
2068236,"Plum Street Advisors, LLC"
2109515,Plus Group Wealth Advisors LLC
1643351,PLUSTICK MANAGEMENT LLC
1899896,PMC FIG Opportunities LLC
2102299,PMG Family Office LLC
2052904,"PMG Wealth Management, Inc."
1980695,"PMV Capital Advisers, LLC"
713676,"PNC FINANCIAL SERVICES GROUP, INC."
1730815,"Poehling Capital Management, INC."
2054543,"POINCIANA ADVISORS GROUP, LLC"
1631943,"Point Break Capital Management, LLC"
1988307,"Point Nemo Capital, LLC"
1356202,Point Windward Advisors Inc.
1603466,"Point72 Asset Management, L.P."
1954961,"Point72 Private Investments, LLC"
1640335,Pointe Capital Management LLC
1509842,PointState Capital LP
1326389,Polar Asset Management Partners Inc.
1837309,Polar Capital Holdings Plc
1316926,"Polaris Capital Management, LLC"
2103332,"Polaris Investment Advisors, LLC"
1034524,POLEN CAPITAL MANAGEMENT LLC
1695214,Polianta Ltd
2040686,Police & Firemen's Retirement System of New Jersey
1885245,Politan Capital Management LP
1629869,Polunin Capital Partners Ltd
1970465,Polymer Capital Management (HK) LTD
1973324,Polymer Capital Management (US) LLC
1906322,"POM Investment Strategies, LLC"
2107740,"Ponta Wealth Partners, LLC"
1729212,Port Capital LLC
1612457,"Porter White Investment Advisors, Inc."
2010278,"Portfolio Design Labs, LLC"
2038285,"Portfolio Resources Advisor Group, Inc."
1753271,"Portfolio Strategies, Inc."
2054942,Portland Financial Advisors Inc
1504941,Portland Global Advisors LLC
1081668,PORTLAND INVESTMENT COUNSEL INC.
1966898,Portman Square Capital LLP
1350290,"Portolan Capital Management, LLC"
1978608,"Portside Wealth Group, LLC"
2097516,"Portus Wealth Advisors, LLC"
1911838,"Post Oak Energy Holdings, LLC"
2054476,Post Resch Tallon Group Inc.
2053668,POSTROCK PARTNERS LLC
2052308,POTENTIA WEALTH
1418746,"Potomac Capital Management, Inc."
826000,POTOMAC FUND MANAGEMENT INC /ADV
1536630,Potrero Capital Research LLC
1802195,"Powell Investment Advisors, LLC"
2014593,Power Alpha Investment Ltd
801166,Power Corp of Canada
2001039,POWER WEALTH MANAGEMENT LLC
1564396,Powerhouse Assets LLC
1927474,"Powers Advisory Group, LLC"
2056287,"Powers Capital, LLC"
2053628,Powszechne Towarzystwo Emerytalne Allianz Polska S.A.
898417,PPM AMERICA INC/IL
1936380,"PPS&V ASSET MANAGEMENT CONSULTANTS, INC."
1964389,PPSC Investment Service Corp
1320769,"Praesidium Investment Management Company, LLC"
1949877,Praetorian PR LLC
1818940,"Praetorian Wealth Management, Inc."
1555512,PRAGMA GESTAO DE PATRIMONIO LTD
2022783,"Prairie Wealth Advisors, Inc."
2011194,"PRAIRIEVIEW WEALTH PARTNERS, LLC"
1839695,"Prairiewood Capital, LLC"
1710951,"Prana Capital Management, LP"
2048885,"Prasad Wealth Partners, LLC"
1791253,Praxis Capital Management LLC
1056825,PRAXIS INVESTMENT MANAGEMENT INC
2008666,"PRECEDENT WEALTH PARTNERS, LLC"
1844197,"Precision Wealth Strategies, LLC"
1387508,"PRELUDE CAPITAL MANAGEMENT, LLC"
1989061,Premier Financial Group
1673907,Premier Fund Managers Ltd
1999925,"Premier Path Wealth Partners, LLC"
2056550,Premier Private Wealth Management LLC
2109952,Premier Wealth Management W.L.L.
1326150,"Prentice Capital Management, LP"
1864229,Prentice Wealth Management LLC
1134687,PRENTISS SMITH & CO INC
2056037,Prepared Retirement Institute LLC
1538653,Prescott General Partners LLC
1166152,"Prescott Group Capital Management, L.L.C."
1931750,"Presidio Capital Management, LLC"
1939831,"PRESILIUM PRIVATE WEALTH, LLC"
1399360,Presima Securities ULC
2066674,"Presper Financial Architects, LLC"
1772715,Prestige Wealth Management Group LLC
1989941,"PREVAIL INNOVATIVE WEALTH ADVISORS, LLC"
2009520,Prevatt Capital Ltd
1633624,"Price Capital Management, Inc."
2107127,"Price Financial Group Wealth Management, Inc"
80255,PRICE T ROWE ASSOCIATES INC /MD/
1686305,Primavera Capital Management Ltd
2051999,Prime Buchholz LLC
1731446,"Prime Capital Investment Advisors, LLC"
1448793,Prime Capital Management Co Ltd
763212,PRIMECAP MANAGEMENT CO/CA/
1909619,"PRIMORIS WEALTH ADVISORS, LLC"
1167026,PRINCETON CAPITAL MANAGEMENT LLC
1767349,Princeton Global Asset Management LLC
1126328,PRINCIPAL FINANCIAL GROUP INC
12600,"PRINCIPAL SECURITIES, INC."
1743413,Principle Wealth Partners LLC
1568839,PRING TURNER CAPITAL GROUP INC
1717027,"Prism Advisors, Inc."
2110534,Prism Planning Partners LLC
1567755,"Private Advisor Group, LLC"
1632965,Private Advisory Group LLC
1350780,"Private Capital Advisors, Inc."
1588456,"Private Capital Management, LLC"
1457005,"PRIVATE CLIENT SERVICES, LLC"
1453526,"Private Harbour Investment Management & Counsel, LLC"
1142031,PRIVATE MANAGEMENT GROUP INC
1277557,PRIVATE TRUST CO NA
1787027,"Private Wealth Advisors, LLC"
1883006,"Private Wealth Asset Management, LLC"
1512780,"Private Wealth Group, LLC"
2011342,"Private Wealth Management Group, LLC"
1335851,"Private Wealth Partners, LLC"
1845773,Privium Fund Management (UK) Ltd
1795097,Privium Fund Management B.V.
2043129,Proactive Wealth Strategies LLC
2012065,PROATHLETE WEALTH MANAGEMENT LLC
1676603,"Probity Advisors, Inc."
2014209,"Processus Wealth & Capital Management, LLC"
2085963,"ProCore Advisors, LLC"
1804329,"Procyon Advisors, LLC"
1956244,Prodigy Asset Management LLC
1842526,Proem Advisors LLC
894205,PROFESSIONAL ADVISORY SERVICES INC
1798221,"Professional Financial Advisors, LLC"
2130270,"Professional Financial Management, Inc."
1036215,PROFESSIONAL FINANCIAL SOLUTIONS LLC                    /ADV
1123812,PROFFITT & GOODSON INC
1654175,Proficio Capital Partners LLC
1129919,PROFUND ADVISORS LLC
1536006,"Progeny 3, Inc."
1353318,Progressive Investment Management Corp
2034073,"PROMETHIUM ADVISORS,LLC"
1908619,"Promethos Capital, LLC"
1969764,"Propel Bio Management, LLC"
1357955,ProShare Advisors LLC
1617201,"Prosight Management, LP"
1632368,"Prospect Capital Advisors, LLC"
2021762,Prospect Financial Group LLC
2012519,Prospect Financial Services LLC
1837320,"Prospect Hill Management, LLC"
2082673,"Prospera Capital Management, LLC"
1541625,Prospera Financial Services Inc
2001016,Prosperitas Financial LLC
2042930,"Prosperity Advisers, LLC"
1068851,Prosperity Bancshares Inc
1910398,"Prosperity Consulting Group, LLC"
1991334,"Prosperity Financial Group, Inc."
1843292,"Prosperity Planning, Inc."
1991463,"Prosperity Wealth Management, Inc."
1965307,"Prossimo Advisors, LLC"
1649186,Prostatis Group LLC
2126257,"Prota Financial, LLC"
355429,PROTECTIVE LIFE CORP
2081584,"Provenance Wealth Advisors, LLC"
931588,Provida Pension Fund Administrator
1730814,"Providence Capital Advisors, LLC"
1492133,Providence Equity Partners L.L.C.
2072264,"Providence Financial Advisors, LLC"
1713735,Providence First Trust Co
1744955,"Providence Wealth Advisors, LLC"
2016961,Provident Co of the Employees of the Hebrew University LTD
1076964,"Provident Investment Management, Inc."
2083149,"Provident Living Financial Services, Inc."
1140436,PROVIDENT TRUST CO
1799797,"Provident Wealth Management, LLC"
1305707,"ProVise Management Group, LLC"
1766005,"PRUDENT INVESTORS NETWORK, INC."
1817174,"Prudent Man Advisors, LLC"
2054263,"Prudent Man Investment Management, Inc."
1137774,PRUDENTIAL FINANCIAL INC
898419,PRUDENTIAL PLC
1865991,PSG Equity L.L.C.
1779040,"PSI Advisors, LLC"
2106939,PSP Research LLC
1623624,PSquared Asset Management AG
2061027,"PTM WEALTH MANAGEMENT, LLC"
315297,PUBLIC EMPLOYEES RETIREMENT ASSOCIATION OF COLORADO
1007280,PUBLIC EMPLOYEES RETIREMENT SYSTEM OF OHIO
1767640,PUBLIC INVESTMENT FUND
1396318,Public Sector Pension Investment Board
2011668,"Pullen Investment Management, LLC"
1238990,"PUNCH & ASSOCIATES INVESTMENT MANAGEMENT, INC."
1631664,Punch Card Management L.P.
1590144,"PURA VIDA INVESTMENTS, LLC"
1571556,"Pure Financial Advisors, LLC"
2001520,"PUREfi Wealth, LLC"
2087977,Pureheart Capital Pte Ltd.
2135327,Purewater Capital LLC
2053150,Purkiss Capital Advisors LLC
2115120,Purpose Unlimited Inc.
1911091,PURSUE WEALTH PARTNERS LLC
2116904,"PURSUIT WEALTH STRATEGIES, LLC"
1844250,"Purus Wealth Management, LLC"
2056907,Putney Financial Group LLC
1053914,PUZO MICHAEL J
2095919,"PW ADVISORS, LLC \ FL"
2127408,PW Nova Financial Services LLC
1800135,"PYA Waltman Capital, LLC"
1027796,PZENA INVESTMENT MANAGEMENT LLC
2078832,Q Fund Management (Hong Kong) Ltd
1469589,"Q Global Advisors, LLC"
1732543,Q3 Asset Management
1802496,"QP WEALTH MANAGEMENT, LLC"
1996454,"QRG CAPITAL MANAGEMENT, INC."
1766159,"Qsemble Capital Management, LP"
2058325,QSM Asset Management Ltd
2067954,"QTR Family Wealth, LLC"
1768099,Qtron Investments LLC
1741426,"Quad-Cities Investment Group, LLC"
2009674,"Quadcap Wealth Management, LLC"
1650717,QUADRANT CAPITAL GROUP LLC
1727454,"Quadrant Private Wealth Management, LLC"
1697722,Quadratic Capital Management LLC
1651424,Quadrature Capital Ltd
1633648,"Quaker Capital Investments, LLC"
1733472,"Quaker Wealth Management, LLC"
1512991,Quantbot Technologies LP
1561418,Quantedge Capital Pte Ltd
2009590,Quantessence Capital LLC
2107086,"QUANTIFY CHAOS ADVISORS, LLC"
1759654,Quantinno Capital Management LP
1445911,"Quantitative Investment Management, LLC"
1513125,"Quantum Capital Management, LLC / NJ"
1929139,"Quantum Financial Advisors, LLC"
2050169,"Quantum Financial Planning Services, Inc."
2003672,Quantum Portfolio Management LLC
1929662,"Quantum Private Wealth, LLC"
1965346,"QUARRY HILL ADVISORS, LLC"
1965207,Quarry LP
1659978,"Quartz Partners, LLC"
2111158,Quattro Advisors LLC
1705929,QUATTRO FINANCIAL ADVISORS LLC
1729829,Qube Research & Technologies Ltd
1912338,"Quent Capital, LLC"
2035215,"Quest 10 Wealth Builders, Inc."
1036248,QUEST INVESTMENT MANAGEMENT LLC
1770632,Quilter Plc
1633275,Quinn Opportunity Partners LLC
1977290,Quintet Private Bank (Europe) S.A.
2004904,"Quotient Wealth Partners, LLC"
1570253,QV Investors Inc.
1912226,QVIDTVM Management LLC
1718858,QVR LLC
1290162,QVT Financial LP
1896148,R Squared Ltd
1800745,"R. W. Roge & Company, Inc."
1598352,"R.H. Dinel Investment Counsel, Inc."
2048733,"R.H. Investment Group, LLC"
1426774,R.M.SINCERBEAUX CAPITAL MANAGEMENT LLC
1346824,"RA CAPITAL MANAGEMENT, L.P."
1616664,Raab & Moskowitz Asset Management LLC
2008792,"Rachor Investment Advisory Services, LLC"
1911132,Radcliff Management LLC
1218275,"Radcliffe Capital Management, L.P."
1696867,"Radnor Capital Management, LLC"
2023896,RAELIPSKIE PARTNERSHIP
1389426,"Rafferty Asset Management, LLC"
1169581,RAFFLES ASSOCIATES LP
2056410,"RAHLFS CAPITAL, LLC"
2044885,Raiffeisen Bank International AG
1658020,Railway Pension Investments Ltd
1631543,Raine Capital LLC
1887502,Raine Group LLC
1728355,RAINEY & RANDALL WEALTH ADVISORS INC.
2073596,RAINIER FAMILY WEALTH INC
1729139,Rainwater Charitable Foundation
1294591,"Rakuten Group, Inc."
2062680,"Rakuten Investment Management, Inc."
2009539,"Rakuten Securities, Inc."
1911726,Raleigh Capital Management Inc.
1989672,"RAM Investment Partners, LLC"
1566307,Ramiah Investment Group
1992110,"Ramirez Asset Management, Inc."
1541399,"Ramsay, Stattman, Vela & Price, Inc."
1132897,RAMSEY QUANTITATIVE SYSTEMS
1793269,Ranch Capital Advisors Inc.
2011901,Randall & Associates Wealth Management
1475150,Randolph Co Inc
1928635,Range Financial Group LLC
2055383,"Range Rock Capital, LLC"
1517796,"Rangeley Capital, LLC"
1319691,"Ranger Investment Management, L.P."
2055400,Ranmore Fund Management Ltd
2105393,Rare Wolf Capital LLC
2044533,Rareview Capital LLC
1566887,Ratan Capital Management LP
1351991,Rathbones Group PLC
1582112,"Rather & Kittrell, Inc."
1143565,"RATIONAL ADVISORS, INC."
1554656,Raub Brock Capital Management LP
2015178,Ravenswood Partners LP
2107467,Rayburn West Financial Services LLC
720005,RAYMOND JAMES FINANCIAL INC
1695582,"RB Capital Management, LLC"
1776296,"RBA Wealth Management, LLC"
1134621,"RBF Capital, LLC"
1162827,RBO & CO LLC
1963347,"RCS Financial Planning, LLC"
2104402,"RCW Management, LLC"
2057936,RD Finance Ltd
2046179,"RD Lewis Holdings, Inc."
1774086,RDA Financial Network
1912187,RDST Capital LLC
1900923,READYSTATE ASSET MANAGEMENT LP
2110687,"Reality Financial Planning Services, LLC"
1776792,Realta Investment Advisors
2048581,"REAP Financial Group, LLC"
740913,REAVES W H & CO INC
1811052,"REBALANCE, LLC"
2077940,rebel Financial LLC
1729522,"Rector, Church-Wardens & Vestrymen of Trinity Church in the City of New-York"
1803146,Recurrent Investment Advisors LLC
1734398,"RED CEDAR INVESTMENT MANAGEMENT, LLC"
1686343,"RED CRANE WEALTH MANAGEMENT, LLC"
1783599,"Red Door Wealth Management, LLC"
1962166,"RED LIGHTHOUSE INVESTMENT MANAGEMENT, LLC"
1997650,"Red Mountain Financial, LLC"
2122970,RED REEF ADVISORS LLC
1795356,"Red Spruce Capital, LLC"
1910488,Red Tortoise LLC
2055980,"RED TREE MANAGEMENT, LLC"
1846493,Red Wave Investments LLC
1842054,"Rede Wealth, LLC"
1535811,"Redhawk Wealth Advisors, Inc."
2057370,RedJay Asset Management Inc.
1425738,"Redmile Group, LLC"
1567890,"Redmond Asset Management, LLC"
1689508,"REDPOINT MANAGEMENT, LLC"
2049950,"REDSTONE WEALTH MANAGEMENT, LLC"
1688931,REDW Wealth LLC
1316622,"REDWOOD CAPITAL MANAGEMENT, LLC"
2116118,Redwood Family Wealth LLC
1927724,Redwood Financial Network Corp
1691170,"Redwood Grove Capital, LLC"
1717479,"Redwood Investment Management, LLC"
2056274,Redwood Park Advisors LLC
1963839,"Redwood Wealth Management Group, LLC"
1724729,Refined Wealth Management
2108398,Reflection Asset Management
1559789,Regal Investment Advisors LLC
1577774,Regal Partners Ltd
1911488,"REGATTA CAPITAL GROUP, LLC"
1863894,Regency Capital Management Inc.\DE
872589,"REGENERON PHARMACEUTICALS, INC."
1803329,Regent Peak Wealth Advisors LLC
2020935,Regents Gate Capital LLP
315054,REGENTS OF THE UNIVERSITY OF CALIFORNIA
1963863,"REGIMEN WEALTH, LLC"
1281761,REGIONS FINANCIAL CORP
1962636,Register Financial Advisors LLC
1633037,Rehmann Capital Advisory Group
1888847,"REICON WEALTH ADVISORS, LLC"
1388028,"REIK & CO., LLC"
1080298,"REINHART PARTNERS, LLC."
1517429,"Reliant Investment Management, LLC"
2069207,"Reliant Investment Partners, LLC"
1823393,Reliant Wealth Planning
1793691,Relyea Zuckerberg Hanson LLC
2104501,"Remedium Capital Partners, LLC"
1844571,Rempart Asset Management Inc.
1535058,Renaissance Capital LLC
944234,RENAISSANCE GROUP LLC
1509508,Renaissance Investment Group LLC
1037389,RENAISSANCE TECHNOLOGIES LLC
913144,RENAISSANCERE HOLDINGS LTD
1656167,RENASANT BANK
1599016,"Rench Wealth Management, Inc."
703361,Renesas Electronics America Inc.
2074836,Renwick Deborah Lee
1730573,"Requisite Capital Management, LLC"
1800217,Resolute Advisors LLC
1834913,Resolute Capital Asset Partners LLC
2069920,"RESOLUTE CAPITAL, LLC"
2005292,"RESOLUTE WEALTH ADVISOR, INC."
1973981,"Resolute Wealth Strategies, LLC"
1612389,Resolution Capital Ltd
1944142,"Resona Asset Management Co.,Ltd."
1803236,"Resonant Capital Advisors, LLC"
749044,RESOURCES MANAGEMENT CORP /CT/ /ADV
1767617,RESTON WEALTH MANAGEMENT LLC
1912339,Resurgent Financial Advisors LLC
2086998,Retail Employees Superannuation Pty Ltd as trustee for Retail Employees Superannuation Trust
1919176,"Retireful, LLC"
1672681,RETIREMENT CAPITAL STRATEGIES
1962532,"RETIREMENT FINANCIAL SOLUTIONS, LLC"
1933059,RETIREMENT GUYS FORMULA LLC
1730386,"RETIREMENT INCOME SOLUTIONS, INC"
1957886,"Retirement Investment Advisors, Inc."
2110516,Retirement Management Systems Inc.
1817693,"Retirement Planning Co of New England, Inc."
1508195,"Retirement Planning Group, LLC"
2057004,"RETIREMENT PLANNING GROUP, LLC / NY"
1914606,Retirement Solution LLC
1593051,Retirement Systems of Alabama
2044741,Retirement Wealth Solutions LLC
2127635,RETIREMITTEN FINANCIAL LLC
1801811,"Revelation Capital Management, LLC"
1849529,"Revere Asset Management, Inc"
1907530,"REVERENCE CAPITAL PARTNERS, L.P."
1887409,Revisor Wealth Management LLC
1816374,"REVOLUTION GROWTH MANAGEMENT COMPANY, INC."
1808992,"Revolve Wealth Partners, LLC"
2016827,"REX Advisers, LLC"
2081847,REXFORD CAPITAL INC
2047201,"Reyes Financial Architecture, Inc."
1455969,"Reynders McVeigh Capital Management, LLC"
1535859,"Rezny Wealth Management, Inc."
1965915,"RF&L WEALTH MANAGEMENT, LLC"
2055104,"RFG - Bristol Wealth Advisors, LLC"
1633387,"RFG Advisory, LLC"
1845210,"RFG Holdings, Inc."
1956564,RFP Financial Group LLC
1323953,"RGM Capital, LLC"
2065331,"RH Tailwind Management, LLC"
1599882,Rhenman & Partners Asset Management AB
1735445,Rheos Capital Works Inc.
1828776,"Rhino Investment Partners, Inc"
2066311,"RHL GROUP, LLC"
1005186,RHODES INVESTMENT ADVISORS INC /ADV
1766514,"RHS Financial, LLC"
1115418,RHUMBLINE ADVISERS
1958384,RIA Advisory Group LLC
2054966,"Rialto Wealth Management, LLC"
1836733,"Ribbit Management Company, LLC"
1230765,"RICE HALL JAMES & ASSOCIATES, LLC"
1736736,"Rice Partnership, LLC"
1528214,Richard Bernstein Advisors LLC
1387304,"Richard C. Young & CO., LTD."
1811783,Richard P Slaughter Associates Inc
1964203,"Richard W. Paul & Associates, LLC"
2107563,"Richard Young Associates, Ltd."
90108,"RICHARDS, MERRILL & PETERSON, INC."
1621646,Richardson Capital Management LLC
2012303,RICHARDSON FINANCIAL SERVICES INC.
1540462,"Richmond Brothers, Inc."
2031991,"Richmond Investment Services, LLC"
1911900,"Richwood Investment Advisors, LLC"
2111429,"Ridge Creek Global, Inc"
1423994,Ridgeback Capital Investments L.P.
1860719,"RIDGECREST WEALTH PARTNERS, LLC"
2013788,"Ridgeline Wealth Planning, LLC"
1934226,"Ridgeline Wealth, LLC"
1943071,Ridgepath Capital Management LLC
1703556,Ridgewood Investments LLC
1601348,Riggs Asset Managment Co. Inc.
2112884,"RIHO Partners, LLC"
2045268,"RIK SAYLOR FINANCIAL, INC."
2051343,"Ring Mountain Capital, LLC"
1771122,Rings Capital Management LLC
1730774,Rinkey Investments
1672355,RIPOSTE CAPITAL LLC
2031590,Ripple Effect Asset Management LP
1831316,"Rise Advisors, LLC"
2113017,Rising Stella Capital Pte. Ltd
1569886,"Risk Paradigm Group, LLC"
939334,RIT CAPITAL PARTNERS PLC
1556593,Rithm Capital Corp.
1698218,RITHOLTZ WEALTH MANAGEMENT
1910323,"Ritter Alpha, LP"
1936603,Ritter Daniher Financial Advisory LLC / DE
2107417,"River Bend Holdings, LLC"
1341401,"River Road Asset Management, LLC"
1964897,River Street Advisors LLC
1642570,River Wealth Advisors LLC
2109861,"RIVER'S EDGE WEALTH MANAGEMENT, LLC"
2055570,"Riverbend Wealth Management, LLC"
1112325,RIVERBRIDGE PARTNERS LLC
2055985,"RIVERCHASE WEALTH MANAGEMENT, LLC"
1469751,"RiverFront Investment Group, LLC"
1619779,RiverGlades Family Offices LLC
1965613,Rivermont Capital Management LP
1447578,"RIVERNORTH CAPITAL MANAGEMENT, LLC"
1484256,"RiverPark Advisors, LLC"
1682733,"Riverpoint Wealth Management Holdings, LLC"
1787663,"RIVERSEDGE ADVISORS, LLC"
1763404,"Riverstone Advisors, LLC"
1247497,RIVERSTONE HOLDINGS LLC
1872501,"RiverTree Advisors, LLC"
1962933,"Riverview Capital Advisers, LLC"
1593600,Riverview Trust Co
1882572,Riverwater Partners LLC
1566691,"RIVULET CAPITAL, LLC"
1671817,RJA Asset Management LLC
1905218,"RK Capital Management, LLC/FL"
1604723,RKL Wealth Management LLC
2008031,RLH Capital LLC
2109852,"RM Financial Services, LLC"
1844731,RMG Wealth Management LLC
2032709,"RMR Capital Management, LLC"
1803848,RMR Wealth Builders
2124783,Roan Capital Partners
1847820,Robbins Farley
1418773,Robeco Institutional Asset Management B.V.
1418427,Robeco Schweiz AG
1515721,Robert B. Daugherty Foundation
1882360,Robert Bosch GmbH
315157,ROBERT WOOD JOHNSON FOUNDATION
1883719,"Roberts Capital Advisors, LLC"
1767602,Roberts Financial Services LLC
1595747,Roberts Foundation
1017115,ROBERTS GLORE & CO INC /IL/
1885319,"Roberts Wealth Advisors, LLC"
1352122,"Robertson Opportunity Capital, LLC"
1767307,"Robertson Stephens Wealth Management, LLC"
2067588,"Robinhood Asset Management, LLC"
1599795,"ROBINSON CAPITAL MANAGEMENT, LLC"
2008554,ROBINSON SMITH WEALTH ADVISORS LLC
1694283,"Robinson Value Management, Ltd."
1642305,"Roble, Belko & Company, Inc"
2030580,Robocap Asset Management Ltd
1105838,ROBOTTI ROBERT
1958456,"Rochester Wealth Strategies, LLC"
1484067,Rock Creek Group LLC
1301540,"Rock Point Advisors, LLC"
1595725,Rock Springs Capital Management LP
2056320,Rockbridge Asset Management LLC
1821984,"Rockbridge Investment Management, LCC"
1739439,Rockefeller Capital Management L.P.
2027176,Rockingstone Advisors LLC
84616,ROCKLAND TRUST CO
2005098,"Rockline Wealth Management, LLC"
2022866,Rockport Wealth LLC
1983670,"Rockwood Wealth Management, LLC"
1846515,"Rodgers & Associates, LTD"
1397290,Rodgers Brothers Inc.
2097566,"Roehl & Yi Investment Advisors, LLC"
869367,ROFFMAN MILLER ASSOCIATES INC /PA/
1998892,"ROGCO, LP"
1911328,"Roger Wittlin Investment Advisory, LLC"
2011633,"ROI Financial Advisors, LLC"
1666335,Rokos Capital Management LLP
2051339,Rolek Wealth Management LLC
1884018,"Rollins Financial Advisors, LLC"
733444,ROMAN BUTLER FULLERTON & CO
200648,ROMANO BROTHERS AND COMPANY
1028874,"Roof Eidam Maycock Peralta, LLC"
1977181,"Root Financial Partners, LLC"
1963732,"Rooted Wealth Advisors, Inc."
1622627,"Rosalind Advisors, Inc."
1812103,Rosenberg Matthew Hamilton
918893,Rosenblum Silverman Sutton S F Inc /ca
1697539,"Rosenthal | Henry Capital Advisors, Inc."
2056532,ROSS\JOHNSON & Associates LLC
2056510,"Rossby Financial, LCC"
1733082,Rossmore Private Capital
1840888,Roth Financial Partners LLC
1784260,Rothschild & Co Wealth Management UK Ltd
1569833,"Rothschild Capital Partners, LLC"
85338,ROTHSCHILD INVESTMENT LLC
1811345,Rothschild Wealth LLC
1769700,"Roubaix Capital, LLC"
1696438,Round Hill Asset Management
1846991,Round Rock Advisors LLC
2049176,RoundAngle Advisors LLC
1476804,Roundview Capital LLC
1512171,"Route One Investment Company, L.P."
2053064,Rovida Investment Management Ltd
225816,ROWLANDMILLER & PARTNERS.ADV
2054149,Roxbury Financial LLC
1000275,ROYAL BANK OF CANADA
1904323,"Royal Capital Wealth Management, LLC"
1810099,"Royal Fund Management, LLC"
1801876,"Royal Harbor Partners, LLC"
863748,ROYAL LONDON ASSET MANAGEMENT LTD
2107886,Royal Palms Capital LLC
2081668,"Royalty Pharma Sub-Manager, LLC"
906304,ROYCE & ASSOCIATES LP
1832568,RPD Fund Management LLC
1569884,"RPg Family Wealth Advisory, LLC"
1666664,"RPG Investment Advisory, LLC"
1555433,"RPM Capital Partners, LLC"
1885066,RPO LLC
1963326,"RPOA Advisors, Inc."
2031671,RPS ADVISORY SOLUTIONS LLC
1714450,RPTC Inc.
1322613,"RR Advisors, LLC"
1401459,RS CRUM INC.
1810555,"RTD Financial Advisors, Inc."
1493215,"RTW INVESTMENTS, LP"
1720792,"Ruane, Cunniff & Goldfarb L.P."
2114679,"Rubicon Advisors, GP"
2032489,Rubicon Founders LLC
2055276,Rubicon Global Capital Ltd
1687509,Rubric Capital Management LP
1835407,Rudius Management LP
1940678,"Ruedi Wealth Management, Inc."
1426859,Ruffer LLP
1971230,Ruggaard & Associates LLC
2110677,"Ruggiero Investments, Inc."
2040263,"Rule One Partners, LLC"
1803994,Running Oak Capital LLC
2054540,"Runnymede Capital Advisors, Inc."
1736465,"RUSH ISLAND MANAGEMENT, LP"
1692234,"Russell Investments Group, Ltd."
1766596,RV Capital AG
1756543,"RVW Wealth, LLC"
1631627,RW Investment Management LLC
1544576,"RWA WEALTH PARTNERS, LLC"
1638081,RWC ASSET ADVISORS (US) LLC
1520478,RWC Asset Management LLP
1846544,"RWQ Financial Management Services, Inc."
1507683,"RWWM, Inc."
2074440,"Ryan Investment Management, Inc."
2065487,"Rydar Equities, Inc."
1844147,Rye Brook Capital LLC
2112907,"S Harris Financial Group, LLC"
1322924,"S SQUARED TECHNOLOGY, LLC"
1082461,S&CO INC
1874163,S&G Foundation
1010911,S&T Bank/PA
2036461,S-Bank Fund Management Ltd
1616004,S. R. Schill & Associates
1800911,S.A. Mason LLC
1765515,S.E.E.D. Planning Group LLC
1510281,"Saba Capital Management, L.P."
1535610,"SABBY MANAGEMENT, LLC"
1911378,"Saber Capital Managment, LLC"
1582090,Sachem Head Capital Management LP
1994333,SACHEM HILL LLC
2010574,"Sachetta, LLC"
2018754,SaddleRock Capital Management LLC
2065810,"Safe Harbor Family Capital, LLC"
2036114,"Safe Harbor Fiduciary, LLC"
1846711,"Safeguard Investment Advisory Group, LLC"
1830103,"Safir Wealth Advisors, LLC"
2027449,Sagace Wealth Management LLC
1534378,"Sage Advisory Services, Ltd.Co."
1714107,"Sage Capital Advisors,llc"
2030667,"Sage Capital Management, LLC"
882119,SAGE FINANCIAL GROUP INC
1762086,"Sage Financial Management Group, Inc."
1925418,Sage Investment Advisers LLC
2055178,Sage Investment Counsel LLC
1832274,Sage Mountain Advisors LLC
1845635,"SAGE PRIVATE WEALTH GROUP, LLC"
1771605,SAGE RHINO CAPITAL LLC
1771179,Sagefield Capital LP
1861378,"SageGuard Financial Group, LLC"
2055829,"SageOak Financial, LLC"
2056425,"SAGESPRING WEALTH PARTNERS, LLC"
1693636,Sagewood Asset Management LP
1482688,Sageworth Trust Co
1871593,Sageworth Trust Co of South Dakota
1747744,Sagil Capital LLP
1608904,SailingStone Capital Partners LLC
2052658,"Saiph Capital, LLC"
884423,SALEM INVESTMENT COUNSELORS INC
1766156,"Salomon & Ludwin, LLC"
1996109,SALT Holding Corp.
2056601,"Salus Financial Advisors, LLC"
1809236,"Salvus Wealth Management, LLC"
1059543,SALZHAUER MICHAEL
1600944,"SAM Advisors, LLC"
1544366,"Samalin Investment Counsel, LLC"
2110507,"Samara Investment Management, LLC"
1986590,"Samjo Management, LLC"
1421097,"SAMLYN CAPITAL, LLC"
1744967,"SAMSARA BIOCAPITAL, LLC"
1788558,Samson Rock Capital LLP
1928668,Samsung C&T Corp
1844709,San Luis Wealth Advisors LLC
2113492,"Sanchez Gaunt Capital Management, LLC"
2126627,Sanchez Levi Garrett
1697740,Sanchez Wealth Management Group
1777271,"Sanctuary Advisors, LLC"
1665077,Sand Grove Capital Management LLP
1009209,"Sand Hill Global Advisors, LLC"
1844892,"Sandbox Financial Partners, LLC"
1173889,SANDER CAPITAL ADVISORS INC
1508097,"Sanders Capital, LLC"
1053994,SANDERS MORRIS HARRIS LLC
1556245,Sandhill Capital Partners LLC
1000742,SANDLER CAPITAL MANAGEMENT
2107860,Sandro Wealth Management LLC
1846444,"Sands Capital Alternatives, LLC"
1020066,"SANDS CAPITAL MANAGEMENT, LLC"
1908217,"Sandy Cove Advisors, LLC"
2113426,Sankala Group LLC
1121404,Sanofi
2043469,Santa Clara Valley Transportation Authority
904793,SANTA MONICA PARTNERS LP
1730959,"Santori & Peters, Inc."
1682598,"Sapience Investments, LLC"
1998653,SAPIENT CAPITAL LLC
1697665,"SAPPHIRE VENTURES, L.L.C."
1816444,Sara-Bay Financial
2098745,Saranac Partners Ltd
1510481,Sarasin & Partners LLP
1477872,Saratoga Research & Investment Management
1894188,"Saraza Management, LP"
2010095,"SARD WEALTH MANAGEMENT GROUP, LLC"
873303,"Sarepta Therapeutics, Inc."
1766157,"Sargent Investment Group, LLC"
1577524,Sarissa Capital Management LP
2076215,Sarver Vrooman Wealth Advisors
1692751,Sassicaia Capital Advisers LLC
1568540,Sather Financial Group Inc
1807288,SATOVSKY ASSET MANAGEMENT LLC
1964437,Saturn V Capital Management LP
1316617,SATURNA CAPITAL CORP
1918181,Saudi Central Bank
2100727,Saudi Electronic Games Holding Co
2055882,Sava Infond d.o.o.
2094371,SAVA PENZISKO DRUSHTVO A.D. SKOPJE
1482880,"Savant Capital, LLC"
1790723,Savior LLC
1710593,"Savoir Faire Capital Management, L.P."
2003633,"Savvy Advisors, Inc."
1105467,SAWGRASS ASSET MANAGEMENT LLC
1722436,"Sawyer & Company, Inc"
1846150,"SAX WEALTH ADVISORS, LLC"
1905867,"SAXON INTERESTS, INC."
1561330,"Saxony Capital Management, LLC"
1044924,SAYBROOK CAPITAL /NC
1731509,SB INVESTMENT ADVISERS (UK) LTD
2111343,SBE LLC DBA CEDAR COVE WEALTH PARTNERS
2107413,"SBI Holdings USA, Inc."
1535128,SBI Okasan Asset Management Co.Ltd.
1851815,"SBI Securities Co., Ltd."
1607841,"SC US (TTGP), LTD."
1907898,"SC&H Financial Advisors, Inc."
1965542,"SCALAR GAUGE MANAGEMENT, LLC"
1815355,"Scarborough Advisors, LLC"
1167376,"Scepter Holdings, Inc."
1085550,"SCF Partners, Inc."
1537530,"SCGE MANAGEMENT, L.P."
1898838,Schaeffer Financial LLC
1033974,SCHAPER BENZ & WISE INVESTMENT COUNSEL INC/WI
1463746,"Scharf Investments, LLC"
1962838,"Schear Investment Advisers, LLC"
1426327,"Scheer, Rowlett & Associates Investment Management Ltd."
1840014,Schiavi & Co LLC
1008895,SCHMIDT P J INVESTMENT MANAGEMENT INC
1665359,"Schneider Downs Wealth Management Advisors, LP"
2057056,"SCHNIEDERS CAPITAL MANAGEMENT, LLC."
1606134,"SCHOLTZ & COMPANY, LLC"
1665241,Schonfeld Strategic Advisors LLC
315024,SCHOOL EMPLOYEES RETIREMENT BOARD OF OHIO
1504918,Schreiber John
2011329,Schreiber Kathleen
1086619,SCHRODER INVESTMENT MANAGEMENT GROUP
1914987,Schrum Private Wealth Management LLC
1080197,SCHULHOFF & CO INC
1857024,"Schusterman Interests, LLC"
1934951,Schwallier Wealth Management LLC
909151,SCHWARTZ INVESTMENT COUNSEL INC
1794153,SCHWARZ DYGOS WHEELER INVESTMENT ADVISORS LLC
937522,SCHWERIN BOYLE CAPITAL MANAGEMENT INC
1653169,Sciencast Management LP
2029433,"Science & Technology Partners, L.P."
2011556,Scientech Research LLC
1906793,"Scissortail Wealth Management, LLC"
1086416,SCOGGIN MANAGEMENT LP
1279150,SCOPIA CAPITAL MANAGEMENT LP
1317583,"SCOPUS ASSET MANAGEMENT, L.P."
1335644,SCOTIA CAPITAL INC.
1315269,"Scott & Selber, Inc."
1905673,"Scott Capital Advisors, LLC"
1730961,"SCP Investment, LP"
2055324,SCRATCH CAPITAL LLC
1303159,SCS Capital Management LLC
1803397,"Sculati Wealth Management, LLC"
1054587,Sculptor Capital LP
2011655,"Sea Cliff Partners Management, LP"
1304229,SeaBridge Investment Advisors LLC
1728121,"SeaCrest Wealth Management, LLC"
1697721,"Seafarer Capital Partners, LLC"
2135303,"Seal Cove Capital, LLC"
2011267,SEAMOUNT FINANCIAL GROUP INC
1697030,"Searchlight Capital Partners, L.P."
354923,SEARCY FINANCIAL SERVICES INC /ADV
710127,SEARLE & CO.
1418342,Seascape Capital Management
1929977,"Seaside Wealth Management, Inc."
1512367,SeaTown Holdings Pte. Ltd.
1832158,SEAVIEW INVESTMENT MANAGERS LLC
2127509,SEB Asset Management AB
1946654,"Second Half Financial Partners, LLC"
1992879,"Second Line Capital, LLC"
1475373,SECTOR GAMMA AS
1274413,SECTORAL ASSET MANAGEMENT INC
1800692,"Secure Asset Management, LLC"
2012356,"SECURED RETIREMENT ADVISORS, LLC"
1035350,"SECURIAN ASSET MANAGEMENT, INC"
869772,SECURITY BENEFIT LIFE INSURANCE CO /KS/
1913590,"Security Financial Services, INC."
1719739,Security National Bank
894309,SECURITY NATIONAL BANK OF SIOUX CITY IOWA /IA/
1105909,SECURITY NATIONAL BANK OF SO DAK
1963728,"Seed Wealth Management, Inc."
2021047,SEEDS INVESTOR LLC
2060504,Seek First Inc.
1705655,Seelaus Asset Management LLC
2080629,SEG Family Corp.
1006378,"SEGALL BRYANT & HAMILL, LLC"
1575581,"Segment Wealth Management, LLC"
1607512,"SEGRA CAPITAL MANAGEMENT, LLC"
350894,SEI INVESTMENTS CO
1817797,Seilern Investment Management Ltd
1134283,"SEIZERT CAPITAL PARTNERS, LLC"
2110725,"Selby Wealth Management, LLC"
1867731,SELDON CAPITAL LP
1600636,Select Asset Management & Trust
1592643,"Select Equity Group, L.P."
1755670,"Selective Wealth Management, Inc."
1565432,Selkirk Management LLC
1975764,Sellaronda Global Management LP
1763958,Sellwood Investment Partners LLC
1738809,"Semanteon Capital Management, LP"
1922963,SEMITAM BONAM LLC
1115373,SEMPER AUGUSTUS INVESTMENTS GROUP LLC
1964775,Semus Wealth Partners LLC
1443689,Senator Investment Group LP
1659380,"Sender Co & Partners, Inc."
1639375,"Sendero Wealth Management, LLC"
2082922,Seneca Financial Advisors LLC
1731359,Seneca House Advisors
2039659,"Seneschal Advisors, LLC"
2092381,"Sensenig Capital Advisors, Inc"
1965229,"Sensible Money, LLC"
2118181,"Sentinel Advisory Group, LLC"
2114194,"Sentinel Dome Partners, LLC"
1802290,"SENTINEL PENSION ADVISORS, LLC"
1114739,SENTINEL TRUST CO LBA
1929328,"SENTINEL WEALTH MANAGEMENT, INC."
89014,SENTRY INVESTMENT MANAGEMENT LLC
2004474,Sentry LLC
1328785,"Senvest Management, LLC"
1751412,"Sepio Capital, LP"
2009724,Sequent Planning LLC
1599900,"Sequoia Financial Advisors, LLC"
1934957,SERENITY CAPITAL MANAGEMENT PTE. LTD.
2105389,Serenity Investment Advisors
2053695,"Serenus Wealth Advisors, LLC"
2039918,"Seros Financial, LLC"
1595849,"Sessa Capital IM, L.P."
1911113,Settian Capital LP
2092021,Seven Fleet Capital Management LP
1909126,"SEVEN GRAND MANAGERS, LLC"
1987932,SEVEN MILE ADVISORY
1554308,Seven Post Investment Office LP
2021188,"Seven Six Capital Management, LLC"
1803898,"Seven Springs Wealth Group, LLC"
1673954,"SevenBridge Financial Group, LLC"
1763454,"Severin Investments, LLC"
1713286,"SFAM, LLC"
1317784,SFE Investment Counsel
1908914,"SFG Wealth Management, LLC."
1911308,"SFI Advisors, LLC"
2064225,"SFM, LLC"
1512026,"SFMG, LLC"
1313360,"SG Americas Securities, LLC"
1510099,SG Capital Management LLC
2043186,"SGL Investment Advisors, Inc."
1804785,Shade Tree Advisors LLC
1383838,SHAH CAPITAL MANAGEMENT
1511794,"Shaker Financial Services, LLC"
1009005,SHAKER INVESTMENTS LLC/OH
1658509,"Shakespeare Wealth Management, LLC"
1622346,SHANDA ASSET MANAGEMENT HOLDINGS Ltd
1903273,"ShankerValleau Wealth Advisors, Inc."
1301050,Shannon River Fund Management LLC
1766806,Shaolin Capital Management LLC
1177244,SHAPIRO CAPITAL MANAGEMENT LLC
1693672,Share Andrew L.
2008178,Shared Vision Wealth Group LLC
1642246,"Sharkey, Howes & Javer"
1818890,Sharp Capital Gestora de Recursos Ltda.
1733194,"Sharp Wealth Advisory, LLC"
2046822,SHARPEPOINT LLC
1959415,Sharper & Granite LLC
1766908,ShawSpring Partners LLC
1723643,Shay Capital LLC
1484085,"SHAYNE & JACOBS, LLC"
2055834,"SHCP, LLC"
1905665,Shearwater Capital LLC
1157436,SHEETS SMITH WEALTH MANAGEMENT
1591744,"Shellback Capital, LP"
1455290,Shelter Ins Retirement Plan
1455288,Shelter Mutual Insurance Co
2109305,"Shelter Rock Management, LLC"
1002784,SHELTON CAPITAL MANAGEMENT
1903883,"SHELTON WEALTH MANAGEMENT, LLC"
1279329,SHEN NEIL NANPENG
2040405,Shengqi Capital (Hong Kong) Ltd
1275228,SHENKMAN CAPITAL MANAGEMENT INC
1696628,Shepherd Financial Partners LLC
1218583,"SHEPHERD KAPLAN KROCHUK, LLC"
2110060,Shepherd Street Advisors LLC
2016209,SHEPHERD WEALTH MANAGEMENT Ltd LIABILITY Co
1406672,Sherborne Investors Management LP
1926753,"Sheridan Capital Management, LLC"
1736535,"Sherman Asset Management, Inc."
2096483,"SHERMAN PORFOLIOS, LLC"
2096110,Sherman Wealth Management LLC
2005607,"Sherrill & Hutchins Financial Advisory, Inc"
2107738,"Sherry Group, Inc."
2056427,"Sherwood Financial Partners, LLC"
1058022,SHIKIAR ASSET MANAGEMENT INC
1961210,Shira Ridge Wealth Management
1599623,"Shoker Investment Counsel, Inc."
1907092,"Shore Point Advisors, LLC"
1844922,"ShoreHaven Wealth Partners, LLC"
2008310,Shotwell Rutter Baer Inc
1807060,SHP Wealth Management
2075389,"SHRIER WEALTH MANAGEMENT, LLC"
908195,SHUFRO ROSE & CO LLC
1767070,Shulman DeMeo Asset Management LLC
2044675,"Shum Financial Group, Inc."
2096913,SHUTTLEWORTH & Co
1696494,Sicart Associates LLC
2132534,"Sidoxia Capital Management, LLC"
940418,SIEMENS AG
1856637,Siemens Fonds Invest GmbH
1209767,SIEMENS PENSION TRUST E V
1694886,"Siena Capital Partners GP, LLC"
2021242,Sienna Gestion
1787274,Sierra Capital LLC
2056766,Sierra Legacy Group
2051715,"SIERRA OCEAN, LLC"
2012614,SIERRA SUMMIT ADVISORS LLC
1094429,"SIG BROKERAGE, LP"
1868643,"SIG North Trading, ULC"
1696957,"SigFig Wealth Management, LLC"
1841979,"Sightline Wealth Advisors, LLC"
1085163,SIGMA INVESTMENT COUNSELORS INC
1449126,Sigma Planning Corp
2010926,"Signal Advisors Wealth, LLC"
2069337,SIGNAL TREE FINANCIAL PARTNERS LLC
2109813,"Signature Equity Partners, LLC"
1079935,SIGNATURE ESTATE & INVESTMENT ADVISORS LLC
1940917,"Signature Resources Capital Management, LLC"
1736666,Signature Wealth Management Group
1824694,"Signature Wealth Management Partners, LLC"
1456048,"SIGNATUREFD, LLC"
1600307,"SIGNET FINANCIAL MANAGEMENT, LLC"
1766328,"Signet Investment Advisory Group, Inc."
2096298,Signet Private Wealth LLC
1964680,Significant Wealth Partners LLC
1996244,"SIH Partners, LLLP"
1506409,Silchester International Investors LLP
1673633,Silicon Valley Capital Partners
1758440,Silphium Asset Management Ltd
1738728,Silvant Capital Management LLC
2012033,Silver Coast Investments LLC
2111172,"Silver Grove Financial Group, Inc."
1705712,Silver Heights Capital Management Inc
1596055,"Silver Lake Advisory, LLC"
1418226,"Silver Lake Group, L.L.C."
1906937,"Silver Oak Advisory Group, Inc."
1080576,"SILVER OAK SECURITIES, INCORPORATED"
2060368,"SILVER OAK WEALTH ADVISORS SERVICES, LLC"
1332784,Silver Point Capital L.P.
1674784,Silver Rock Financial LP
1816307,"SILVERARC CAPITAL MANAGEMENT, LLC"
1278960,SILVERBACK ASSET MANAGEMENT LLC
2007880,Silverberg Bernstein Capital Management LLC
1232395,SILVERCREST ASSET MANAGEMENT GROUP LLC
1966026,SILVERLAKE WEALTH MANAGEMENT LLC
1535611,"Silverleafe Capital Partners, LLC"
1764766,SilverOak Wealth Management LLC
1866164,"Silversmith Partners I GP, LLC"
1991983,"SILVIA MCCOLL WEALTH MANAGEMENT, LLC"
2135539,"SIMA Wealth Partners, LLC"
2109203,Simcoe Capital LLC
1633362,"Simcoe Capital Management, LLC"
1674486,Simmons Bank
1692038,"SIMON QUICK ADVISORS, LLC"
1488542,"SIMPLEX TRADING, LLC"
1913243,"Simplicity Wealth,LLC"
1716983,"SimpliFi, Inc."
1846368,Simplify Asset Management Inc.
2053807,"SIMS INVESTMENT MANAGEMENT, LLC"
2050968,"Sincerus Advisory, LLC"
1219573,Singapore Technologies Telemedia Pte Ltd
1801184,"Single Point Partners, LLC"
2096569,Sinvest Investments II Ltd.
1482416,"Sio Capital Management, LLC"
2112504,SIP GLOBAL OPPORTUNITY MANAGER LLC
1557406,Sippican Capital Advisors
1434997,"SIR Capital Management, L.P."
2005245,"Siren, L.L.C."
1104883,SIRIOS CAPITAL MANAGEMENT L P
769317,SIT INVESTMENT ASSOCIATES INC
1664771,Sitrin Capital Management LLC
1846138,"SITTNER & NELSON, LLC"
2045724,Situational Awareness LP
2038540,Situational Awareness Partners LP
2012032,"Sivia Capital Partners, LLC"
1596452,Sivik Global Healthcare LLC
1812095,"Sixth Street Partners Management Company, L.P."
1813225,"SJBENEN ADVISORY, LLC"
1894302,SJS Investment Consulting Inc.
1867958,"SK Wealth Management, LLC"
1860998,Skaana Management L.P.
1534653,Skandinaviska Enskilda Banken AB (publ)
932024,SKBA CAPITAL MANAGEMENT LLC
2043964,Skerryvore Asset Management Ltd
1333792,Sky Investment Group LLC
2065074,"SKY-MOUNTAIN CAPITAL MANAGEMENT, INC."
1639668,"SkyBridge Capital II, LLC"
1675884,Skye Global Management LP
1842707,"SkyKnight Capital, L.P."
1299910,"Skylands Capital, LLC"
1843832,"Skyline Advisors, Inc."
1800379,"SkyOak Wealth, LLC"
1848237,"SkyView Investment Advisors, LLC"
1680365,"SL ADVISORS, LLC"
1984918,"Slagle Financial, LLC"
1559706,Slate Path Capital LP
1764049,"SlateStone Wealth, LLC"
1993325,"Slocum, Gordon & Co LLP"
1963764,"Slotnik Capital, LLC"
1716984,"Slow Capital, Inc."
1690295,"Sloy Dahl & Holst, LLC"
2052222,SLT Holdings LLC
2075338,SMA Capital LLC
1921304,"Smallwood Wealth Investment Management, LLC"
1728866,Smart Money Group LLC
1513227,"Smart Portfolios, LLC"
2044723,SMART Wealth LLC
2066604,"SmartHarvest Portfolios, LLC"
2010393,Smartleaf Asset Management LLC
1427008,"Smead Capital Management, Inc."
1180391,SMH CAPITAL ADVISORS INC
1609008,"SMI Advisory Services, LLC"
1543991,"Smith & Howard Wealth Management, LLC"
2068217,"Smith Asset Management Co., LLC"
1082509,SMITH CHAS P & ASSOCIATES PA CPAS
1893134,"Smith Group Asset Management, LLC"
2111036,"Smith Partners Wealth Management, LLC"
1482012,Smith Salley Wealth Management
926688,SMITH THOMAS W
2032436,Smith Thornton Advisors LLC
200724,"SMITH, MOORE & CO."
1103245,SMITHBRIDGE ASSET MANAGEMENT INC/DE
1019754,Smithfield Trust Co
1820681,Snider Financial Group
1698661,"Snow Phipps Group, LLC"
1903055,Snowden Capital Advisors LLC
2075393,"SNOWWATER INVESTMENT PARTNERS, LLC"
1557485,"SNS Financial Group, LLC"
1050477,SNYDER CAPITAL MANAGEMENT L P
1849444,"SOA Wealth Advisors, LLC."
1726948,Soapstone Management L.P.
1967966,"Socha Financial Group, LLC"
1781882,Socorro Asset Management LP
1697569,SOF Ltd
1925582,"SOFI WEALTH, LLC"
1631134,"Sofinnova Investments, Inc."
1065521,SOFTBANK GROUP CORP.
1803391,"SoftVest Advisors, LLC"
1339270,SOL Capital Management CO
2049179,Solano Wealth Investment Advisors LLC
1604867,"Solas Capital Management, LLC"
1790604,Solel Partners LP
1802630,"Soleus Capital Management, L.P."
1906613,"Solidarity Wealth, LLC"
1839890,Solitude Financial Services
2012034,Sollinda Capital Management LLC
1730769,"Solstein Capital, LLC"
1802530,Soltis Investment Advisors LLC
1407737,Solus Alternative Asset Management LP
2006405,"Solutions 4 Wealth, Ltd"
1680964,SOMA EQUITY PARTNERS LP
1567912,Somerset Group LLC
1597099,Somerset Trust Co
1215208,SOMERVILLE KURT F
2034894,"Somnio Financial Group, LLC"
1533504,"Sompo Asset Management Co., Ltd."
1856405,SONA ASSET MANAGEMENT (US) LLC
1172036,SONATA CAPITAL GROUP INC
2026215,"Sone Capital Management, LLC"
1946733,SONNIPE LTD
2084965,Sonoma Allocations LLC
1965757,Sonoma Private Wealth LLC
2027142,Sophron Capital Management L.P.
1894532,SORA INVESTORS LLC
1517857,Soroban Capital Partners LP
1748240,SOROS CAPITAL MANAGEMENT LLC
1029160,SOROS FUND MANAGEMENT LLC
1811240,Souders Financial Advisors
1800620,"Sound Financial Strategies Group, LLC"
1730960,"Sound Income Strategies, LLC"
2109204,"Sound Portfolio Advisors, LLC"
820124,SOUND SHORE MANAGEMENT INC /CT/
1998101,"Sound Stewardship, LLC"
1784777,"Sound View Wealth Advisors Group, LLC"
2054083,SoundView Advisors Inc.
1803253,Soundwatch Capital LLC
1822531,Sourcerock Group LLC
1538846,South Dakota Investment Council
1163668,"SOUTH PLAINS FINANCIAL, INC."
1852993,South Shore Capital Advisors
1399706,South Street Advisors LLC
1390003,"Southeast Asset Advisors, LLC"
807985,SOUTHEASTERN ASSET MANAGEMENT INC/TN/
1909249,"SOUTHERN CAPITAL ADVISORS, LLC"
711987,SOUTHERN CAPITAL SERVICES INC /ADV
1173227,SOUTHERN MICHIGAN BANK & TRUST
1089755,"SOUTHERNSUN ASSET MANAGEMENT, LLC"
2006517,Southland Equity Partners LLC
1319998,Southpoint Capital Advisors LP
764038,SouthState Bank Corp
1846175,"Sovereign Financial Group, Inc."
1908165,"Sovereign Investment Advisors, LLC"
1911637,"Sovereign's Capital Management, LLC"
1755622,"Soviero Asset Management, LP"
2051471,"Sovran Advisors, LLC"
1806226,"Sowa Financial Group, Inc."
1633697,Sowell Financial Services LLC
1962086,SP Asset Management LLC
1949033,Spahn Wealth & Retirement LLC
1554871,Spark Investment Management LLC
1967706,Sparta 24 Ltd.
1749283,Spartan Planning & Wealth Management
2075193,Spartan Wealth Advisory Services LLC
2119894,Spear Advisors LLC
2023475,Spear Holdings RSC Ltd
1318293,"Spectrum Asset Management, Inc."
1632078,"Spectrum Asset Management, Inc. (NB/CA)"
1566531,Spectrum Financial Alliance Ltd LLC
1856042,"Spectrum Investment Advisors, Inc."
1725394,Spectrum Planning & Advisory Services Inc.
1554961,"Spectrum Strategic Capital Management, LLC"
1776821,"Spectrum Wealth Advisory Group, LLC"
900169,SPEECE THORSON CAPITAL GROUP INC
1843253,SPG ADVISORS LLC
1496201,SPHERA FUNDS MANAGEMENT LTD.
2030525,Sphera Management Technology Funds Ltd
1791621,"Spider Management Company, LLC"
2011727,Spinecap SAS
1911067,"Spinnaker Investment Group, LLC"
1158970,SPINNAKER TRUST
1858740,Spire Wealth Management
2022908,"SPIREPOINT PRIVATE CLIENT, LLC"
1041283,SPIRIT OF AMERICA MANAGEMENT CORP/NY
2095884,"Split Rock Private Trading & Wealth Management, LLC"
1800913,"SPRENG CAPITAL MANAGEMENT, INC."
1899146,"SPRING CAPITAL MANAGEMENT, LLC"
2058986,SpringVest Wealth Management LLC
2011593,Sprinkle Financial Consultants LLC
1512920,SPROTT INC.
1543170,SPRUCE HOUSE INVESTMENT MANAGEMENT LLC
1731579,"Spruce Point Capital Management, LLC"
2050194,Spruce Street Capital LP
1234074,SPRUCEGROVE INVESTMENT MANAGEMENT LTD
2056079,"Spurstone Advisory Services, LLC"
2111209,SPWM Advisors LLC
1589176,SPX Gestao de Recursos Ltda
1654344,Spyglass Capital Management LLC
1577806,SQUADRA INVESTMENTS - GESTAO DE RECURSOS LTDA.
2050709,Squadron Capital Management LLC
1803194,SQUARE PEG CAPITAL PTY LTD
2077145,"Square Wave Capital, LLC"
1642575,Squarepoint Ops LLC
2031291,"Squire Investment Management Company, LLC"
1910264,"SR One Capital Management, LP"
1496228,SRB CORP
1512779,"SRH ADVISORS, LLC"
1503174,"SRS Investment Management, LLC"
938487,SSI INVESTMENT MANAGEMENT LLC
831571,ST GERMAIN D J CO INC
2056292,"St. Clair Advisors, LLC"
1504492,"St. James Investment Company, LLC"
1605522,"St. Johns Investment Management Company, LLC"
1966171,"St. Louis Financial Planners Asset Management, LLC"
1661144,St. Louis Trust Co
2054680,"ST. NICHOLAS PRIVATE ASSET MANAGEMENT, INC"
1842089,STABLEFORD CAPITAL II LLC
2011237,"Stablepoint Partners, LLC"
1308685,"Stack Financial Management, Inc"
1321220,"Stadion Money Management, LLC"
1105087,STADIUM CAPITAL MANAGEMENT LLC
1934721,"STAGE HARBOR FINANCIAL, LLC"
1454138,"Stairway Partners, LLC"
1106565,STALEY CAPITAL ADVISERS INC
1705399,"Stamos Capital Partners, L.P."
2056334,STANCE CAPITAL LLC
1809494,Standard Family Office LLC
1409888,Standard General L.P.
1539436,Standard Investments LLC
1780423,"Standpoint Asset Management, LLC"
2023324,Stanich Group LLC
1518934,"Stanley Capital Management, LLC"
1601489,"Stanley-Laman Group, Ltd."
1725910,"STANSBERRY ASSET MANAGEMENT, LLC"
1954085,"STAPP WEALTH MANAGEMENT, PLLC"
1965329,STAR Financial Bank
1517137,Starboard Value LP
1640521,Starr Indemnity & Liability Co
1388788,"Starwood Capital Group Management, L.L.C."
2008308,"Stash Investments, LLC"
938076,STATE BOARD OF ADMINISTRATION OF FLORIDA RETIREMENT SYSTEM
315032,STATE FARM MUTUAL AUTOMOBILE INSURANCE CO
1970005,State Insurance Fund
1370102,"State of Alaska, Department of Revenue"
762152,STATE OF MICHIGAN RETIREMENT SYSTEM
1483262,State of New Jersey Common Pension Fund A
1483066,State of New Jersey Common Pension Fund D
1483260,State of New Jersey Common Pension Fund E
1587973,"State of Tennessee, Department of Treasury"
1967732,State of Wisconsin - Board of Commissioners of Public Lands
854157,STATE OF WISCONSIN INVESTMENT BOARD
1821626,State of Wyoming
93751,STATE STREET CORP
1214822,STEADFAST CAPITAL MANAGEMENT LP
2097595,Steadtrust LLC
1844008,Steadview Capital Management LLC
1635663,"Steamboat Capital Partners, LLC"
1166308,"STEEL GROVE CAPITAL ADVISORS, LLC"
1452857,STEEL PARTNERS HOLDINGS L.P.
1646695,"Steele Capital Management, Inc."
1133521,STEELHEAD PARTNERS LLC
1801868,"SteelPeak Wealth, LLC"
2110878,"Steffes Financial, Ltd."
1908976,"Stegent Equity Advisors, Inc."
1120048,STEGINSKY CAPITAL LLC
1907433,Stegner Investment Associates Inc.
1731876,"Steigerwald, Gordon & Koch Inc."
1169883,STEINBERG ASSET MANAGEMENT LLC
2089528,STEINBERGANNA WEALTH MANAGEMENT
1519676,Stelac Advisory Services LLC
2109734,"Stembrook Asset Management, LLC"
1952142,STEMPOINT CAPITAL LP
2056106,"Stenger Family Office, LLC"
2093782,Stenham Asset Management (UK) Plc
1840750,Stenham Asset Management Ltd
2091341,Step Capital Management Pte. Ltd.
941519,STEPH & CO
2056402,"STEPHEN J. GARRY & ASSOCIATES, LLC"
2107267,Stephens Greth Foundation
1726808,"STEPHENS GROUP ASSET MANAGEMENT, LLC"
1427999,"Stephens Group, LLC"
757657,STEPHENS INC /AR/
1314440,Stephens Investment Management Group LLC
2001544,"Stephenson & Company, Inc."
1502287,StepStone Group LP
1329883,Sterling Capital Management LLC
1844278,"Sterling Financial Planning, Inc."
1852307,"Sterling Group Wealth Management, LLC"
1009198,STERLING INVESTMENT ADVISORS LLC /ADV
1701132,"Sterling Investment Advisors, Ltd."
1925853,"Sterling Investment Counsel, LLC"
1509873,"STERLING INVESTMENT MANAGEMENT, LLC"
1842015,"Sterling Manor Financial, LLC"
1943937,Sterling Wealth Advisors Inc
2011149,"Sterling Wealth Management, Inc."
1438574,"Sterneck Capital Management, LLC"
1134813,STEVENS CAPITAL MANAGEMENT LP
1965176,STEVENS CAPITAL PARTNERS
1723397,"Steward Partners Investment Advisory, LLC"
1733219,"Stewardship Advisors, LLC"
2105785,STEWARDSHIP CONCEPTS FINANCIAL SERVICES LLC
1388279,"Stieven Capital Advisors, L.P."
720672,STIFEL FINANCIAL CORP
1904832,Stiles Financial Services Inc
1482970,"Stillwater Capital Advisors, LLC"
1965218,Stillwater LLC
2063941,Stillwater Wealth Management Group
1397076,STILWELL VALUE LLC
1829271,"Stirlingshire Investments, Inc."
741073,STOCK YARDS BANK & TRUST CO
1505183,Stockbridge Partners LLC
1389400,"Stockman Wealth Management, Inc."
2043279,Stoic Point Capital Management LLC
1734460,"Stokes Capital Advisors, LLC"
1802278,"Stokes Family Office, LLC"
1808195,Stolper Co
2108989,"STOLZ & ASSOCIATES, PS"
1589943,"Stone House Capital Management, LLC"
1696497,"Stone House Investment Management, LLC"
2130930,STONE LOFT WEALTH MANAGEMENT LLC
1332638,STONE POINT CAPITAL LLC
2019841,Stone Ridge Holdings Group LP
1908192,Stone Summit Wealth LLC
1813454,Stone Wealth Partners
1367441,STONEBRIDGE ADVISORS LLC
1600035,Stonebridge Capital Advisors LLC
51812,STONEBRIDGE CAPITAL MANAGEMENT INC
2009367,"Stonebridge Financial Group, LLC"
2109198,"Stonebridge Financial Group, LLC / MO"
1802494,"Stonebridge Financial Planning Group, LLC"
2082460,"Stonebridge Wealth Management, LLC"
2008738,Stonebrook Private Inc.
2008409,"StoneCrest Wealth Management, Inc."
1877054,Stonegate Management LLC
1786379,Stonehage Fleming Financial Services Holdings Ltd
2056591,"STONEHAVEN WEALTH & TAX SOLUTIONS, LLC"
1550191,"Stonehearth Capital Management, LLC"
1266227,STONEHILL CAPITAL MANAGEMENT LLC
2032486,"Stonekeep Investments, LLC"
1440771,"Stonepine Capital Management, LLC"
1108831,STONERIDGE INVESTMENT PARTNERS LLC
913760,StoneX Group Inc.
1776023,Stony Point Capital LLC
1729093,"Stordahl Capital Management, Inc."
1685676,STOREBRAND ASSET MANAGEMENT AS
2116061,"Storen Legacy Partners, LLC"
2110835,"Storgate, LLC"
2079652,StoryOne LLC
1902506,Straight Path Wealth Management
1444864,STRAIGHTLINE GROUP LLC
1966210,Strait & Sound Wealth Management LLC
1946237,"Strata Wealth Advisors, LLC"
2052737,"Strategent Financial, LLC"
1569119,Strategic Advisors LLC
2114344,"STRATEGIC ADVISORY PARTNERS, LLC"
1991340,Strategic Advocates LLC
1767821,"Strategic Blueprint, LLC"
1843578,Strategic Equity Management
1729755,"Strategic Family Wealth Counselors, L.L.C."
1870686,"Strategic Financial Concepts, LLC"
2131286,"Strategic Financial Group, LLC"
2027921,"Strategic Financial Partners, Ltd."
1802277,"Strategic Financial Planning, Inc."
1432539,"Strategic Financial Services, Inc."
1580212,"Strategic Global Advisors, LLC"
1760540,Strategic Investment Advisors / MI
846633,"STRATEGIC INVESTMENT MANAGEMENT, LLC"
1960144,"Strategic Investment Solutions, Inc. /IL"
1875525,"STRATEGIC PLANNING GROUP, LLC"
1925220,"Strategic Planning, Inc."
1295044,"Strategic Point Investment Advisors, LLC"
1904067,STRATEGIC VALUE BANK PARTNERS LLC
1301912,"Strategic Value Partners, LLC"
2107449,Strategic Wealth Advisors LLC
1802365,"Strategic Wealth Investment Group, LLC"
1720777,"Strategic Wealth Partners, Ltd."
1976435,"Strategies Wealth Advisors, LLC"
1166716,STRATEGY ASSET MANAGERS LLC
1592413,Strategy Capital LLC
2021703,"Strathmore Capital Advisors, Inc."
1707206,"Stratos Investment Management, LLC"
1707202,"Stratos Wealth Advisors, LLC"
1612865,"Stratos Wealth Partners, LTD."
1921196,"Strengthening Families & Communities, LLC"
1625800,"Strid Group, LLC"
1954109,"Strive Asset Management, LLC"
2090040,"Strive Financial Group ,LLC"
2111795,Strong Retirement Solutions LLC
1889322,Strong Tower Advisory Services
1812155,"StrongBox Wealth, LLC"
2107257,Stronghold Wealth Management L.L.C.
820478,STRS OHIO
1910180,"STUART INVESTMENT ADVISORS, INC."
1893893,STUDIO INVESTMENT MANAGEMENT LLC
1904897,"Styrax Capital, LP"
1721780,Successful Portfolios LLC
2012673,"Sugar Maple Asset Management, LLC"
2077718,Sullivan Wood Capital Management LLC
2056727,"Sulzberger Capital Advisors, Inc."
937760,SUMITOMO LIFE INSURANCE CO
1411530,"Sumitomo Mitsui DS Asset Management Company, Ltd"
1022837,"SUMITOMO MITSUI FINANCIAL GROUP, INC."
1475365,"Sumitomo Mitsui Trust Group, Inc."
1954929,Summa Corp.
1604873,Summer Road LLC
1846436,"SummerHaven Investment Management, LLC"
2017598,Summerhill Capital Management lnc.
1509974,"Summit Asset Management, LLC"
1333709,Summit Creek Advisors LLC
2065794,Summit Financial Consulting LLC
1625246,"Summit Financial Strategies, Inc."
1632283,"Summit Financial Wealth Advisors, LLC"
1765536,"Summit Financial, LLC"
1697953,Summit Global Investments
1914395,"Summit Investment Advisory Services, LLC"
830588,SUMMIT PARTNERS L P
1638555,"SUMMIT PARTNERS PUBLIC ASSET MANAGEMENT, LLC"
1801413,"Summit Place Financial Advisors, LLC"
2132683,"Summit Portfolio Management, LTD."
1540951,"Summit Rock Advisors, LP"
1531593,SUMMIT SECURITIES GROUP LLC
1595533,"Summit Street Capital Management, LLC"
1698478,"Summit Trail Advisors, LLC"
1766995,"SUMMIT WEALTH & RETIREMENT PLANNING, INC."
2081278,SUMMIT WEALTH GROUP LLC / CO
1802865,"Summit Wealth Group, LLC"
2033312,"Summit Wealth Partners, LLC"
2134540,Summitas Investment Management LLC
2108283,SUMMITPOINT CAPITAL MANAGEMENT
1280043,SUMMITRY LLC
2052310,"SummitTX Capital, L.P."
2067342,Sun Financial Inc
2111007,Sun Group Wealth Partners
1097362,SUN LIFE FINANCIAL INC
2057278,"Sunbeam Capital Management, LLC"
1632932,"Sunbelt Securities, Inc."
1800158,"Sunburst Financial Group, LLC"
1315059,Suncoast Equity Management
1748269,"Sunesis Advisors, LLC"
1818759,"Sunflower Bank, N.A."
2012181,"Sunpointe, LLC"
2110891,"Sunrise Financial Services, LLC"
1663900,Sunriver Management LLC
2111996,"Sunstone Asset Management, L.P."
1931118,SUPERSTRING CAPITAL MANAGEMENT LP
1483065,Supplemental Annuity Collective Trust of NJ
1960830,SurgoCap Partners LP
1900195,SURIENCE PRIVATE WEALTH LLC
1444949,"SUSQUEHANNA ADVISORS GROUP, INC."
1879628,"Susquehanna Capital Management, LLC"
1446179,"SUSQUEHANNA FUNDAMENTAL INVESTMENTS, LLC"
1446194,"SUSQUEHANNA INTERNATIONAL GROUP, LLP"
1996449,"Susquehanna Portfolio Strategies, LLC"
1290668,"Sustainable Growth Advisers, LP"
1580677,"Sustainable Insight Capital Management, LLC"
1930301,SUTTON PLACE INVESTORS LLC
1569064,"SUVRETTA CAPITAL MANAGEMENT, LLC"
1626116,SVB WEALTH LLC
1643792,Svenska Handelsbanken AB (publ)
1838428,SVF Sponsor III (DE) LLC
2094004,"SVRN Asset Management, LLC"
1824821,SW Investment Management LLC
1952722,SWAN Capital LLC
1591505,"Swan Global Investments, LLC"
946431,Swedbank AB
1979556,"SWEENEY & MICHEL, LLC"
2065728,SWF LLC
1947503,"Swisher Financial Concepts, Inc."
1637689,Swiss Life Asset Management Ltd
1582202,Swiss National Bank
1519921,SWISS RE LTD
1805754,swisspartners Advisors Ltd
2055526,"SwitchPoint Financial Planning, LLC"
1839255,"SWMG, LLC"
2014200,SWP FINANCIAL LLC
1731731,SWS Partners
1811522,Sycale Advisors (NY) LLC
1632833,"SYCAMORE PARTNERS MANAGEMENT, L.P."
1728681,SYCOMORE ASSET MANAGEMENT
1988408,SYKON CAPITAL LLC
2003074,SYLEBRA CAPITAL LLC
2044121,"Sylvest Advisors, LLC"
764739,SYM FINANCIAL Corp
2006045,"SymBiosis Capital Partners, LLC"
1811513,Symetra Investment Management Co
1691919,Symmetry Investments LP
1697493,"Symmetry Partners, LLC"
1389234,SYMMETRY PEAK MANAGEMENT LLC
2031979,"Symphony Financial Services, Inc."
1800687,"Symphony Financial, Ltd. Co."
1725042,Syncona Portfolio Ltd
1699080,"Synergy Asset Management, LLC"
1905669,"Synergy Financial Group, LTD"
2053786,"Synergy Investment Management, LLC"
1999827,"SYNTAX RESEARCH, INC."
1964298,"Syntegra Private Wealth Group, LLC"
1999353,SYON CAPITAL LLC
1766392,SYQUANT CAPITAL SAS
1882691,"Systelligence, LLC"
1806755,"Systematic Alpha Investments, LLC"
1085936,SYSTEMATIC FINANCIAL MANAGEMENT LP
1818160,Systrade AG
1682057,Syverson Strege & Co
1897612,"T. Rowe Price Investment Management, Inc."
2052441,"T3 Companies, LLC"
2060663,TABLEAUX LLC
1834780,"Tabor Asset Management, LP"
1805603,"TABR Capital Management, LLC"
1846287,Tacita Capital Inc
1390113,Taconic Capital Advisors LP
2002409,"Tactive Advisors, LLC"
1903044,"TAGStone Capital, Inc."
1755911,Taikang Asset Management (Hong Kong) Co Ltd
2109222,"Tailwinds Wealth, LLC"
1652062,Tairen Capital Ltd
1254890,TAIYO LIFE INSURANCE CO
2026352,Talaria Asset Management Pty Ltd
1966180,"Talbot Financial, LLC"
1962685,Talisman Wealth Advisors LLC
1990467,"Talon Private Wealth, LLC"
2041062,Talos Eurisko Asset Management LP
1594591,TAM Capital Management Inc.
1703081,"Tamar Securities, LLC"
1892929,Tanager Wealth Management LLP
816788,TANAKA CAPITAL MANAGEMENT INC
873759,TANDEM CAPITAL MANAGEMENT CORP /ADV
2049157,"Tandem Financial, LLC"
1694284,"Tandem Investment Advisors, Inc."
2056333,Tandem Investment Partners LLC
1842557,Tandem Wealth Advisors LLC
2110449,TANDEMGROWTH FINANCIAL ADVISORS LLC
1232621,TANG CAPITAL MANAGEMENT LLC
1965616,"Tanglewood Legacy Advisors, LLC"
1454308,"Tanglewood Wealth Management, Inc."
2110834,Tannin Capital LLC
1802967,Tao Capital Management LP
2074098,Taproot Management LP
1599603,"Tarbox Family Office, Inc."
1758288,Targeted Financial Services LLC
1777371,"Tarsadia Capital, LLC"
1999208,"Tassel Capital Management, Inc."
1844266,"Taylor & Morgan Wealth Management, LLC"
2012516,"Taylor Financial Group, Inc."
1632665,Taylor Frigon Capital Management LLC
2042493,Taylor Hoffman Capital Management LLC
2115182,"Taylor Securities Services, Inc."
1483503,TB Alternative Assets Ltd.
2077092,TB Capital Gestao de Recursos Ltda.
1787125,"TBH Global Asset Management, LLC"
2121836,"TCFG Investment Advisors, LLC"
1548059,"TCFG WEALTH MANAGEMENT, LLC"
1930483,"TCG Capital Management, LP"
1839948,"TCG Crossover Management, LLC"
1647251,TCI FUND MANAGEMENT LTD
1583751,"TCI Wealth Advisors, Inc."
1911491,"TCM Advisors, LLC"
1961898,"TCP Asset Management, LLC"
1483870,"TCTC Holdings, LLC"
1135439,"TCV Trust & Wealth Management, Inc."
850401,TCW GROUP INC
1056053,TD Asset Management Inc
1483824,TD Capital Management LLC
1551017,TD PRIVATE CLIENT WEALTH LLC
1999606,TD Waterhouse Canada Inc.
1832237,Te Ahumairangi Investment Management Ltd
796848,TEACHER RETIREMENT SYSTEM OF TEXAS
315038,TEACHERS INSURANCE & ANNUITY ASSOCIATION OF AMERICA
714142,TEACHERS RETIREMENT SYSTEM OF THE STATE OF KENTUCKY
1164062,TEALWOOD ASSET MANAGEMENT INC
1845163,"Team Financial Group, LLC"
1964760,"Team Hewins, LLC"
1629931,"Teamwork Financial Advisors, LLC"
1910154,"Teca Partners, LP"
1698264,"Technology Crossover Management IX, Ltd."
1626282,"Technology Crossover Management VIII, Ltd."
1787727,"Technology Crossover Management X, Ltd."
1977402,"Technology Crossover Management XI, Ltd."
1859918,TECTONIC ADVISORS LLC
2033413,Ted Buchan & Co
1574886,"Teewinot Capital Advisers, L.L.C."
1531879,Teilinger Capital Ltd.
1879713,Tejara Capital Ltd
1558971,"Tekne Capital Management, LLC"
1420816,"Telemark Asset Management, LLC"
1470723,"Telligent Fund, LP"
1567889,"Telos Capital Management, Inc."
2056807,Tema ETFs LLC
1021944,Temasek Holdings (Private) Ltd
1961304,"Templeton & Phillips Capital Management, LLC"
2112005,"Tempo Wealth, LLC"
1806428,"Tempus Wealth Planning, LLC"
2107751,"Tencap Wealth Coaching, LLC"
1755784,"TenCore Partners, LP"
1849517,Tenere Capital LLC
1826790,Tennessee Valley Asset Management Partners
2020781,Tenon Financial LLC
1346554,"TENOR CAPITAL MANAGEMENT Co., L.P."
1874146,Tenret Co LLC
1598843,Tensile Capital Management LP
2096531,"Tensor Edge Capital, LLC"
2111360,Tenzing Financial LLC
1624095,"Tenzing Global Management, LLC"
2055925,"Tepp RIA, LLC"
1904821,"Teramo Advisors, LLC"
1658652,Terra Nova Asset Management LLC
314169,"Terril Brothers, Inc."
2086025,"Teton Advisors, LLC"
883597,TETRAD CORP
1515070,Tetragon Partners GP Ltd
2055352,"Teucrium Investment Advisors, LLC"
1940416,Tevis Investment Management
2056556,Texas Bank & Trust Co
1802655,Texas Capital Bank Wealth Management Services Inc
1698632,Texas County & District Retirement System
1223779,TEXAS PERMANENT SCHOOL FUND CORP
1176347,TEXAS TREASURY SAFEKEEPING TRUST CO
1332342,Texas Yale Capital Corp.
1655789,Teza Capital Management LLC
1965201,TFB Advisors LLC
1827844,"TFC Financial Management, Inc."
2056069,"TFJ Management, LLC"
1698750,"TFO Wealth Partners, LLC"
2059325,"TFR Capital, LLC."
1714267,THAMES CAPITAL MANAGEMENT LLC
2100981,"Thayer Financial, L.L.C."
2010185,"Thayer Partners, LLC / MA"
1511881,Theleme Partners LLP
2107564,Themes Management Co LLC
1899158,THEORY FINANCIAL LLC
1562087,Thiel Macro LLC
1635999,Think Investments LP
1099281,THIRD AVENUE MANAGEMENT LLC
1040273,Third Point LLC
2083406,"Third View Private Wealth, LLC"
1450701,"THOMA BRAVO, L.P."
2060298,Thoma Capital Management LLC
1509510,"Thomas J. Herzfeld Advisors, Inc."
1505207,THOMAS STORY & SON LLC
1767809,"Thomist Capital Management, LP"
1017284,"THOMPSON DAVIS & CO., INC."
1277279,"THOMPSON INVESTMENT MANAGEMENT, INC."
1008322,THOMPSON SIEGEL & WALMSLEY LLC
2057073,"THOR TRADING ADVISORS, LLC"
1145020,THORNBURG INVESTMENT MANAGEMENT INC
1688511,ThornTree Capital Partners LP
1091370,"THOROUGHBRED FINANCIAL SERVICES, LLC"
1814104,"THREADGILL FINANCIAL, LLC"
2109462,Three Arch Wealth Management LLC
1950962,"Three Bridge Wealth Advisors, LLC"
2056001,"Three Cord True Wealth Management, LLC"
2056795,"Three Magnolias Financial Advisors, LLC"
2044495,"Three Seasons Wealth, LLC"
1765681,"Thrive Capital Management, LLC"
1845943,"Thrive Capital Management, LLC"
1847610,"Thrive Wealth Management, LLC"
314984,Thrivent Financial for Lutherans
2113283,THRYVE WEALTH MANAGEMENT LLC
319933,"THURSTON, SPRINGER, MILLER, HERD & TITAK, INC."
1802284,"TI-TRUST, INC"
1997405,"TIAA TRUST, NATIONAL ASSOCIATION"
2124867,TIAA Wealth Investment Management LLC
882928,"TIAA-CREF INDIVIDUAL & INSTITUTIONAL SERVICES, LLC"
2105416,TICINO WEALTH
1600064,Tidal Investments LLC
2029464,Tide Cove Capital Partners LLC
2009591,"Tidemark, LLC"
1575151,"TIEMANN INVESTMENT ADVISORS, LLC"
1381954,"Tieton Capital Management, LLC"
1271347,"TIFF ADVISORY SERVICES, LLC"
1358253,"TIG Advisors, LLC"
1167483,TIGER GLOBAL MANAGEMENT LLC
1664492,Tiger Pacific Capital LP
2052586,"TigerOak Management, L.L.C."
1606477,Tikvah Management LLC
1910210,"TILIA FIDUCIARY PARTNERS, INC."
1663649,"Tiller Private Wealth, Inc."
1966355,Tillman Hartley LLC
1964820,"Tilson Financial Group, Inc."
1510848,Timber Creek Capital Management LLC
1851296,Timelo Investment Management Inc.
1313816,"TimesSquare Capital Management, LLC"
2110045,"Timmons Wealth Management, LLC"
1034541,TIMUCUAN ASSET MANAGEMENT INC/FL
1455452,"Tiptree Advisors, LLC"
1845930,TITAN GLOBAL CAPITAL MANAGEMENT USA LLC
2112547,Titan Investment Management LLC
2103356,Titan Investment Solutions Ltd
2109452,Titan Wealth (CI) Ltd
2118914,Titiun Yejiel
1977759,"TITLEIST ASSET MANAGEMENT, LLC"
1843275,"TKG Advisors, LLC"
1802868,TL Private Wealth
1768824,TLS Advisors LLC
2081869,TLT Family Holdco ULC
1767217,"TLW Wealth Management, LLC"
1732537,TLWM
2111931,"TMB Capital Partners, LLC"
2056230,"TME FINANCIAL, INC."
1847582,TMT General Partner Ltd
1527488,TOBAM
1802080,"TOBIAS FINANCIAL ADVISORS, INC."
883961,TOCQUEVILLE ASSET MANAGEMENT L.P.
1071483,TODD ASSET MANAGEMENT LLC
932000,TOEWS CORP /ADV
1504169,TOKIO MARINE ASSET MANAGEMENT CO LTD
1005817,TOMPKINS FINANCIAL CORP
1743937,TOMS Capital Investment Management LP
1880087,"Topel & Distasi Wealth Management, LLC"
1792549,"Topline Capital Management, LLC"
2113285,Topor & Co. Korea
2056627,"Topsail Wealth Management, LLC"
2109367,"TopTier Wealth Management, LLC"
1974312,"TORNO CAPITAL, LLC"
1749611,"Toronado Partners, LLC"
947263,TORONTO DOMINION BANK
2011256,Torque Asset Management LLC
98758,Torray Investment Partners LLC
2096203,"Torren Management, LLC"
2087822,Torrey Growth & Income Advisors
2112151,"Torrey-Payne Wealth Management, LLC"
1280965,"TORTOISE CAPITAL ADVISORS, L.L.C."
1599511,"Tortoise Investment Management, LLC"
2118051,"Tortuga Wealth Management, Inc"
1804909,"Total Clarity Wealth Management, Inc."
1068804,TOTAL INVESTMENT MANAGEMENT INC
2058383,"Total Wealth Planning & Management, Inc."
1759364,"Totem Point Management, LLC"
866780,TOTH FINANCIAL ADVISORY CORP
2039850,"TOUNJIAN ADVISORY PARTNERS, LLC"
2054965,Towarzystwo Funduszy Inwestycyjnych Allianz Polska S.A.
2071170,TOWARZYSTWO FUNDUSZY INWESTYCYJNYCH PZU SA
1278249,TOWER BRIDGE ADVISORS
1533421,Tower Research Capital LLC (TRC)
2067591,TOWER TRUST & INVESTMENT Co
1729045,Tower View Wealth Management LLC
1852808,"Tower Wealth Partners, Inc."
1633288,Towercrest Capital Management
1731445,"Towerpoint Wealth, LLC"
1166573,TOWERVIEW LLC
1224014,TOWLE & CO
1327944,Town & Country Bank & Trust CO dba First Bankers Trust CO
2019534,TOWN LANE MANAGEMENT LP
1102256,"Towne Trust Company, N.A"
2004980,"Towneley Capital Management, Inc / DE"
1729359,"Townsend & Associates, Inc"
709089,TOWNSEND ASSET MANAGEMENT CORP /NC/ /ADV
2110688,"Townsend Financial Planning, LLC"
1761755,TOWNSQUARE CAPITAL LLC
1094517,TOYOTA MOTOR CORP/
2033388,TPG Advisors LLC
1706669,"TPG Financial Advisors, LLC"
1903793,"TPG GP A, LLC"
2055838,"Trace Wealth Advisors, LLC"
2007748,"Traction Financial Partners, LLC"
1642044,TradeLink Capital LLC
2011736,"Trademark Financial Management, LLC"
2066232,"TradeWell Securities, LLC."
1616026,"Tradewinds Capital Management, LLC"
1932342,"Tradewinds, LLC."
1843010,"Tradition Wealth Management, LLC"
1911013,"Trail Ridge Investment Advisors, LLC"
2109534,Trailhead Planners LLC
2077247,"Trails Edge Capital Partners, LP"
1934415,Trajan Wealth LLC
1009262,"TRAN CAPITAL MANAGEMENT, L.P."
1783773,"Tranquility Partners, LLC"
1847769,Tranquilli Financial Advisor LLC
1896476,Trans-Canada Capital Inc.
1502149,"Transamerica Financial Advisors, LLC"
2023570,"Transce3nd, LLC"
1776082,"TRANSCEND CAPITAL ADVISORS, LLC"
2013703,Transcendent Capital Group LLC
2134828,Transmarket Holdings LP
2023380,TRAPHAGEN INVESTMENT ADVISORS LLC
2109050,Trask Adam Roland
2079207,Traub Capital Management LLC
2009176,"Traveka Wealth, LLC"
86312,"TRAVELERS COMPANIES, INC."
1666786,"Traynor Capital Management, Inc."
1513300,TRB Advisors LP
2130988,"TRB Wealth Management, LLC"
1911307,Treasure Coast Financial Planning
1761054,Treasurer of the State of North Carolina
2094435,"TRED AVON FAMILY WEALTH, LLC"
1650290,Tredje AP-fonden
1535096,Tree Line Advisors (Hong Kong) Ltd.
1768195,"Trek Financial, LLC"
1989031,Trellis Wealth Advisors LLC
1353312,TREMBLANT CAPITAL GROUP
1901929,Trevian Wealth Management LLC
1633445,Trexquant Investment LP
1826434,Tri Locum Partners LP
1615717,Triad Investment Management
2012717,"Triad Wealth Partners, LLC"
1843848,TriaGen Wealth Management LLC
1345471,"TRIAN FUND MANAGEMENT, L.P."
1541353,Triangle Securities Wealth Management
1938757,Triasima Portfolio Management inc.
2014039,Triata Capital Ltd
2011325,Triavera Capital LLC
2083677,Tribridge Partners Financial LLC
2000730,Tribune Investment Group LP
1441888,"Tributary Capital Management, LLC"
1962615,"Trifecta Capital Advisors, LLC"
2056690,"TRIGLAV INVESTMENTS, D.O.O."
1336800,"Trigran Investments, Inc."
884541,"TRILLIUM ASSET MANAGEMENT, LLC"
1722512,Trilogy Capital Inc.
1809574,Trinity Financial Advisors LLC
1652529,"Trinity Legacy Partners, LLC"
1592579,Trinity Street Asset Management LLP
1685364,"Trinity Wealth Management, LLC"
1718570,TrinityBridge Ltd
1748729,Triodos Investment Management BV
1454502,Triple Frond Partners LLC
2079812,"Tripletail Wealth Management, LLC"
1811805,Triton Financial Group Inc
1791126,"Triton Wealth Management, PLLC"
2111167,"TritonPoint Partners, LLC"
2008171,"TRITONPOINT WEALTH, LLC"
1963860,Trium Capital LLP
1730765,Triumph Capital Management
2040393,"Triune Financial Partners, LLC"
1977992,"Trivant Custom Portfolio Group, LLC"
2062730,Triveni Capital Investments LP
1555623,Trivest Advisors Ltd
1766564,"Trivium Point Advisory, LLC"
1910321,Troluce Capital Advisors LLC
2110807,"Troutman Wealth Management, LLC"
1601407,Troy Asset Management Ltd
1849497,"TRU INDEPENDENCE ASSET MANAGEMENT 2, LLC"
1785445,tru Independence LLC
2011315,True Blue (BVI) Ltd
2010212,"True Blue Financial, LLC"
2107386,True Light Capital Pte. Ltd.
1846236,"True Link Financial Advisors, LLC"
1634556,"True North Advisors, LLC"
1667074,TRUE Private Wealth Advisors
2013460,True Vision MN LLC
1966033,"True Wealth Design, LLC"
1824827,"True Wind Capital Management, L.P."
2005380,"Trueblood Wealth Management, LLC"
1766067,"TRUEFG, LLC"
1974457,"TrueMark Investments, LLC"
1427748,"Truepoint, Inc."
1817714,"TrueWealth Advisors, LLC"
1908108,TrueWealth Financial Partners
1595862,"Truffle Hound Capital, LLC"
92230,TRUIST FINANCIAL CORP
1639695,"TruNorth Capital Management, LLC"
2108201,"truNorth Financial Services, Inc."
1608376,Trust Asset Management LLC
1632554,Trust Co
1803988,Trust Co of Kansas
1083323,TRUST CO OF OKLAHOMA
2025098,Trust Co of Tennessee
2008165,Trust Co of the South
1008937,TRUST CO OF TOLEDO NA /OH/
1597690,Trust Investment Advisors
1635633,TRUST POINT INC.
2107256,TrustBank
357301,TRUSTCO BANK CORP N Y
1420995,Trustees of Columbia University in the City of New York
1599404,Trustees of Dartmouth College
351083,TRUSTEES OF THE UNIVERSITY OF PENNSYLVANIA
861176,TRUSTMARK BANK TRUST DEPARTMENT
2133429,"TrustWell Financial Advisors, LLC"
1750405,Truvestments Capital LLC
1834985,"TruWealth Advisors, LLC"
1721168,Truxt Investmentos Ltda.
1688325,"TRV GP IV, LLC"
1990717,"TRV GP V, LLC"
1990716,"TRV GP VI, LLC"
1807902,Trybe Capital Management LP
1963669,TSA Wealth Managment LLC
1574850,Tsai Capital Corp
1800513,"TSFG, LLC"
2111347,"TSG Advice Partners, LLC"
1910156,TSG Consumer Partners LP
1317208,"TSP Capital Management Group, LLC"
2056338,TT Capital Management LLC
1809187,TT International Asset Management LTD
1682576,"TTP Investments, Inc."
2045307,Tudor Financial Inc.
923093,TUDOR INVESTMENT CORP ET AL
1055963,Tufton Capital Management
1769060,"Tull Financial Group, Inc."
2114442,"Tulsa Wealth Advisors, INC"
2034579,"Tumwater Wealth Management, LLC"
2077058,Turas Capital Management LP
1652174,Turim 21 Investimentos Ltda.
1554179,Turiya Advisors Asia Ltd
2070026,Turn8 Private Wealth Inc.
2106280,"Turner Capital Investments, LLC"
2008513,"Turning Point Benefit Group, Inc."
1484148,TURTLE CREEK ASSET MANAGEMENT INC.
2007171,"Turtle Creek Wealth Advisors, LLC"
1581641,"Tuttle Capital Management, LLC"
1290448,TVL MANAGEMENT CORP
732905,"Tweedy, Browne Co LLC"
1411268,"Twele Capital Management, Inc."
1877090,Twelve Points Wealth Management LLC
1059187,TWIN CAPITAL MANAGEMENT INC
2109366,Twin Cities Retirement Group LLC
2021982,"TWIN CITY PRIVATE WEALTH, LLC"
1387761,"TWIN FOCUS CAPITAL PARTNERS, LLC"
1847794,"Twin Lakes Capital Management, LLC"
2055318,Twin Lions Management LLC
2006218,"TWIN PEAKS WEALTH ADVISORS, LLC"
1351351,"Twin Securities, Inc."
1535588,"Twin Tree Management, LP"
1769646,TWINBEECH CAPITAL LP
1606430,"Two Creeks Capital Management, LP"
1962382,"Two Point Capital Management, Inc."
1823138,Two Seas Capital LP
1478735,"TWO SIGMA ADVISERS, LP"
1179392,"TWO SIGMA INVESTMENTS, LP"
1450144,"TWO SIGMA SECURITIES, LLC"
2026617,Two West Capital Advisors LLC
2004818,Tyche Wealth Partners LLC
1219314,TYNDALL CAPITAL PARTNERS L P
1915395,Tyro Capital Management LLC
754811,U S GLOBAL INVESTORS INC
1554427,"U S WEALTH GROUP, LLC."
1808915,"U.S. Capital Wealth Advisors, LLC"
1543151,"Uber Technologies, Inc"
861177,"UBS AM, a distinct business unit of UBS ASSET MANAGEMENT AMERICAS LLC"
1610520,UBS Group AG
1735775,UCLA Foundation
1907240,"UDINE WEALTH MANAGEMENT, INC."
1697814,UG Investment Advisers Ltd.
1035344,"UHLMANN PRICE SECURITIES, LLC"
1911497,"Ulland Investment Advisors, LLC"
1697725,"Ullmann Wealth Partners Group, LLC"
1510912,Ulysses Management LLC
933429,"UMB Bank, n.a."
1911286,"UNC Management Company, Inc."
1729754,Uncommon Cents Investing LLC
1910387,"Unconventional Investor, LLC"
1541197,Unicom Capital LLC
1996154,"UNICOM Systems, Inc."
2054855,Unified Investment Management
2126814,Unify Financial Advisors
1730565,UNIO CAPITAL LLC
1716607,"Union Bancaire Privee, UBP SA"
1862428,"Union Heritage Capital, LLC"
1985855,UNION SAVINGS BANK
1666231,"Union Square Park Capital Management, LLC"
1520710,"Uniplan Investment Counsel, Inc."
1957124,"UNIQUE WEALTH, LLC"
1695818,Unison Advisors LLC
1840755,Unison Asset Management LLC
2012090,Unisphere Establishment
1989400,UniSuper Management Pty Ltd
2004873,"United Advisor Group, LLC"
100517,"United Airlines Holdings, Inc."
1349353,United American Securities Inc. (d/b/a UAS Asset Management)
1539948,"United Asset Strategies, Inc."
1286478,UNITED BANK
1697791,United Bank
1463217,"UNITED CAPITAL FINANCIAL ADVISORS, LLC"
1753219,"United Capital Management of KS, Inc."
2000314,United Community Bank
2088337,United Financial Planning Group LLC
1021249,UNITED SERVICES AUTOMOBILE ASSOCIATION
1730896,United Super Pty Ltd in its capacity as Trustee for the Construction & Building Unions Superannuation Fund
2055362,"United Wealth Management, LLC"
2056414,"Uniting Wealth Partners, LLC"
2057170,Universal- Beteiligungs- und Servicegesellschaft mbH
2103357,University of Cambridge Investment Management Ltd
314957,UNIVERSITY OF CHICAGO
1994249,University of Illinois Foundation
1624050,"University of Maryland Foundation, Inc."
1802874,"University of Massachusetts Foundation, Inc."
1896071,University of Pittsburgh - Of the Commonwealth System of Higher Education
1019231,UNIVERSITY OF TEXAS/TEXAS AM INVESTMENT MANAGEMENT CO
1697228,University of Wisconsin Foundation
102212,UNIVEST FINANCIAL Corp
1808696,UNTITLED INVESTMENTS LP
2117787,"Up Capital Management, Inc."
2011649,UP STRATEGIC WEALTH INVESTMENT ADVISORS LLC
1911228,"Upper Left Wealth Management, LLC"
2005353,"UPTICK PARTNERS, LLC"
2066147,Uptown Financial Advisors LLC
2005378,Urban Financial Advisory Corp
1845521,"Urban Wealth Management, LLC"
2111352,URS Advisory LLC
1693838,"Ursa Fund Management, LLC"
36104,US BANCORP \DE\
1633716,USA FINANCIAL FORMULAS
1735605,"USAdvisors Wealth Management, LLC"
1633971,USCF Advisers LLC
1587381,USS Investment Management Ltd
1548392,Utah Retirement Systems
1943239,V-Square Quantitative Management LLC
2022843,V2 Financial group LLC
1887845,V3 Holding Ltd
1943819,Valence8 US LP
1722641,"Valeo Financial Advisors, LLC"
1452689,"Valiant Capital Management, L.P."
1080201,VALICENTI ADVISORY SERVICES INC
1401388,"VALINOR MANAGEMENT, L.P."
1851418,"Valley Brook Capital Group, Inc."
2010327,"Valley Financial Group, Inc."
1697868,"Valley Forge Capital Management, LP"
920655,VALLEY FORGE INVESTMENT CONSULTANTS INC ADV
773411,VALLEY NATIONAL ADVISERS INC
924166,"VALLEY WEALTH MANAGERS, INC."
1846639,Valliance Asset Management Ltd
1380443,"Valmark Advisers, Inc."
1846237,Valor Management LLC
2077991,"Valpey Financial Services, LLC"
1761450,Valtinson Bruner Financial Planning LLC
2072223,"Valtrion Capital Management, LLC"
1963565,"Value Aligned Research Advisors, LLC"
1992355,Value Base Ltd.
1695658,VALUE HOLDINGS MANAGEMENT CO. LLC
2110205,"Value Investment Professionals, LLC"
1800916,Value Partners Investments Inc.
1418814,"ValueAct Holdings, L.P."
2044874,"Valued Retirements, Inc."
2007175,Valued Wealth Advisors LLC
1973921,Values Added Financial LLC
1913608,"Values First Advisors, Inc."
1282189,VALUEWORKS LLC
1524408,Van Berkom & Associates Inc.
1482935,"Van Cleef Asset Management,Inc"
1142062,"VAN DEN BERG MANAGEMENT I, INC"
2111825,"Van Diest Capital, LLC"
869178,VAN ECK ASSOCIATES CORP
1600145,"Van Hulzen Asset Management, LLC"
1367401,VAN LANSCHOT KEMPEN INVESTMENT MANAGEMENT N.V.
1080173,VAN STRUM & TOWNE INC.
1910854,"VANCE WEALTH, LLC"
1846311,Vancity Investment Management Ltd
1825985,Vanderbilt University
947529,VANGUARD ADVISERS INC
1680208,"VANGUARD ASSET MANAGEMENT, Ltd"
2100119,VANGUARD CAPITAL MANAGEMENT LLC
1730578,Vanguard Capital Wealth Advisors
933478,VANGUARD FIDUCIARY TRUST CO
1811242,"Vanguard Global Advisers, LLC"
1550100,"Vanguard Investments Australia, Ltd."
217448,VANGUARD MARKETING CORPORATION
1984256,Vanguard National Trust Co
1767306,"Vanguard Personalized Indexing Management, LLC"
2100121,VANGUARD PORTFOLIO MANAGEMENT LLC
2018412,Vann Equity Management LLC
2011808,"Vannoy Advisory Group, Inc."
1534561,"Vantage Investment Partners, LLC"
2048892,Vantage Point Financial LLC
1087912,VANTAGEPOINT INVESTMENT ADVISERS LLC
1740451,"VanWeelden Wealth Management, LLC"
2078837,VARCOV Co.
1559130,"Varde Management, L.P."
1902567,Varenne Capital Partners
2054798,"Variant Private Wealth, LLC"
1698484,Varma Mutual Pension Insurance Co
805870,"VAUGHAN & Co SECURITIES, INC."
1063571,VAUGHAN DAVID INVESTMENTS LLC/IL
1021642,"VAUGHAN NELSON INVESTMENT MANAGEMENT, L.P."
2106605,"Vavra Capital Management, LLC"
1974403,"Vawter Financial, Ltd."
1716476,Vazirani Asset Management LLC
2009388,VCI Wealth Management LLC
1673588,VCU Investment Management Co
1750557,"Vectors Research Management, LLC"
1844375,"Veery Capital, LLC"
2056914,VEGA INVESTMENT SOLUTIONS
1895612,"VELA Investment Management, LLC"
1848809,Velan Capital Investment Management LP
1941369,Veltria Advisors Corp.
1838211,Venator Management LLC
1776382,venBio Partners LLC
2013462,"Vennlight Capital Management, LP"
1615982,"Venrock Adviser, LLC"
740260,"Ventas, Inc."
1792283,Venture Visionary Partners LLC
1666363,"Venturi Wealth Management, LLC"
1767297,"VeraBank, N.A."
1811005,Veracity Capital LLC
1772351,Veradace Capital Management LLC
2082932,Verbena Value LP
1812822,"Verdad Advisers, LP"
1802891,Verde Capital Management
1629290,Verde Servicos Internacionais S.A.
1719305,Verdence Capital Advisors LLC
1627417,Verger Capital Management LLC
1912300,Vericrest Private Wealth
2052405,Veridan Wealth LLC
2016904,"Verisail Partners, LLC"
1541448,Veritas Asset Management LLP
1454027,Verition Fund Management LLC
1542108,"Verity & Verity, LLC"
1597298,"Verity Asset Management, Inc."
1763138,VERITY Wealth Advisors
1862443,"Vermillion & White Wealth Management Group, LLC"
1737012,"Vermillion Wealth Management, Inc."
1820363,"Vernal Point Advisors, LLC"
1735057,"Versant Capital Management, Inc"
1560009,"Versant Venture Management, LLC"
1650301,Versor Investments LP
1904664,Vert Asset Management LLC
2092214,"Vertex Investment Solutions Co., Ltd."
1942341,"Vertex Planning Partners, LLC"
2118328,"Vertrix Wealth Management, LLC"
1958984,Verum Partners LLC
1796874,"VERUS CAPITAL PARTNERS, LLC"
1481714,"Verus Financial Partners, Inc."
2042938,"VERUS WEALTH MANAGEMENT, LLC"
1810554,Vesa Equity Investment S.a r.l.
1910342,"Vesey Street Capital Partners, L.L.C."
1709632,"Vest Financial, LLC"
1974915,"Vestal Point Capital, LP"
1536925,Vestcor Inc
2044679,"Vested Financial Planning, LLC"
2050130,"VestGen Advisors, LLC"
1511739,VestGen Investment Management
2033299,VESTIA PERSONAL WEALTH ADVISORS
1736982,"Vestmark Advisory Solutions, Inc."
2056705,Vestment Financial LLC
1132699,"VESTOR CAPITAL, LLC"
2081474,"Vestwell Advisors, LLC"
1965401,"VIAWEALTH, LLC"
1898296,"Vickerman Investment Advisors, Inc."
1040188,VICTORY CAPITAL MANAGEMENT INC
2011333,"VICTORY FINANCIAL GROUP, LLC"
2055229,Victrix Investment Advisors
1544806,VICUS CAPITAL
1744347,"Vident Advisory, LLC"
1913545,Vienna Asset Management LLC
2033881,Vienna Powszechne Towarzystwo Emerytalne S.A. Vienna Insurance Group
1906223,Viewpoint Capital Management LLC
1767457,VIEWPOINT INVESTMENT PARTNERS CORP
2107625,"Vigil Wealth Management, LLC"
1730889,Vigilare Wealth Management
1169069,VIKING FUND MANAGEMENT LLC
1103804,VIKING GLOBAL INVESTORS LP
1872130,Villanova Investment Management Co LLC
1113629,VILLERE ST DENIS J & CO LLC
2110678,"Vines Capital Management, LLC"
1944332,Vinland Capital Management Gestora de Recursos LTDA.
1968109,Vinva Investment Management Ltd
1965208,Viola Ventures V.C. Management 4 Ltd.
1326766,"Violich Capital Management, Inc."
2115327,Virginia Estate & Retirement Planning Advisors Inc.
1898282,"VIRGINIA WEALTH MANAGEMENT GROUP, INC."
1533964,Virtu Financial LLC
2094533,VIRTUE ASSET MANAGEMENT LLC
1729985,"Virtue Capital Management, LLC"
1587281,"VIRTUS ADVISERS, LLC"
1913482,Virtus Family Office LLC
2079921,"Virtus Fixed Income Advisers, LLC"
19481,"Virtus Investment Advisers, LLC"
2045870,Virtus Wealth Solutions LLC
1709478,VISA FOUNDATION
1812090,"Vise Technologies, Inc."
1764403,Vision Capital Corp
1417889,"Vision Capital Management, Inc."
1378145,VISION FINANCIAL MARKETS LLC
1979969,"Vision One Management Partners, LP"
2069023,"Vision Retirement, LLC"
2003615,"Visionary Horizons, LLC"
1802984,Visionary Wealth Advisors
1486946,"VISTA CAPITAL PARTNERS, INC."
2055907,Vista Cima Wealth Management LLC
1569532,"VISTA EQUITY PARTNERS MANAGEMENT, LLC"
1893809,"VISTA FINANCE, LLC"
1740140,VISTA INVESTMENT MANAGEMENT
2035219,"VISTA INVESTMENT PARTNERS II, LLC"
2023386,VISTA INVESTMENT PARTNERS LLC
2109247,"Vistica Wealth Advisors, LLC"
1994625,Visualize Group LP
1546531,Vitol Holding B.V.
1692590,Vitruvian Partners LLP
1682021,Vivaldi Capital Management LP
2007281,"Vivid Wealth Management, LLC"
1674712,"Vivo Capital, LLC"
1501927,"VK Services, LLC"
2107719,VMS Asset Management Limited
1855428,Vodafone Ventures Ltd
2011215,"VOISARD ASSET MANAGEMENT GROUP, INC."
1479847,Voleon Capital Management LP
1556921,"VOLORIDGE INVESTMENT MANAGEMENT, LLC"
1833567,Volterra Technologies LP
2041065,"von Borstel & Associates, Inc."
1588340,Vontobel Holding Ltd.
1802614,"VORPAL, LLC"
1730145,"Voss Capital, LP"
1424367,"Voya Financial Advisors, Inc."
1068837,VOYA INVESTMENT MANAGEMENT LLC
1849753,Voyager Global Management LP
1894203,VPR Management LLC
1348145,VR Advisory Services Ltd
2050660,"VSM Wealth Advisory, LLC"
2111369,"VUB Generali dochodkova spravcovska spolocnost, a.s."
1556785,"Vulcan Value Partners, LLC"
2070884,VVR Holdings LLC
1929907,"W ADVISORS, LLC"
1577001,W.G. Shaheen & Associates DBA Whitney & Co
1940823,W.H. Cornerstone Investments Inc.
1776757,"WADDELL & ASSOCIATES, LLC"
920440,WAFRA INC.
2109867,"Wagner Wealth Management, Corp"
1728657,"Wagner Wealth Management, LLC"
1763146,Wahed Invest LLC
1600435,Wakefield Asset Management LLLP
1598180,Waldron Private Wealth LLC
1923053,"Walker Asset Management, LLC"
1965479,"Walker Financial Services, Inc."
1817494,Walkner Condon Financial Advisors LLC
1699803,"Wall Capital Group, Inc."
2019337,"Wall Street Financial Group, Inc."
1932645,"Wallace Advisory Group, LLC"
1459754,Wallace Capital Management Inc.
2018963,Wallace Hart LLC
1812177,"WALLED LAKE PLANNING & WEALTH MANAGEMENT, LLC"
1736079,"WALLER FINANCIAL PLANNING GROUP, INC"
1758720,Walleye Capital LLC
2068376,"Walleye Partners, LLC"
1388391,Walleye Trading LLC
1426754,"Wallington Asset Management, LLC"
104169,Walmart Inc.
1803088,Walnut Level Capital LLC
1599275,"WALNUT PRIVATE EQUITY PARTNERS, LLC"
2112280,"Walser Wealth Management Company, A Ltd Liability Co"
2135144,"Walsh & Associates, LLC"
2110046,"Walsky Investment Management, Inc."
752365,WALTER & KEENAN WEALTH MANAGEMENT LLC /IN/ /ADV
1925251,Walter Public Investments Inc.
1539919,Waratah Capital Advisors Ltd.
1597506,Warberg Asset Management LLC
1162870,WARBURG PINCUS LLC
2054795,"Warburton Capital Management, LLC"
2057078,Warm Springs Advisors Inc.
1927175,"WARNER FINANCIAL, INC"
2073617,Warner Group LLC
1703496,"Warren Street Wealth Advisors, LLC"
1954551,"Warther Private Wealth, LLC"
1931041,"Warwick Investment Management, Inc."
814133,WASATCH ADVISORS LP
1793923,"WASHBURN CAPITAL MANAGEMENT, INC."
928566,"WASHINGTON CAPITAL MANAGEMENT, INC"
2044575,WASHINGTON GROWTH STRATEGIES LLC
943712,WASHINGTON STATE INVESTMENT BOARD
1900099,"Washington Trust Advisors, Inc."
861787,Washington Trust Bank
1079736,WASHINGTON TRUST Co
903603,WASHINGTON UNIVERSITY
1751492,"Wasserstein Management, L.P."
1748726,"Watchman Group, Inc."
1807092,"Watchtower Advisors, LP"
1222765,WATER ISLAND CAPITAL LLC
1570717,"WATERFALL ASSET MANAGEMENT, LLC"
1960657,"Waterford Advisors, LLC"
1595077,"Waterfront Capital Partners, LLC"
1775210,Waterfront Wealth Inc.
1730942,"Waterloo Capital, L.P."
1222993,"WATERS PARKERSON & CO., LLC"
1315926,"Watershed Asset Management, L.L.C."
1965271,WATERSHED PRIVATE WEALTH LLC
1992193,"Waterway Wealth Management, LLC"
1568787,"Waverly Advisors, LLC"
1922448,Waycross Investment Management Co
1844873,"WAYCROSS PARTNERS, LLC"
1898131,"Wayfinding Financial, LLC"
1807909,waypoint wealth counsel
2055997,WAYSTONE ADVISORS LLC
1259671,WBH ADVISORY INC
1397424,"WBI INVESTMENTS, LLC"
1855713,WCG Wealth Advisors LLC
1061186,"WCM INVESTMENT MANAGEMENT, LLC"
1841015,WD RUTHERFORD LLC
2051763,WD Thunder CV Ultimate GP LLC
2053892,Wealth Advisors Northwest LLC
1803005,"Wealth Advisors of Iowa, LLC"
1715228,"Wealth Advisors of Tampa Bay, LLC"
1834802,"Wealth Advisory Solutions, LLC"
1735734,"Wealth Alliance Advisory Group, LLC"
1793904,"WEALTH ALLIANCE, LLC"
2110717,"Wealth Analytics Partners, LLC"
1611518,"Wealth Architects, LLC"
2120450,Wealth Care LLC
1846462,"Wealth Dimensions Group, Ltd."
1907254,WEALTH EFFECTS LLC
1632972,"WEALTH ENHANCEMENT ADVISORY SERVICES, LLC"
2067696,"Wealth Enhancement Trust Services, Inc."
2012773,"Wealth Forward, LLC"
2010748,Wealth Group Ltd
2013988,"Wealth Group, Ltd."
2112078,"Wealth Intelligence, LLC"
2067339,"Wealth Management Associates, Inc."
2042783,Wealth Management Nebraska
1843294,"Wealth Management Partners, LLC"
1063516,"WEALTH MANAGEMENT RESOURCES, INC."
2057285,"Wealth Management Strategies, Inc."
1968434,"Wealth Preservation Advisors, LLC"
1803386,Wealth Quarterback LLC
2083087,Wealth Science Advisors LLC
2040515,"Wealth Watch Advisors, INC"
1767313,"WealthBridge Capital Management, LLC"
1799425,WealthBridge Investment Counsel Inc.
1683059,Wealthcare Advisory Partners LLC
2034181,"WealthCare Asset Management, LLC"
1516450,WEALTHCARE CAPITAL MANAGEMENT LLC
2053307,"Wealthcare Capital Partners, LLC"
1908462,"WealthCare Investment Partners, LLC"
2017870,"WealthCollab, LLC"
2058455,"WEALTHEDGE INVESTMENT ADVISORS, LLC"
1763921,Wealthfront Advisers LLC
2023633,WEALTHGARDEN F.S. LLC
1774552,WealthNavi Inc.
1929986,"WealthPlan Investment Management, LLC"
1639943,"WealthPLAN Partners, LLC"
2040860,"WealthPoint Financial, LLC"
1632968,Wealthquest Corp
1729303,"WealthShield Partners, LLC"
1909805,"WEALTHSPAN PARTNERS, LLC"
1646247,"Wealthspire Advisors, LLC"
2040084,"Wealthspire Retirement, LLC"
1844495,Wealthspring Capital LLC
1961292,"WealthSpring Partners, LLC"
1602224,"Wealthstar Advisors, LLC"
2052710,WealthTrak Capital Management LLC
1867894,"WealthTrust Asset Management, LLC"
1425949,WealthTrust Axiom LLC
934745,WEATHERLY ASSET MANAGEMENT L. P.
1294588,"Weaver C. Barksdale & Associates, Inc."
1552247,Weaver Capital Management LLC
1780055,Weaver Consulting Group
1099905,WEBER CAPITAL MANAGEMENT LLC /ADV
1825309,Webs Creek Capital Management LP
1105837,"WEBSTER BANK, N. A."
1841757,"WEBSTERROGERS FINANCIAL ADVISORS, LLC"
1142495,WEDBUSH SECURITIES INC
1015308,WEDGE CAPITAL MANAGEMENT L L P/NC
1125243,WEDGEWOOD INVESTORS INC /PA/
859804,WEDGEWOOD PARTNERS INC
1904274,Wedmont Private Capital
1278793,WEIK CAPITAL MANAGEMENT
1318011,"Weil Company, Inc."
2051705,"Weinberger Asset Management, Inc"
1357550,Weiss Asset Management LP
883965,"WEITZ INVESTMENT MANAGEMENT, INC."
1846789,"Weitzel Financial Services, Inc."
105495,Welch & Forbes LLC
1042063,WELCH CAPITAL PARTNERS LLC/NY
2085141,"Welch Financial Planning, LLC"
1443095,"Welch Group, LLC"
1667132,"Well Done, LLC"
1026720,WELLCOME TRUST LTD (THE) as trustee of the WELLCOME TRUST
1533551,Wellesley Asset Management
2134013,Wellington Grp LLC
902219,WELLINGTON MANAGEMENT GROUP LLP
1506073,"Wellington Shields & Co., LLC"
1506071,"Wellington Shields Capital Management, LLC"
1940000,Wellment Financial
72971,WELLS FARGO & COMPANY/MN
1844454,Wells Financial Advisors INC
1811308,"Wellspring Financial Advisors, LLC"
1721938,Wendel SE
878228,WENDELL DAVID ASSOCIATES INC
1971029,Werba Rubin Papier Wealth Management
2000493,"Werlinich Asset Management, LLC"
2053236,Wernau Asset Management Inc.
877134,WESBANCO BANK INC
1667140,"WESCAP Management Group, Inc."
1864880,"Wescott Financial Advisory Group, LLC"
1773368,Wesleyan Assurance Society
1668188,"WESPAC Advisors SoCal, LLC"
1484540,"WESPAC Advisors, LLC"
1166928,WEST BANCORPORATION INC
1738723,West Branch Capital LLC
1568303,"West Family Investments, Inc."
1843684,"West Financial Advisors, LLC"
1909879,"WEST MICHIGAN ADVISORS, LLC"
2004720,WEST PACES ADVISORS INC.
1965819,"West Tower Group, LLC"
2109379,"West Virginia University Foundation, Inc"
1923591,"West Wealth Group, LLC"
1650092,"Westbourne Investment Advisors, Inc."
932929,"WESTBOURNE INVESTMENTS, INC."
1846644,"WestBridge Capital Management, LLC"
1838470,"WestCap Management, LLC"
1390063,"Westchester Capital Management, Inc."
1512805,"Westchester Capital Management, LLC"
946310,WESTCO ADVISORY SERVICES INC /ADV
1351731,"WestEnd Advisors, LLC"
1331997,"Westend Capital Management, LLC"
2080423,Westerkirk Capital Inc.
1546172,"WESTERLY CAPITAL MANAGEMENT, LLC"
1954480,Western Financial Corp/CA
1907320,"Western Pacific Wealth Management, LP"
2110357,"Western Reserve Capital Management, LLC"
1517666,Western Standard LLC
1767902,"Western Wealth Management, LLC"
1177719,WESTFIELD CAPITAL MANAGEMENT CO LP
2024115,"Westfuller Advisors, LLC"
1639997,"Westhampton Capital, LLC"
1759641,"WestHill Financial Advisors, Inc."
2051491,"Westmount Partners, LLC"
1483467,"Westover Capital Advisors, LLC"
719245,WESTPAC BANKING CORP
811454,WESTPORT ASSET MANAGEMENT INC
1806366,"Westshore Wealth, LLC"
1538383,"Westside Investment Management, Inc."
2073768,Westview Management dba Westview Investment Advisors
1729269,Westwind Capital
1356513,"Westwood Global Investments, LLC"
1165002,WESTWOOD HOLDINGS GROUP INC
1861125,Westwood Wealth Management
2009211,"WETZEL INVESTMENT ADVISORS, INC."
1048462,WEXFORD CAPITAL LP
1280604,WEYBOSSET RESEARCH & MANAGEMENT LLC
1821407,"WFA of San Diego, LLC"
1632574,WFM ASIA (BVI) Ltd
2059126,"WGI DM, LLC"
1387322,Whale Rock Capital Management LLC
1894447,Whalen Wealth Management Inc.
1389709,"WHALEROCK POINT PARTNERS, LLC"
1513126,"Wharton Business Group, LLC"
1998946,Wheelhouse Advisory Group LLC
2107618,"Wheels Up Wealth, Inc."
1894921,Whelan Financial
1607278,"Whetstone Capital Advisors, LLC"
2013902,WHI TRUST Co LLC
2052510,"Whipplewood Advisors, LLC"
1973849,"Whitaker-Myers Wealth Managers, LTD."
1813577,"Whitcomb & Hess, Inc."
2039300,White & Co Financial Planning Inc
1904677,"White Knight Strategic Wealth Advisors, LLC"
1727593,White Lighthouse Investment Management Inc.
776867,WHITE MOUNTAINS INSURANCE GROUP LTD
1137429,WHITE PINE CAPITAL LLC
1318259,White Pine Investment CO
2001473,White Wing Wealth Management
2042091,Whitebark Investors LP
1257391,WHITEBOX ADVISORS LLC
1884931,"Whitefort Capital Management, LP"
1667102,"Whitegate Investment Counselors, Inc."
825217,"Whitener Capital Management, Inc."
1957726,Whitford Management LLC
1137881,WHITTIER TRUST CO
1263548,WHITTIER TRUST CO OF NEVADA INC
1904388,"Wick Capital Partners, LLC"
1906640,"Widmann Financial Services, Inc."
1582384,"Wildcat Capital Management, LLC"
2079661,Wilkerson Advisory Group LLC
1276853,WILKINS INVESTMENT COUNSEL INC
2057318,"Wilkins Miller Wealth Management, LLC"
1764000,Wilkinson Global Asset Management LLC
1910961,William Allan Corp
2034054,"William B. Walkup & Associates, Inc."
1644956,"WILLIAM BLAIR INVESTMENT MANAGEMENT, LLC"
2023493,William Howard & Co Financial Advisors Inc
2096700,"William Mack & Associates, Inc."
1674705,William Marsh Rice University
1998419,"Williams & Novak, LLC"
1846923,"Williams Financial, LLC"
1788587,"Williams Jones Wealth Management, LLC."
2011965,"Williamson Legacy Group, LLC"
1310929,Willis Investment Counsel
1853239,"Willis Johnson & Associates, Inc."
1927796,"WILLNER & HELLER, LLC"
2077046,Willow Financial LLC
2059579,Wills Financial Group LLC
2052481,Wilmar Advisors LLC
900974,"Wilmington Savings Fund Society, FSB"
1598379,WILSEY ASSET MANAGEMENT INC
1616628,Wilshire Advisors LLC
1903579,"Wilson & Boucher Capital Management, LLC"
1914472,WILSON ASSET MANAGEMENT (INTERNATIONAL) PTY LTD
2042565,WIM INVESTMENT MANAGEMENT Ltd
1667019,"WIMMER ASSOCIATES 1, LLC"
1897144,"WIN ADVISORS, INC"
2064588,WINCAP FINANCIAL LLC
1585822,"Winch Advisory Services, LLC"
1657703,Wind River Trust Co
1599383,WINDACRE PARTNERSHIP LLC
1963452,"Windle Wealth, LLC"
1831132,Windmill Hill Asset Management Ltd
1739953,"Windsor Advisory Group, LLC"
1543100,"Windsor Capital Management, LLC"
1078635,WINDWARD CAPITAL MANAGEMENT CO /CA
1880817,Windward Management LP
1835866,Windward Private Wealth Management Inc.
2047728,WINEBRENNER CAPITAL MANAGEMENT LLC
2041800,"Wingate Wealth Advisors, Inc."
52234,WINMILL & CO. INC
2079687,WINNOW WEALTH LLC
1286534,WINSLOW ASSET MANAGEMENT INC
900973,"Winslow Capital Management, LLC"
2109063,"Winter & Associates, Inc."
1739043,Winthrop Advisory Group LLC
2010657,"Winthrop Capital Management, LLC"
1734109,"Winthrop Partners - WNY, LLC"
1612063,WINTON GROUP Ltd
2109460,WIREGRASS INVESTMENT MANAGEMENT LLC
926833,WISCONSIN CAPITAL MANAGEMENT LLC
2073891,"Wisconsin Wealth Advisors, LLC"
2056711,Wise Wealth Partners
2011550,Wiser Advisor Group LLC
1573263,"Wiser Wealth Management, Inc"
1777734,"Wishbone Management, LP"
2000043,WIT Partners Advisory Pte. Ltd.
1840025,"WIT, LLC"
1697790,"WITTENBERG INVESTMENT MANAGEMENT, INC."
2095682,WJ Financial Advisors LLC
1727642,"WJ Interests, LLC"
1801674,"WJ Wealth Management, LLC"
2112635,"WLTH Capital Management, LLC"
1906711,"WMG Financial Advisors, LLC"
2113632,WMS Group LLC
1803296,"WNY Asset Management, LLC"
1785988,"Wolf Hill Capital Management, LP"
1767940,Wolff Financial Management LLC
1832097,WOLFF WIESE MAGANA LLC
2047009,"Wolfstich Capital, LLC"
1835700,"Wolfswood Holdings, LLC"
1279891,WOLVERINE ASSET MANAGEMENT LLC
2107079,Womack Financial LLC
2059344,"Wood Tarver Financial Group, LLC"
771118,WOODARD & CO ASSET MANAGEMENT GROUP INC /ADV
1397960,Woodbridge Co Ltd
1165805,WOODLEY FARRA MANION PORTFOLIO MANAGEMENT INC
1784547,Woodline Partners LP
1133653,WOODMONT INVESTMENT COUNSEL LLC
2064883,Woodside Wealth Management LLC
1697848,"Woodson Capital Management, LP"
1008877,WOODSTOCK CORP
1725247,WoodTrust Financial Corp
1846177,"WOODWARD DIVERSIFIED CAPITAL, LLC"
1807878,Working Capital Advisors (UK) Ltd.
878770,"WORLD EQUITY GROUP, INC."
1652594,World Investment Advisors
1904574,"WORLDLY PARTNERS MANAGEMENT, LLC"
1745981,WORLDQUANT MILLENNIUM ADVISORS LLC
2051288,WORMSER FRERES GESTION
1927285,"Worth Asset Management, LLC"
1964358,"Worth Financial Advisory Group, LLC"
1696778,"Worth Venture Partners, LLC"
2111427,"Worthington Financial Partners, LLC"
1921448,"WorthPointe, LLC"
1697796,"WP Advisors, LLC"
2067343,"WPG Advisers, LLC"
1950118,WPWealth LLP
1266014,WRAPMANAGER INC
2023054,Wrenne Financial Planning LLC
108572,WRIGHT INVESTORS SERVICE INC
2046147,Wright Wealth LLC
877338,WS MANAGEMENT LLLP
1780365,WT Asset Management Ltd
1780507,WT Wealth Management
108634,"WULFF, HANSEN & CO."
2009900,"Wynn Capital, LLC"
1251567,WYNNEFIELD CAPITAL INC
1729300,"X-Square Capital, LLC"
1791002,"Xcel Wealth Management, LLC"
2101744,"Xena Financial Planning, LLC"
1910318,Xiamen Xinweidachuang Investment Partnership (Limited Partnership)
1800465,"XML Financial, LLC"
1756558,XN LP
1637541,XPONANCE LLC
1828301,XTX Topco Ltd
1828822,"XXEC, Inc."
2047463,"XXI WEALTH, LLC"
1933132,XY Capital Ltd
1873438,"XY Planning Network, Inc."
1772875,Y-Intercept (Hong Kong) Ltd
1870364,Y.D. More Investments Ltd
905567,YACKTMAN ASSET MANAGEMENT LP
1894044,Yahav Achim Ve Achayot - Provident Funds Management Co Ltd.
1584639,"Yakira Capital Management, Inc."
2036975,YANKCOM Partnership
2109644,"Yanni & Associates Investment Advisors, LLC"
1767686,"Yarbrough Capital, LLC"
2044323,Yardley Wealth Management LLC
1908607,"YARGER WEALTH STRATEGIES, LLC"
1755028,Yaupon Capital Management LP
1584801,"YCG, LLC"
1590495,Yelin Lapidot Holdings Management Ltd.
1469219,"YHB Investment Advisors, Inc."
1447228,"Yiheng Capital Management, L.P."
1973967,"Yoder Wealth Management, Inc."
2056336,"Yoffe Investment Management, LLC"
1738071,Yong Rong (HK) Asset Management Ltd
1289994,"York GP, Ltd."
1503466,"YORKTOWN ENERGY PARTNERS IX, L.P."
1577919,"Yorktown Energy Partners X, L.P."
1667954,"Yorktown Energy Partners XI, L.P."
1313559,Yorktown Management & Research Co Inc
1838613,"Yorkville Advisors Global, LP"
1774437,"Your Advocates Ltd., LLP"
1858789,"YOUSIF CAPITAL MANAGEMENT, LLC"
1668029,Yu Fan
2065849,"Yukon Wealth Management, Inc."
1912273,Yunqi Capital Ltd
2127787,"Z3 Capital Partners, LLC"
1086483,ZACKS INVESTMENT MANAGEMENT
2045703,"ZEGA Investments, LLC"
1808163,Zeit Capital LLC
2013334,Zeno Equity Partners LLP
1276918,ZEVENBERGEN CAPITAL INVESTMENTS LLC
1394096,ZEVIN ASSET MANAGEMENT LLC
1776290,Zhang Financial LLC
1565854,"Zimmer Partners, LP"
2073676,"Zinnia Wealth Advisory, LLC"
109380,"ZIONS BANCORPORATION, NATIONAL ASSOCIATION /UT/"
1423296,"Zuckerman Investment Group, LLC"
1909760,"Zullo Investment Group, Inc."
1368163,Zurcher Kantonalbank (Zurich Cantonalbank)
1127799,Zurich Insurance Group Ltd/FI
1533950,Zweig-DiMenna Associates LLC
842782,ZWJ INVESTMENT COUNSEL INC
2031137,ZynergyRetirementPlanningLLC
